date,amfi_code,scheme_name,daily_return,rolling_sharpe_90d
2022-01-03,100033,HDFC Mid-Cap Opportunities Fund - Regular - Growth,,
2022-01-04,100033,HDFC Mid-Cap Opportunities Fund - Regular - Growth,-0.013327956578670475,
2022-01-05,100033,HDFC Mid-Cap Opportunities Fund - Regular - Growth,-0.0043862505627935144,
2022-01-06,100033,HDFC Mid-Cap Opportunities Fund - Regular - Growth,-0.005166856276071274,
2022-01-07,100033,HDFC Mid-Cap Opportunities Fund - Regular - Growth,-0.005748320388812123,
2022-01-10,100033,HDFC Mid-Cap Opportunities Fund - Regular - Growth,0.006277089056260898,
2022-01-11,100033,HDFC Mid-Cap Opportunities Fund - Regular - Growth,0.0016221102292004463,
2022-01-12,100033,HDFC Mid-Cap Opportunities Fund - Regular - Growth,-0.002770143689911242,
2022-01-13,100033,HDFC Mid-Cap Opportunities Fund - Regular - Growth,0.0028693843649543194,
2022-01-14,100033,HDFC Mid-Cap Opportunities Fund - Regular - Growth,-0.011130910384095416,
2022-01-17,100033,HDFC Mid-Cap Opportunities Fund - Regular - Growth,0.0019366129466518167,
2022-01-18,100033,HDFC Mid-Cap Opportunities Fund - Regular - Growth,0.002479908327846836,
2022-01-19,100033,HDFC Mid-Cap Opportunities Fund - Regular - Growth,-0.017166112365230024,
2022-01-20,100033,HDFC Mid-Cap Opportunities Fund - Regular - Growth,0.01267159348039737,
2022-01-21,100033,HDFC Mid-Cap Opportunities Fund - Regular - Growth,-0.009826516203748303,
2022-01-24,100033,HDFC Mid-Cap Opportunities Fund - Regular - Growth,0.0017573002273125748,
2022-01-25,100033,HDFC Mid-Cap Opportunities Fund - Regular - Growth,0.014718360325398194,
2022-01-26,100033,HDFC Mid-Cap Opportunities Fund - Regular - Growth,0.011823315402133217,
2022-01-27,100033,HDFC Mid-Cap Opportunities Fund - Regular - Growth,0.0010861567900384284,
2022-01-28,100033,HDFC Mid-Cap Opportunities Fund - Regular - Growth,-0.0036577921728720986,
2022-01-31,100033,HDFC Mid-Cap Opportunities Fund - Regular - Growth,0.012088419888414581,
2022-02-01,100033,HDFC Mid-Cap Opportunities Fund - Regular - Growth,0.008788212773362725,
2022-02-02,100033,HDFC Mid-Cap Opportunities Fund - Regular - Growth,-0.006703697142767084,
2022-02-03,100033,HDFC Mid-Cap Opportunities Fund - Regular - Growth,-0.008801260150721357,
2022-02-04,100033,HDFC Mid-Cap Opportunities Fund - Regular - Growth,-0.023839511208536113,
2022-02-07,100033,HDFC Mid-Cap Opportunities Fund - Regular - Growth,0.002520627261761277,
2022-02-08,100033,HDFC Mid-Cap Opportunities Fund - Regular - Growth,-0.00031476750521253205,
2022-02-09,100033,HDFC Mid-Cap Opportunities Fund - Regular - Growth,0.014376020066728668,
2022-02-10,100033,HDFC Mid-Cap Opportunities Fund - Regular - Growth,0.004984503519338546,
2022-02-11,100033,HDFC Mid-Cap Opportunities Fund - Regular - Growth,0.016782593254470513,
2022-02-14,100033,HDFC Mid-Cap Opportunities Fund - Regular - Growth,-0.007642473088313451,
2022-02-15,100033,HDFC Mid-Cap Opportunities Fund - Regular - Growth,0.014400092861549307,
2022-02-16,100033,HDFC Mid-Cap Opportunities Fund - Regular - Growth,-0.00564024952936415,
2022-02-17,100033,HDFC Mid-Cap Opportunities Fund - Regular - Growth,0.010031293850368606,
2022-02-18,100033,HDFC Mid-Cap Opportunities Fund - Regular - Growth,-0.016644660615232176,
2022-02-21,100033,HDFC Mid-Cap Opportunities Fund - Regular - Growth,0.0034946020545270073,
2022-02-22,100033,HDFC Mid-Cap Opportunities Fund - Regular - Growth,-0.022815518612390395,
2022-02-23,100033,HDFC Mid-Cap Opportunities Fund - Regular - Growth,-0.0025193933255134304,
2022-02-24,100033,HDFC Mid-Cap Opportunities Fund - Regular - Growth,0.005962849214044441,
2022-02-25,100033,HDFC Mid-Cap Opportunities Fund - Regular - Growth,-0.005545758681628876,
2022-02-28,100033,HDFC Mid-Cap Opportunities Fund - Regular - Growth,-0.011827539086932348,
2022-03-01,100033,HDFC Mid-Cap Opportunities Fund - Regular - Growth,0.0108607105894587,
2022-03-02,100033,HDFC Mid-Cap Opportunities Fund - Regular - Growth,-0.0005640157924421407,
2022-03-03,100033,HDFC Mid-Cap Opportunities Fund - Regular - Growth,-0.005170830623254408,
2022-03-04,100033,HDFC Mid-Cap Opportunities Fund - Regular - Growth,0.001176839340277791,
2022-03-07,100033,HDFC Mid-Cap Opportunities Fund - Regular - Growth,0.032757193425897224,
2022-03-08,100033,HDFC Mid-Cap Opportunities Fund - Regular - Growth,0.0145860919762546,
2022-03-09,100033,HDFC Mid-Cap Opportunities Fund - Regular - Growth,0.014696258984102206,
2022-03-10,100033,HDFC Mid-Cap Opportunities Fund - Regular - Growth,0.005905364234881194,
2022-03-11,100033,HDFC Mid-Cap Opportunities Fund - Regular - Growth,0.002670457147423866,
2022-03-14,100033,HDFC Mid-Cap Opportunities Fund - Regular - Growth,-0.0276149630901964,
2022-03-15,100033,HDFC Mid-Cap Opportunities Fund - Regular - Growth,-0.007424905945358495,
2022-03-16,100033,HDFC Mid-Cap Opportunities Fund - Regular - Growth,-0.0050642871259660716,
2022-03-17,100033,HDFC Mid-Cap Opportunities Fund - Regular - Growth,-0.02153065649524144,
2022-03-18,100033,HDFC Mid-Cap Opportunities Fund - Regular - Growth,-0.01309190448323383,
2022-03-21,100033,HDFC Mid-Cap Opportunities Fund - Regular - Growth,-0.022770512099912876,
2022-03-22,100033,HDFC Mid-Cap Opportunities Fund - Regular - Growth,0.00021642797000454017,
2022-03-23,100033,HDFC Mid-Cap Opportunities Fund - Regular - Growth,0.0105285726847959,
2022-03-24,100033,HDFC Mid-Cap Opportunities Fund - Regular - Growth,0.014018942879016505,
2022-03-25,100033,HDFC Mid-Cap Opportunities Fund - Regular - Growth,0.005655208722038507,
2022-03-28,100033,HDFC Mid-Cap Opportunities Fund - Regular - Growth,-0.010797133548489768,
2022-03-29,100033,HDFC Mid-Cap Opportunities Fund - Regular - Growth,-0.02220023049313713,
2022-03-30,100033,HDFC Mid-Cap Opportunities Fund - Regular - Growth,-0.020147760153925942,
2022-03-31,100033,HDFC Mid-Cap Opportunities Fund - Regular - Growth,-0.014408096536877135,
2022-04-01,100033,HDFC Mid-Cap Opportunities Fund - Regular - Growth,-0.009914496576783782,
2022-04-04,100033,HDFC Mid-Cap Opportunities Fund - Regular - Growth,-0.0012368192699137026,
2022-04-05,100033,HDFC Mid-Cap Opportunities Fund - Regular - Growth,-0.011398433429038235,
2022-04-06,100033,HDFC Mid-Cap Opportunities Fund - Regular - Growth,0.0047427700843241105,
2022-04-07,100033,HDFC Mid-Cap Opportunities Fund - Regular - Growth,-0.0021036373174601053,
2022-04-08,100033,HDFC Mid-Cap Opportunities Fund - Regular - Growth,0.0008011301695149964,
2022-04-11,100033,HDFC Mid-Cap Opportunities Fund - Regular - Growth,0.014425541978055234,
2022-04-12,100033,HDFC Mid-Cap Opportunities Fund - Regular - Growth,-0.013361156612189173,
2022-04-13,100033,HDFC Mid-Cap Opportunities Fund - Regular - Growth,0.0057020446440612105,
2022-04-14,100033,HDFC Mid-Cap Opportunities Fund - Regular - Growth,0.0005073012922669484,
2022-04-15,100033,HDFC Mid-Cap Opportunities Fund - Regular - Growth,-0.003311371813960573,
2022-04-18,100033,HDFC Mid-Cap Opportunities Fund - Regular - Growth,0.011333807312766009,
2022-04-19,100033,HDFC Mid-Cap Opportunities Fund - Regular - Growth,0.011258331392004717,
2022-04-20,100033,HDFC Mid-Cap Opportunities Fund - Regular - Growth,-0.010596831143837915,
2022-04-21,100033,HDFC Mid-Cap Opportunities Fund - Regular - Growth,-0.0015051738419125105,
2022-04-22,100033,HDFC Mid-Cap Opportunities Fund - Regular - Growth,0.004048737555342408,
2022-04-25,100033,HDFC Mid-Cap Opportunities Fund - Regular - Growth,-0.002589621987123758,
2022-04-26,100033,HDFC Mid-Cap Opportunities Fund - Regular - Growth,0.007706612953909842,
2022-04-27,100033,HDFC Mid-Cap Opportunities Fund - Regular - Growth,0.004047746849679124,
2022-04-28,100033,HDFC Mid-Cap Opportunities Fund - Regular - Growth,0.022865807090182155,
2022-04-29,100033,HDFC Mid-Cap Opportunities Fund - Regular - Growth,-0.017485507556578517,
2022-05-02,100033,HDFC Mid-Cap Opportunities Fund - Regular - Growth,-0.0007913468601969953,
2022-05-03,100033,HDFC Mid-Cap Opportunities Fund - Regular - Growth,-0.010146591167212948,
2022-05-04,100033,HDFC Mid-Cap Opportunities Fund - Regular - Growth,0.007936377848213994,
2022-05-05,100033,HDFC Mid-Cap Opportunities Fund - Regular - Growth,-0.018508260619889527,
2022-05-06,100033,HDFC Mid-Cap Opportunities Fund - Regular - Growth,0.004831853366815908,
2022-05-09,100033,HDFC Mid-Cap Opportunities Fund - Regular - Growth,-0.006842955208529844,-1.5557358336151053
2022-05-10,100033,HDFC Mid-Cap Opportunities Fund - Regular - Growth,-0.008080307066195891,-1.4820498363191554
2022-05-11,100033,HDFC Mid-Cap Opportunities Fund - Regular - Growth,-0.01650043832394954,-1.651757242718251
2022-05-12,100033,HDFC Mid-Cap Opportunities Fund - Regular - Growth,-0.004880119045972853,-1.6475603846078062
2022-05-13,100033,HDFC Mid-Cap Opportunities Fund - Regular - Growth,0.013749087438124752,-1.340968796344651
2022-05-16,100033,HDFC Mid-Cap Opportunities Fund - Regular - Growth,0.00037325393076459434,-1.432745060360617
2022-05-17,100033,HDFC Mid-Cap Opportunities Fund - Regular - Growth,0.008220116571982627,-1.3290645739265157
2022-05-18,100033,HDFC Mid-Cap Opportunities Fund - Regular - Growth,0.02081292619769215,-0.9568793125918176
2022-05-19,100033,HDFC Mid-Cap Opportunities Fund - Regular - Growth,0.0038382841190480743,-0.9423039284142469
2022-05-20,100033,HDFC Mid-Cap Opportunities Fund - Regular - Growth,-0.005995556126852319,-0.8693851141011528
2022-05-23,100033,HDFC Mid-Cap Opportunities Fund - Regular - Growth,0.006287274888156169,-0.8037539897459642
2022-05-24,100033,HDFC Mid-Cap Opportunities Fund - Regular - Growth,-0.005823707896682739,-0.9257040930684426
2022-05-25,100033,HDFC Mid-Cap Opportunities Fund - Regular - Growth,-0.005347955661108017,-0.7589020022081898
2022-05-26,100033,HDFC Mid-Cap Opportunities Fund - Regular - Growth,-0.01736472102579334,-1.20174142080159
2022-05-27,100033,HDFC Mid-Cap Opportunities Fund - Regular - Growth,0.011830388069477227,-0.8776405386432113
2022-05-30,100033,HDFC Mid-Cap Opportunities Fund - Regular - Growth,-0.003937812439379518,-0.961730936896741
2022-05-31,100033,HDFC Mid-Cap Opportunities Fund - Regular - Growth,0.0028588062166798878,-1.147517448787853
2022-06-01,100033,HDFC Mid-Cap Opportunities Fund - Regular - Growth,-0.01165601867621524,-1.5010423496706715
2022-06-02,100033,HDFC Mid-Cap Opportunities Fund - Regular - Growth,0.00590935072795129,-1.4263504112966985
2022-06-03,100033,HDFC Mid-Cap Opportunities Fund - Regular - Growth,-0.00840979551588994,-1.494478225397725
2022-06-06,100033,HDFC Mid-Cap Opportunities Fund - Regular - Growth,-0.0010207682624291392,-1.7019158849784928
2022-06-07,100033,HDFC Mid-Cap Opportunities Fund - Regular - Growth,0.01124414224794279,-1.6613190007378718
2022-06-08,100033,HDFC Mid-Cap Opportunities Fund - Regular - Growth,0.010191046936377068,-1.4027834966414443
2022-06-09,100033,HDFC Mid-Cap Opportunities Fund - Regular - Growth,0.0004108378614959829,-1.2683752845779481
2022-06-10,100033,HDFC Mid-Cap Opportunities Fund - Regular - Growth,-0.020279626476809587,-1.2225966866566238
2022-06-13,100033,HDFC Mid-Cap Opportunities Fund - Regular - Growth,0.03716919291919085,-0.663755356511591
2022-06-14,100033,HDFC Mid-Cap Opportunities Fund - Regular - Growth,0.021804692989760177,-0.34268612571049417
2022-06-15,100033,HDFC Mid-Cap Opportunities Fund - Regular - Growth,0.00936834479324955,-0.4145232907062892
2022-06-16,100033,HDFC Mid-Cap Opportunities Fund - Regular - Growth,-0.00830570017564447,-0.6005179932763941
2022-06-17,100033,HDFC Mid-Cap Opportunities Fund - Regular - Growth,-0.0006850321468708787,-0.8548275296825507
2022-06-20,100033,HDFC Mid-Cap Opportunities Fund - Regular - Growth,-0.005812856038674208,-0.8295444458798307
2022-06-21,100033,HDFC Mid-Cap Opportunities Fund - Regular - Growth,0.0159276754227744,-0.8064427404957992
2022-06-22,100033,HDFC Mid-Cap Opportunities Fund - Regular - Growth,0.0038233413662518423,-0.6724830616157681
2022-06-23,100033,HDFC Mid-Cap Opportunities Fund - Regular - Growth,-0.008672884961544836,-0.9392773277602501
2022-06-24,100033,HDFC Mid-Cap Opportunities Fund - Regular - Growth,-0.004948175619708062,-0.7799462975067927
2022-06-27,100033,HDFC Mid-Cap Opportunities Fund - Regular - Growth,0.014194182858505267,-0.6220729703125745
2022-06-28,100033,HDFC Mid-Cap Opportunities Fund - Regular - Growth,0.020024114346272937,-0.013008652333512378
2022-06-29,100033,HDFC Mid-Cap Opportunities Fund - Regular - Growth,0.01914802292654305,0.29238164653403925
2022-06-30,100033,HDFC Mid-Cap Opportunities Fund - Regular - Growth,0.009782786892968742,0.3454721402323366
2022-07-01,100033,HDFC Mid-Cap Opportunities Fund - Regular - Growth,-0.002346657808772079,0.39082160922809056
2022-07-04,100033,HDFC Mid-Cap Opportunities Fund - Regular - Growth,-0.03740476720456565,0.029609604190552852
2022-07-05,100033,HDFC Mid-Cap Opportunities Fund - Regular - Growth,0.004240071198995832,-0.05979091151296045
2022-07-06,100033,HDFC Mid-Cap Opportunities Fund - Regular - Growth,0.0006530623302036798,-0.043338074194666024
2022-07-07,100033,HDFC Mid-Cap Opportunities Fund - Regular - Growth,0.002352390630272483,0.058401626297917696
2022-07-08,100033,HDFC Mid-Cap Opportunities Fund - Regular - Growth,0.0013205363171602258,0.060344795930204115
2022-07-11,100033,HDFC Mid-Cap Opportunities Fund - Regular - Growth,-0.015083775741304262,-0.6043687852521901
2022-07-12,100033,HDFC Mid-Cap Opportunities Fund - Regular - Growth,0.007372768876704239,-0.7090000063225427
2022-07-13,100033,HDFC Mid-Cap Opportunities Fund - Regular - Growth,0.008276137944694284,-0.8034025781573798
2022-07-14,100033,HDFC Mid-Cap Opportunities Fund - Regular - Growth,0.008880346431731967,-0.7601827924762207
2022-07-15,100033,HDFC Mid-Cap Opportunities Fund - Regular - Growth,0.012076033578474643,-0.6245535573397683
2022-07-18,100033,HDFC Mid-Cap Opportunities Fund - Regular - Growth,0.007936081301687103,-0.1302460502185959
2022-07-19,100033,HDFC Mid-Cap Opportunities Fund - Regular - Growth,-0.004223578308360398,-0.08445005711216653
2022-07-20,100033,HDFC Mid-Cap Opportunities Fund - Regular - Growth,-0.00017383166329654198,-0.014231755894524507
2022-07-21,100033,HDFC Mid-Cap Opportunities Fund - Regular - Growth,0.0017668126793244365,0.3263822318850469
2022-07-22,100033,HDFC Mid-Cap Opportunities Fund - Regular - Growth,0.0019653958982797093,0.550477941582189
2022-07-25,100033,HDFC Mid-Cap Opportunities Fund - Regular - Growth,0.01270273155075019,1.090344963289335
2022-07-26,100033,HDFC Mid-Cap Opportunities Fund - Regular - Growth,0.008413422645050517,1.2102747671959655
2022-07-27,100033,HDFC Mid-Cap Opportunities Fund - Regular - Growth,0.02586675590558407,1.4096850994078387
2022-07-28,100033,HDFC Mid-Cap Opportunities Fund - Regular - Growth,0.027454201290890046,1.5745027796868978
2022-07-29,100033,HDFC Mid-Cap Opportunities Fund - Regular - Growth,0.0016292099158254914,1.5178850392563994
2022-08-01,100033,HDFC Mid-Cap Opportunities Fund - Regular - Growth,-0.04423756632595455,0.9714614842242303
2022-08-02,100033,HDFC Mid-Cap Opportunities Fund - Regular - Growth,0.015598280890811056,1.495012948985804
2022-08-03,100033,HDFC Mid-Cap Opportunities Fund - Regular - Growth,-0.005775956240153146,1.71363101628933
2022-08-04,100033,HDFC Mid-Cap Opportunities Fund - Regular - Growth,-0.008878942409705548,1.7986326937044543
2022-08-05,100033,HDFC Mid-Cap Opportunities Fund - Regular - Growth,-0.004085657164336065,1.8857014538790182
2022-08-08,100033,HDFC Mid-Cap Opportunities Fund - Regular - Growth,-0.004660347119281982,1.8362470373058444
2022-08-09,100033,HDFC Mid-Cap Opportunities Fund - Regular - Growth,0.008034423824099912,2.1149912638965747
2022-08-10,100033,HDFC Mid-Cap Opportunities Fund - Regular - Growth,-0.017828878385278912,1.7780336649928554
2022-08-11,100033,HDFC Mid-Cap Opportunities Fund - Regular - Growth,-0.012150400757850455,1.6303981063010304
2022-08-12,100033,HDFC Mid-Cap Opportunities Fund - Regular - Growth,0.004793888097035293,1.6843242312739015
2022-08-15,100033,HDFC Mid-Cap Opportunities Fund - Regular - Growth,0.008163573443734418,1.6055191056359575
2022-08-16,100033,HDFC Mid-Cap Opportunities Fund - Regular - Growth,0.008387754045498852,1.915088322139929
2022-08-17,100033,HDFC Mid-Cap Opportunities Fund - Regular - Growth,-0.008707618203304235,1.7111645579015984
2022-08-18,100033,HDFC Mid-Cap Opportunities Fund - Regular - Growth,-0.01097319728356716,1.5452295823432398
2022-08-19,100033,HDFC Mid-Cap Opportunities Fund - Regular - Growth,-0.005374946465608099,1.515791116856344
2022-08-22,100033,HDFC Mid-Cap Opportunities Fund - Regular - Growth,0.0035518935597720347,1.413979832584703
2022-08-23,100033,HDFC Mid-Cap Opportunities Fund - Regular - Growth,0.018625941040024907,1.5047730518775497
2022-08-24,100033,HDFC Mid-Cap Opportunities Fund - Regular - Growth,-0.02354968831565385,1.3076166259089743
2022-08-25,100033,HDFC Mid-Cap Opportunities Fund - Regular - Growth,-0.001964751269647569,1.3013384288924839
2022-08-26,100033,HDFC Mid-Cap Opportunities Fund - Regular - Growth,-0.015160065910047482,1.0351227212559133
2022-08-29,100033,HDFC Mid-Cap Opportunities Fund - Regular - Growth,-0.018919815018178188,0.8080363762945839
2022-08-30,100033,HDFC Mid-Cap Opportunities Fund - Regular - Growth,0.0123234793684035,0.8664501167484472
2022-08-31,100033,HDFC Mid-Cap Opportunities Fund - Regular - Growth,0.007218976588015513,0.90718522329749
2022-09-01,100033,HDFC Mid-Cap Opportunities Fund - Regular - Growth,0.00607232184167894,0.6971530284155945
2022-09-02,100033,HDFC Mid-Cap Opportunities Fund - Regular - Growth,0.0117666549869746,1.0936095827144359
2022-09-05,100033,HDFC Mid-Cap Opportunities Fund - Regular - Growth,-0.005054516503640971,1.0354343041466936
2022-09-06,100033,HDFC Mid-Cap Opportunities Fund - Regular - Growth,-0.004492817639842439,1.11441237163249
2022-09-07,100033,HDFC Mid-Cap Opportunities Fund - Regular - Growth,0.027198280653648155,1.3452741473837413
2022-09-08,100033,HDFC Mid-Cap Opportunities Fund - Regular - Growth,-0.0022735702545233494,1.5774065867259894
2022-09-09,100033,HDFC Mid-Cap Opportunities Fund - Regular - Growth,0.009518282388998767,1.636902855928328
2022-09-12,100033,HDFC Mid-Cap Opportunities Fund - Regular - Growth,0.0007511975080078948,1.7415287076904755
2022-09-13,100033,HDFC Mid-Cap Opportunities Fund - Regular - Growth,-0.02121870601039133,1.5459505454153262
2022-09-14,100033,HDFC Mid-Cap Opportunities Fund - Regular - Growth,-0.02351627519751598,1.440461519432413
2022-09-15,100033,HDFC Mid-Cap Opportunities Fund - Regular - Growth,-0.006235958292528432,1.4220165794980706
2022-09-16,100033,HDFC Mid-Cap Opportunities Fund - Regular - Growth,0.013404248124477824,1.4179006364857254
2022-09-19,100033,HDFC Mid-Cap Opportunities Fund - Regular - Growth,0.01016093711716537,1.5415566355660295
2022-09-20,100033,HDFC Mid-Cap Opportunities Fund - Regular - Growth,0.011682964050748534,1.5836315602491138
2022-09-21,100033,HDFC Mid-Cap Opportunities Fund - Regular - Growth,-0.011077880062241308,1.1788868585105527
2022-09-22,100033,HDFC Mid-Cap Opportunities Fund - Regular - Growth,0.020216379691740505,1.3775237701635303
2022-09-23,100033,HDFC Mid-Cap Opportunities Fund - Regular - Growth,-0.010815413975989174,1.3116756449962028
2022-09-26,100033,HDFC Mid-Cap Opportunities Fund - Regular - Growth,0.0032276608572510135,1.2731406509164591
2022-09-27,100033,HDFC Mid-Cap Opportunities Fund - Regular - Growth,0.0005506546361206954,1.3572040770912142
2022-09-28,100033,HDFC Mid-Cap Opportunities Fund - Regular - Growth,-0.0014052124161552104,1.4095897941383344
2022-09-29,100033,HDFC Mid-Cap Opportunities Fund - Regular - Growth,0.016835921107847263,1.8576293039505145
2022-09-30,100033,HDFC Mid-Cap Opportunities Fund - Regular - Growth,-0.007734747854923563,1.605177088606641
2022-10-03,100033,HDFC Mid-Cap Opportunities Fund - Regular - Growth,-0.015359945284989407,1.4461169880022215
2022-10-04,100033,HDFC Mid-Cap Opportunities Fund - Regular - Growth,0.0009151913313076854,1.421211377544085
2022-10-05,100033,HDFC Mid-Cap Opportunities Fund - Regular - Growth,-0.0041028728550180915,1.524737993271711
2022-10-06,100033,HDFC Mid-Cap Opportunities Fund - Regular - Growth,0.0419539131278186,1.9000972136211585
2022-10-07,100033,HDFC Mid-Cap Opportunities Fund - Regular - Growth,0.00881063240620894,2.1157546242102003
2022-10-10,100033,HDFC Mid-Cap Opportunities Fund - Regular - Growth,-0.004215890125267241,2.074633279500085
2022-10-11,100033,HDFC Mid-Cap Opportunities Fund - Regular - Growth,-0.011894233892044248,1.7842974229470823
2022-10-12,100033,HDFC Mid-Cap Opportunities Fund - Regular - Growth,-0.021593770884054453,1.375947788112603
2022-10-13,100033,HDFC Mid-Cap Opportunities Fund - Regular - Growth,-0.011529775015842847,1.2254487102896026
2022-10-14,100033,HDFC Mid-Cap Opportunities Fund - Regular - Growth,0.002052307480848947,1.5145899234483549
2022-10-17,100033,HDFC Mid-Cap Opportunities Fund - Regular - Growth,0.017917153247983153,1.3151590093216627
2022-10-18,100033,HDFC Mid-Cap Opportunities Fund - Regular - Growth,0.01419974710882621,1.2283308926543959
2022-10-19,100033,HDFC Mid-Cap Opportunities Fund - Regular - Growth,0.0034226535803176805,1.1549212527243091
2022-10-20,100033,HDFC Mid-Cap Opportunities Fund - Regular - Growth,-0.003187873203363667,1.2225651210799318
2022-10-21,100033,HDFC Mid-Cap Opportunities Fund - Regular - Growth,0.0038995506327443863,1.280873618948106
2022-10-24,100033,HDFC Mid-Cap Opportunities Fund - Regular - Growth,-0.005518462697131743,1.2847795259691033
2022-10-25,100033,HDFC Mid-Cap Opportunities Fund - Regular - Growth,0.02146909955180809,1.3477901676049155
2022-10-26,100033,HDFC Mid-Cap Opportunities Fund - Regular - Growth,-0.0015889641488291417,1.2791231115341082
2022-10-27,100033,HDFC Mid-Cap Opportunities Fund - Regular - Growth,-0.0003583316578423812,1.388406883713377
2022-10-28,100033,HDFC Mid-Cap Opportunities Fund - Regular - Growth,-0.025515029400880018,1.1053227795674168
2022-10-31,100033,HDFC Mid-Cap Opportunities Fund - Regular - Growth,-0.0016631028747920995,0.9118458865640571
2022-11-01,100033,HDFC Mid-Cap Opportunities Fund - Regular - Growth,0.010743183518052701,0.8016908045528924
2022-11-02,100033,HDFC Mid-Cap Opportunities Fund - Regular - Growth,-0.012031708802647367,0.40997218010112235
2022-11-03,100033,HDFC Mid-Cap Opportunities Fund - Regular - Growth,-0.008275862068965467,0.18064418362348186
2022-11-04,100033,HDFC Mid-Cap Opportunities Fund - Regular - Growth,0.010214505544261954,0.33938731616116086
2022-11-07,100033,HDFC Mid-Cap Opportunities Fund - Regular - Growth,-0.016856326748041384,0.6206000254891574
2022-11-08,100033,HDFC Mid-Cap Opportunities Fund - Regular - Growth,0.01342535805470102,0.7375950473222289
2022-11-09,100033,HDFC Mid-Cap Opportunities Fund - Regular - Growth,-0.005678424200411536,0.6541576015850779
2022-11-10,100033,HDFC Mid-Cap Opportunities Fund - Regular - Growth,-0.00396885731026253,0.5714494525295628
2022-11-11,100033,HDFC Mid-Cap Opportunities Fund - Regular - Growth,-0.012695847880659028,0.38678363184189835
2022-11-14,100033,HDFC Mid-Cap Opportunities Fund - Regular - Growth,0.005213405522815906,0.6542457415111698
2022-11-15,100033,HDFC Mid-Cap Opportunities Fund - Regular - Growth,0.030574242419979525,0.9329821289095622
2022-11-16,100033,HDFC Mid-Cap Opportunities Fund - Regular - Growth,0.010078654456403324,0.9550735958679094
2022-11-17,100033,HDFC Mid-Cap Opportunities Fund - Regular - Growth,-0.00962311204650379,0.7190235179264888
2022-11-18,100033,HDFC Mid-Cap Opportunities Fund - Regular - Growth,0.014368874806572896,0.7468796930977859
2022-11-21,100033,HDFC Mid-Cap Opportunities Fund - Regular - Growth,-0.003110185588755976,0.6075834644663595
2022-11-22,100033,HDFC Mid-Cap Opportunities Fund - Regular - Growth,0.017272741993814122,0.8739623110897752
2022-11-23,100033,HDFC Mid-Cap Opportunities Fund - Regular - Growth,0.010383116756781607,1.004354652328433
2022-11-24,100033,HDFC Mid-Cap Opportunities Fund - Regular - Growth,-0.033961798447115554,0.5373654706068071
2022-11-25,100033,HDFC Mid-Cap Opportunities Fund - Regular - Growth,-0.011278253392853377,0.37503562109132527
2022-11-28,100033,HDFC Mid-Cap Opportunities Fund - Regular - Growth,0.012049274743440863,0.3672737370601735
2022-11-29,100033,HDFC Mid-Cap Opportunities Fund - Regular - Growth,0.0024927156203538026,0.29600848711870603
2022-11-30,100033,HDFC Mid-Cap Opportunities Fund - Regular - Growth,-0.011511320292890703,-0.15993349482927796
2022-12-01,100033,HDFC Mid-Cap Opportunities Fund - Regular - Growth,-0.006884887603181955,-0.5947320426778117
2022-12-02,100033,HDFC Mid-Cap Opportunities Fund - Regular - Growth,-0.02189824002590879,-0.8792675890616949
2022-12-05,100033,HDFC Mid-Cap Opportunities Fund - Regular - Growth,-0.00038284623126927375,-0.3544068315473201
2022-12-06,100033,HDFC Mid-Cap Opportunities Fund - Regular - Growth,0.027505850756998962,-0.1949908271084814
2022-12-07,100033,HDFC Mid-Cap Opportunities Fund - Regular - Growth,0.010361631375393365,0.013454945617333895
2022-12-08,100033,HDFC Mid-Cap Opportunities Fund - Regular - Growth,0.027256403260616402,0.47014190436264647
2022-12-09,100033,HDFC Mid-Cap Opportunities Fund - Regular - Growth,0.011299774022167197,0.6628666666459117
2022-12-12,100033,HDFC Mid-Cap Opportunities Fund - Regular - Growth,0.013056418140428905,0.8831303769610098
2022-12-13,100033,HDFC Mid-Cap Opportunities Fund - Regular - Growth,0.024599786231113363,1.0757038135544252
2022-12-14,100033,HDFC Mid-Cap Opportunities Fund - Regular - Growth,0.005204143476663647,1.3740435759145784
2022-12-15,100033,HDFC Mid-Cap Opportunities Fund - Regular - Growth,-0.0015654529945977602,1.5137899414505185
2022-12-16,100033,HDFC Mid-Cap Opportunities Fund - Regular - Growth,0.013119499341679886,1.6126242102252633
2022-12-19,100033,HDFC Mid-Cap Opportunities Fund - Regular - Growth,0.01823973307143123,1.7272845299308377
2022-12-20,100033,HDFC Mid-Cap Opportunities Fund - Regular - Growth,-0.005057340613392358,1.5602792717593752
2022-12-21,100033,HDFC Mid-Cap Opportunities Fund - Regular - Growth,-0.00793017399379492,1.5706142008168915
2022-12-22,100033,HDFC Mid-Cap Opportunities Fund - Regular - Growth,0.0023393390626851307,1.7438354243598586
2022-12-23,100033,HDFC Mid-Cap Opportunities Fund - Regular - Growth,0.010683816795396428,1.9427771522196762
2022-12-26,100033,HDFC Mid-Cap Opportunities Fund - Regular - Growth,0.010279386582071615,2.0228474643248746
2022-12-27,100033,HDFC Mid-Cap Opportunities Fund - Regular - Growth,-0.016237881263507115,1.5870218806512768
2022-12-28,100033,HDFC Mid-Cap Opportunities Fund - Regular - Growth,0.02383405212381562,2.186060256183464
2022-12-29,100033,HDFC Mid-Cap Opportunities Fund - Regular - Growth,-0.006974827265103345,2.1195848901167498
2022-12-30,100033,HDFC Mid-Cap Opportunities Fund - Regular - Growth,-0.0024950179994857047,2.295383974933145
2023-01-02,100033,HDFC Mid-Cap Opportunities Fund - Regular - Growth,-0.010078340549793618,2.4270169435425792
2023-01-03,100033,HDFC Mid-Cap Opportunities Fund - Regular - Growth,0.033520389563043596,2.6297574332323785
2023-01-04,100033,HDFC Mid-Cap Opportunities Fund - Regular - Growth,0.003578582361722704,2.58630136527507
2023-01-05,100033,HDFC Mid-Cap Opportunities Fund - Regular - Growth,-0.009465707307620086,2.385848492356205
2023-01-06,100033,HDFC Mid-Cap Opportunities Fund - Regular - Growth,0.01107532775303044,2.378156071817145
2023-01-09,100033,HDFC Mid-Cap Opportunities Fund - Regular - Growth,0.009929346919238968,2.5626802468789998
2023-01-10,100033,HDFC Mid-Cap Opportunities Fund - Regular - Growth,-0.0015707488554863591,2.600987079617416
2023-01-11,100033,HDFC Mid-Cap Opportunities Fund - Regular - Growth,0.010793454472567188,2.4354934864720943
2023-01-12,100033,HDFC Mid-Cap Opportunities Fund - Regular - Growth,-0.009160977724351316,2.3419188587761464
2023-01-13,100033,HDFC Mid-Cap Opportunities Fund - Regular - Growth,-0.005211213961523242,2.157981108226989
2023-01-16,100033,HDFC Mid-Cap Opportunities Fund - Regular - Growth,-0.023114802035206772,1.827775906089156
2023-01-17,100033,HDFC Mid-Cap Opportunities Fund - Regular - Growth,-0.015056889386980243,1.916358601758585
2023-01-18,100033,HDFC Mid-Cap Opportunities Fund - Regular - Growth,0.02256063809699005,2.502399347940406
2023-01-19,100033,HDFC Mid-Cap Opportunities Fund - Regular - Growth,0.020528516980686362,2.815727160360162
2023-01-20,100033,HDFC Mid-Cap Opportunities Fund - Regular - Growth,0.0014631202826214107,2.6768310926441248
2023-01-23,100033,HDFC Mid-Cap Opportunities Fund - Regular - Growth,0.02079108645465877,2.787366363014226
2023-01-24,100033,HDFC Mid-Cap Opportunities Fund - Regular - Growth,-0.0012405477553909527,2.6334049998122167
2023-01-25,100033,HDFC Mid-Cap Opportunities Fund - Regular - Growth,-0.0022362158967569323,2.7546820568638464
2023-01-26,100033,HDFC Mid-Cap Opportunities Fund - Regular - Growth,0.0013523598832427819,2.543400473446578
2023-01-27,100033,HDFC Mid-Cap Opportunities Fund - Regular - Growth,-0.0008206736680229643,2.6807094113837175
2023-01-30,100033,HDFC Mid-Cap Opportunities Fund - Regular - Growth,-0.0018986999391227277,2.6150309534882124
2023-01-31,100033,HDFC Mid-Cap Opportunities Fund - Regular - Growth,0.014462761023981141,2.778472550415105
2023-02-01,100033,HDFC Mid-Cap Opportunities Fund - Regular - Growth,0.0024749215723014473,2.828206387486565
2023-02-02,100033,HDFC Mid-Cap Opportunities Fund - Regular - Growth,0.009244719340649299,2.745719052593867
2023-02-03,100033,HDFC Mid-Cap Opportunities Fund - Regular - Growth,0.013104148940600968,3.007109439147527
2023-02-06,100033,HDFC Mid-Cap Opportunities Fund - Regular - Growth,0.0053349288443680365,3.29759330667324
2023-02-07,100033,HDFC Mid-Cap Opportunities Fund - Regular - Growth,-0.01087904239890991,3.1313104670451444
2023-02-08,100033,HDFC Mid-Cap Opportunities Fund - Regular - Growth,-0.015398029123145918,2.964958068339459
2023-02-09,100033,HDFC Mid-Cap Opportunities Fund - Regular - Growth,0.0024586347266597475,2.587761730441944
2023-02-10,100033,HDFC Mid-Cap Opportunities Fund - Regular - Growth,-0.0013740270736440907,2.456721373085205
2023-02-13,100033,HDFC Mid-Cap Opportunities Fund - Regular - Growth,0.0017219567840529582,2.53778059089496
2023-02-14,100033,HDFC Mid-Cap Opportunities Fund - Regular - Growth,0.00048227616404261653,2.717024706861772
2023-02-15,100033,HDFC Mid-Cap Opportunities Fund - Regular - Growth,0.03210186741481835,3.3961704881717885
2023-02-16,100033,HDFC Mid-Cap Opportunities Fund - Regular - Growth,-0.015130987750243019,3.336957393005801
2023-02-17,100033,HDFC Mid-Cap Opportunities Fund - Regular - Growth,-0.022877544553349005,2.952732675120549
2023-02-20,100033,HDFC Mid-Cap Opportunities Fund - Regular - Growth,0.0046636744306787214,2.8025178878960295
2023-02-21,100033,HDFC Mid-Cap Opportunities Fund - Regular - Growth,-0.0038234172887363638,2.57826701967078
2023-02-22,100033,HDFC Mid-Cap Opportunities Fund - Regular - Growth,0.0044681254172656,2.5915004320228823
2023-02-23,100033,HDFC Mid-Cap Opportunities Fund - Regular - Growth,0.007692186783091026,2.732200546120063
2023-02-24,100033,HDFC Mid-Cap Opportunities Fund - Regular - Growth,0.01617311937535848,2.8746747839794207
2023-02-27,100033,HDFC Mid-Cap Opportunities Fund - Regular - Growth,-0.017215342355209717,2.6984801783132597
2023-02-28,100033,HDFC Mid-Cap Opportunities Fund - Regular - Growth,-0.005970859705621945,2.3703294734648996
2023-03-01,100033,HDFC Mid-Cap Opportunities Fund - Regular - Growth,0.005823410664555606,2.4655280991983703
2023-03-02,100033,HDFC Mid-Cap Opportunities Fund - Regular - Growth,0.009945063732764936,2.5937502869412543
2023-03-03,100033,HDFC Mid-Cap Opportunities Fund - Regular - Growth,0.02729414121712903,3.288176154230238
2023-03-06,100033,HDFC Mid-Cap Opportunities Fund - Regular - Growth,0.012186762839586862,3.4599891471054027
2023-03-07,100033,HDFC Mid-Cap Opportunities Fund - Regular - Growth,-4.958536013677239e-06,3.3269046041090955
2023-03-08,100033,HDFC Mid-Cap Opportunities Fund - Regular - Growth,-0.00993341361479061,3.359816404730602
2023-03-09,100033,HDFC Mid-Cap Opportunities Fund - Regular - Growth,-0.006060770836180174,3.39297575852822
2023-03-10,100033,HDFC Mid-Cap Opportunities Fund - Regular - Growth,-0.006398619067294553,3.175280288096096
2023-03-13,100033,HDFC Mid-Cap Opportunities Fund - Regular - Growth,0.00855310772815221,3.5417775936074265
2023-03-14,100033,HDFC Mid-Cap Opportunities Fund - Regular - Growth,0.0037575702721670545,3.4270470720380106
2023-03-15,100033,HDFC Mid-Cap Opportunities Fund - Regular - Growth,-0.015053451022432385,3.2791191638885286
2023-03-16,100033,HDFC Mid-Cap Opportunities Fund - Regular - Growth,-0.004532379484697868,3.2709988544417414
2023-03-17,100033,HDFC Mid-Cap Opportunities Fund - Regular - Growth,0.011240211345168616,3.601432867320875
2023-03-20,100033,HDFC Mid-Cap Opportunities Fund - Regular - Growth,0.004895772659459174,3.59742230027827
2023-03-21,100033,HDFC Mid-Cap Opportunities Fund - Regular - Growth,0.007508633420098443,3.37422710254879
2023-03-22,100033,HDFC Mid-Cap Opportunities Fund - Regular - Growth,0.005271907824666133,3.314965313634755
2023-03-23,100033,HDFC Mid-Cap Opportunities Fund - Regular - Growth,0.020345178010556575,3.699006997054591
2023-03-24,100033,HDFC Mid-Cap Opportunities Fund - Regular - Growth,0.003505694320691921,3.5688892636446035
2023-03-27,100033,HDFC Mid-Cap Opportunities Fund - Regular - Growth,-0.003937400526094925,3.5565761036716848
2023-03-28,100033,HDFC Mid-Cap Opportunities Fund - Regular - Growth,-0.010233207547694634,3.1924320475073302
2023-03-29,100033,HDFC Mid-Cap Opportunities Fund - Regular - Growth,0.0036685672214713527,3.108412147805205
2023-03-30,100033,HDFC Mid-Cap Opportunities Fund - Regular - Growth,-0.028134637486998293,3.2281841121959927
2023-03-31,100033,HDFC Mid-Cap Opportunities Fund - Regular - Growth,-0.0015297402682519223,3.380920217710299
2023-04-03,100033,HDFC Mid-Cap Opportunities Fund - Regular - Growth,-0.001787431285241059,3.198919683121914
2023-04-04,100033,HDFC Mid-Cap Opportunities Fund - Regular - Growth,-0.01553470740366325,2.9195406028913595
2023-04-05,100033,HDFC Mid-Cap Opportunities Fund - Regular - Growth,-0.010381166363641059,2.937824295600335
2023-04-06,100033,HDFC Mid-Cap Opportunities Fund - Regular - Growth,0.010418860904832128,3.1755515945654107
2023-04-07,100033,HDFC Mid-Cap Opportunities Fund - Regular - Growth,0.003442036299572626,3.5935248260877515
2023-04-10,100033,HDFC Mid-Cap Opportunities Fund - Regular - Growth,0.0018947097363206655,3.6263604921192565
2023-04-11,100033,HDFC Mid-Cap Opportunities Fund - Regular - Growth,0.004350321345489183,3.3772697960436195
2023-04-12,100033,HDFC Mid-Cap Opportunities Fund - Regular - Growth,0.0017847899545768708,3.262664428123057
2023-04-13,100033,HDFC Mid-Cap Opportunities Fund - Regular - Growth,0.015672363706823234,3.148917147810542
2023-04-14,100033,HDFC Mid-Cap Opportunities Fund - Regular - Growth,0.0021542438604049696,3.025852434239109
2023-04-17,100033,HDFC Mid-Cap Opportunities Fund - Regular - Growth,-0.016638646834614468,2.572623650759093
2023-04-18,100033,HDFC Mid-Cap Opportunities Fund - Regular - Growth,0.020390200117310853,2.5284830988610323
2023-04-19,100033,HDFC Mid-Cap Opportunities Fund - Regular - Growth,0.005120210549651727,2.527320843601606
2023-04-20,100033,HDFC Mid-Cap Opportunities Fund - Regular - Growth,-0.006357408965268485,2.452805306185066
2023-04-21,100033,HDFC Mid-Cap Opportunities Fund - Regular - Growth,-0.014225474662718618,2.0485438299873864
2023-04-24,100033,HDFC Mid-Cap Opportunities Fund - Regular - Growth,0.005428043955536532,1.883159969780404
2023-04-25,100033,HDFC Mid-Cap Opportunities Fund - Regular - Growth,-0.0007278715213449027,1.9487693839569584
2023-04-26,100033,HDFC Mid-Cap Opportunities Fund - Regular - Growth,0.01970707332648991,2.3295650400742467
2023-04-27,100033,HDFC Mid-Cap Opportunities Fund - Regular - Growth,-0.0034596128417786476,2.2437916724561915
2023-04-28,100033,HDFC Mid-Cap Opportunities Fund - Regular - Growth,-0.00930431807449661,1.9535218617999912
2023-05-01,100033,HDFC Mid-Cap Opportunities Fund - Regular - Growth,0.011461700381747209,1.96888490560803
2023-05-02,100033,HDFC Mid-Cap Opportunities Fund - Regular - Growth,0.011818586496208594,2.391111682641081
2023-05-03,100033,HDFC Mid-Cap Opportunities Fund - Regular - Growth,0.0026968498172583732,2.1248063956743293
2023-05-04,100033,HDFC Mid-Cap Opportunities Fund - Regular - Growth,0.008808636747340559,2.3598253198982206
2023-05-05,100033,HDFC Mid-Cap Opportunities Fund - Regular - Growth,0.00022332475417052855,2.401455615626866
2023-05-08,100033,HDFC Mid-Cap Opportunities Fund - Regular - Growth,0.003479367057030336,2.616230275027706
2023-05-09,100033,HDFC Mid-Cap Opportunities Fund - Regular - Growth,0.014726251995810902,2.41914872385434
2023-05-10,100033,HDFC Mid-Cap Opportunities Fund - Regular - Growth,0.00819223358660115,2.486058678714109
2023-05-11,100033,HDFC Mid-Cap Opportunities Fund - Regular - Growth,-0.0013505857460844872,2.623796727719093
2023-05-12,100033,HDFC Mid-Cap Opportunities Fund - Regular - Growth,0.017003963132649513,2.6986463222888455
2023-05-15,100033,HDFC Mid-Cap Opportunities Fund - Regular - Growth,-0.027252316410543487,2.0618656269793227
2023-05-16,100033,HDFC Mid-Cap Opportunities Fund - Regular - Growth,0.0255568782205986,2.411675063291805
2023-05-17,100033,HDFC Mid-Cap Opportunities Fund - Regular - Growth,-0.019550281901960287,1.94366415298812
2023-05-18,100033,HDFC Mid-Cap Opportunities Fund - Regular - Growth,-0.006807304100802658,1.9806892458648229
2023-05-19,100033,HDFC Mid-Cap Opportunities Fund - Regular - Growth,0.00018437794894143877,2.0615307125181923
2023-05-22,100033,HDFC Mid-Cap Opportunities Fund - Regular - Growth,-0.0010774938472652984,2.434417423101791
2023-05-23,100033,HDFC Mid-Cap Opportunities Fund - Regular - Growth,0.012800869462183728,2.863997894400664
2023-05-24,100033,HDFC Mid-Cap Opportunities Fund - Regular - Growth,-0.011914943400488931,2.3750409937751797
2023-05-25,100033,HDFC Mid-Cap Opportunities Fund - Regular - Growth,0.0038031507154128175,2.155652925020603
2023-05-26,100033,HDFC Mid-Cap Opportunities Fund - Regular - Growth,-0.006226443233276369,2.0338736119243594
2023-05-29,100033,HDFC Mid-Cap Opportunities Fund - Regular - Growth,0.00421562441378609,1.8107558053999055
2023-05-30,100033,HDFC Mid-Cap Opportunities Fund - Regular - Growth,-0.00010053289225642192,1.8286348447784242
2023-05-31,100033,HDFC Mid-Cap Opportunities Fund - Regular - Growth,0.0017887143199726285,1.8915422113212277
2023-06-01,100033,HDFC Mid-Cap Opportunities Fund - Regular - Growth,-0.005890251179948902,1.7761698855321484
2023-06-02,100033,HDFC Mid-Cap Opportunities Fund - Regular - Growth,-0.005415586027938124,1.7027237480948691
2023-06-05,100033,HDFC Mid-Cap Opportunities Fund - Regular - Growth,0.0041220426401649135,1.79512979485112
2023-06-06,100033,HDFC Mid-Cap Opportunities Fund - Regular - Growth,0.012041461040624313,1.7623583219324532
2023-06-07,100033,HDFC Mid-Cap Opportunities Fund - Regular - Growth,-0.006465072142349038,1.6210388339997996
2023-06-08,100033,HDFC Mid-Cap Opportunities Fund - Regular - Growth,-0.009676816738277805,1.3283156083437295
2023-06-09,100033,HDFC Mid-Cap Opportunities Fund - Regular - Growth,0.008049635417024081,1.2561929773615457
2023-06-12,100033,HDFC Mid-Cap Opportunities Fund - Regular - Growth,0.0002857988588460536,1.1796307792775915
2023-06-13,100033,HDFC Mid-Cap Opportunities Fund - Regular - Growth,0.010670857185617555,1.5138558265891289
2023-06-14,100033,HDFC Mid-Cap Opportunities Fund - Regular - Growth,-0.010115294705220768,1.6053269963054255
2023-06-15,100033,HDFC Mid-Cap Opportunities Fund - Regular - Growth,-0.020412159851167178,1.2267643035092959
2023-06-16,100033,HDFC Mid-Cap Opportunities Fund - Regular - Growth,-0.005688507202434523,1.1593490205833608
2023-06-19,100033,HDFC Mid-Cap Opportunities Fund - Regular - Growth,-0.00846185046518877,1.0012795146203146
2023-06-20,100033,HDFC Mid-Cap Opportunities Fund - Regular - Growth,-0.0002682516749886732,0.9898914064310329
2023-06-21,100033,HDFC Mid-Cap Opportunities Fund - Regular - Growth,-0.006923595367930968,0.4162890803580368
2023-06-22,100033,HDFC Mid-Cap Opportunities Fund - Regular - Growth,0.009589418025439223,0.8113395570557685
2023-06-23,100033,HDFC Mid-Cap Opportunities Fund - Regular - Growth,-0.002770406106132328,1.1591963973001806
2023-06-26,100033,HDFC Mid-Cap Opportunities Fund - Regular - Growth,0.0024787380764879074,1.1243108243709885
2023-06-27,100033,HDFC Mid-Cap Opportunities Fund - Regular - Growth,0.002564655672140148,1.2293591485388151
2023-06-28,100033,HDFC Mid-Cap Opportunities Fund - Regular - Growth,0.003012244514638329,1.2061323970824456
2023-06-29,100033,HDFC Mid-Cap Opportunities Fund - Regular - Growth,0.00038640497337438795,1.089561667345774
2023-06-30,100033,HDFC Mid-Cap Opportunities Fund - Regular - Growth,0.006808717505277118,0.9458669844338278
2023-07-03,100033,HDFC Mid-Cap Opportunities Fund - Regular - Growth,-0.008809234086421869,1.0970144578994712
2023-07-04,100033,HDFC Mid-Cap Opportunities Fund - Regular - Growth,0.017576276785764344,1.472780457615734
2023-07-05,100033,HDFC Mid-Cap Opportunities Fund - Regular - Growth,-0.002154271124513163,1.3421321081691886
2023-07-06,100033,HDFC Mid-Cap Opportunities Fund - Regular - Growth,-0.014910486074539264,0.924571810954439
2023-07-07,100033,HDFC Mid-Cap Opportunities Fund - Regular - Growth,0.002929830318950666,0.5447186517958811
2023-07-10,100033,HDFC Mid-Cap Opportunities Fund - Regular - Growth,-0.009467794150480047,0.17765709815366346
2023-07-11,100033,HDFC Mid-Cap Opportunities Fund - Regular - Growth,0.008675011093814744,0.3241193399984554
2023-07-12,100033,HDFC Mid-Cap Opportunities Fund - Regular - Growth,0.027492517593954435,0.9288327929770624
2023-07-13,100033,HDFC Mid-Cap Opportunities Fund - Regular - Growth,-0.00870194019828796,0.8836332779601671
2023-07-14,100033,HDFC Mid-Cap Opportunities Fund - Regular - Growth,0.004663401417257296,1.066713872001314
2023-07-17,100033,HDFC Mid-Cap Opportunities Fund - Regular - Growth,-0.02013110467219048,0.585452725422057
2023-07-18,100033,HDFC Mid-Cap Opportunities Fund - Regular - Growth,0.006125800372450696,0.6230373341135251
2023-07-19,100033,HDFC Mid-Cap Opportunities Fund - Regular - Growth,-0.00987685939544114,0.7109564006135104
2023-07-20,100033,HDFC Mid-Cap Opportunities Fund - Regular - Growth,-0.006781220354007633,0.673595408104714
2023-07-21,100033,HDFC Mid-Cap Opportunities Fund - Regular - Growth,-0.012428900537121756,0.28955535822297146
2023-07-24,100033,HDFC Mid-Cap Opportunities Fund - Regular - Growth,0.009482824363553188,0.3626200878678951
2023-07-25,100033,HDFC Mid-Cap Opportunities Fund - Regular - Growth,0.012812348203292023,0.4459180115490065
2023-07-26,100033,HDFC Mid-Cap Opportunities Fund - Regular - Growth,0.0009550266117817063,0.37710631966559865
2023-07-27,100033,HDFC Mid-Cap Opportunities Fund - Regular - Growth,-0.00962542264874977,-0.10571251592130762
2023-07-28,100033,HDFC Mid-Cap Opportunities Fund - Regular - Growth,0.019895025821622614,0.1585288517180762
2023-07-31,100033,HDFC Mid-Cap Opportunities Fund - Regular - Growth,-0.008272451729092634,0.08891513996143766
2023-08-01,100033,HDFC Mid-Cap Opportunities Fund - Regular - Growth,-0.02488810157137522,-0.1417747823687492
2023-08-02,100033,HDFC Mid-Cap Opportunities Fund - Regular - Growth,0.006180127766370225,-0.10247412275987829
2023-08-03,100033,HDFC Mid-Cap Opportunities Fund - Regular - Growth,-0.012469990674788267,0.14579686892237106
2023-08-04,100033,HDFC Mid-Cap Opportunities Fund - Regular - Growth,0.012585836986861665,0.3696238689010949
2023-08-07,100033,HDFC Mid-Cap Opportunities Fund - Regular - Growth,-0.0038797593486255,0.33609794907157126
2023-08-08,100033,HDFC Mid-Cap Opportunities Fund - Regular - Growth,0.007932019392542511,0.7161025092147619
2023-08-09,100033,HDFC Mid-Cap Opportunities Fund - Regular - Growth,0.01760178424598302,1.156711771277407
2023-08-10,100033,HDFC Mid-Cap Opportunities Fund - Regular - Growth,-0.01369900068248775,0.7683295747265168
2023-08-11,100033,HDFC Mid-Cap Opportunities Fund - Regular - Growth,-0.006080730897243591,0.6163378486746297
2023-08-14,100033,HDFC Mid-Cap Opportunities Fund - Regular - Growth,-0.0002313593031203487,0.5827172231456162
2023-08-15,100033,HDFC Mid-Cap Opportunities Fund - Regular - Growth,0.019261049963235743,0.8066179356751269
2023-08-16,100033,HDFC Mid-Cap Opportunities Fund - Regular - Growth,-0.007179873857510621,0.6650838145171777
2023-08-17,100033,HDFC Mid-Cap Opportunities Fund - Regular - Growth,-0.006419872231954615,0.3240055348588612
2023-08-18,100033,HDFC Mid-Cap Opportunities Fund - Regular - Growth,0.00641771452502371,0.39030539592699054
2023-08-21,100033,HDFC Mid-Cap Opportunities Fund - Regular - Growth,-0.006214537934487896,0.5597321028293913
2023-08-22,100033,HDFC Mid-Cap Opportunities Fund - Regular - Growth,0.0025031896843530355,0.2815439837452562
2023-08-23,100033,HDFC Mid-Cap Opportunities Fund - Regular - Growth,-0.017736903879416843,-0.08606224153701972
2023-08-24,100033,HDFC Mid-Cap Opportunities Fund - Regular - Growth,0.027550656517616012,0.43961321743268683
2023-08-25,100033,HDFC Mid-Cap Opportunities Fund - Regular - Growth,-0.015337022230753727,0.4218607168300507
2023-08-28,100033,HDFC Mid-Cap Opportunities Fund - Regular - Growth,-0.0031714056460907525,0.28959676579656257
2023-08-29,100033,HDFC Mid-Cap Opportunities Fund - Regular - Growth,0.0002855551603289097,0.30522730911245477
2023-08-30,100033,HDFC Mid-Cap Opportunities Fund - Regular - Growth,0.02384732047922733,0.36624864245269434
2023-08-31,100033,HDFC Mid-Cap Opportunities Fund - Regular - Growth,-0.01506758897820204,0.18696429248830507
2023-09-01,100033,HDFC Mid-Cap Opportunities Fund - Regular - Growth,0.024718034021365964,0.6884129974392597
2023-09-04,100033,HDFC Mid-Cap Opportunities Fund - Regular - Growth,0.009784310553317743,0.6644026371509011
2023-09-05,100033,HDFC Mid-Cap Opportunities Fund - Regular - Growth,0.005683496069684546,0.5755161018635653
2023-09-06,100033,HDFC Mid-Cap Opportunities Fund - Regular - Growth,-0.011048940569417298,0.36844030975338254
2023-09-07,100033,HDFC Mid-Cap Opportunities Fund - Regular - Growth,0.007538355581857337,0.3498486101782499
2023-09-08,100033,HDFC Mid-Cap Opportunities Fund - Regular - Growth,-0.007952794046413358,0.2276776479449342
2023-09-11,100033,HDFC Mid-Cap Opportunities Fund - Regular - Growth,0.015961391638315003,0.40894686580049755
2023-09-12,100033,HDFC Mid-Cap Opportunities Fund - Regular - Growth,-0.010888480956417146,0.032743742876022
2023-09-13,100033,HDFC Mid-Cap Opportunities Fund - Regular - Growth,-0.0006795694248123985,-0.09831357137086606
2023-09-14,100033,HDFC Mid-Cap Opportunities Fund - Regular - Growth,-0.005953676250577966,-0.16614263980131688
2023-09-15,100033,HDFC Mid-Cap Opportunities Fund - Regular - Growth,-0.011083176844431275,-0.5850022250540851
2023-09-18,100033,HDFC Mid-Cap Opportunities Fund - Regular - Growth,0.00959348738623822,-0.03808061556583989
2023-09-19,100033,HDFC Mid-Cap Opportunities Fund - Regular - Growth,0.007108244851421697,-0.3281185186890455
2023-09-20,100033,HDFC Mid-Cap Opportunities Fund - Regular - Growth,0.015260517374401816,0.21867142930368588
2023-09-21,100033,HDFC Mid-Cap Opportunities Fund - Regular - Growth,-0.02041701178633948,0.00398932634254744
2023-09-22,100033,HDFC Mid-Cap Opportunities Fund - Regular - Growth,0.013502133374014624,0.20894300819332232
2023-09-25,100033,HDFC Mid-Cap Opportunities Fund - Regular - Growth,0.031136559689937116,0.6778471423135009
2023-09-26,100033,HDFC Mid-Cap Opportunities Fund - Regular - Growth,-0.0047197138059811294,0.42059945949504246
2023-09-27,100033,HDFC Mid-Cap Opportunities Fund - Regular - Growth,0.023632208099709118,0.9353894041298765
2023-09-28,100033,HDFC Mid-Cap Opportunities Fund - Regular - Growth,-0.0024717995111659397,0.8434095523305833
2023-09-29,100033,HDFC Mid-Cap Opportunities Fund - Regular - Growth,-0.015628250786307807,0.699747855861888
2023-10-02,100033,HDFC Mid-Cap Opportunities Fund - Regular - Growth,-0.002979232401066234,0.5952033677854878
2023-10-03,100033,HDFC Mid-Cap Opportunities Fund - Regular - Growth,0.013308455180931933,0.7852636390971173
2023-10-04,100033,HDFC Mid-Cap Opportunities Fund - Regular - Growth,-0.009314294115627786,0.6226135732015026
2023-10-05,100033,HDFC Mid-Cap Opportunities Fund - Regular - Growth,-0.006489320667629972,0.6138060814343622
2023-10-06,100033,HDFC Mid-Cap Opportunities Fund - Regular - Growth,0.007808963033933747,0.8036100515116779
2023-10-09,100033,HDFC Mid-Cap Opportunities Fund - Regular - Growth,0.0007117061293568927,0.7549111271882928
2023-10-10,100033,HDFC Mid-Cap Opportunities Fund - Regular - Growth,0.00770118639898576,0.6945619470867149
2023-10-11,100033,HDFC Mid-Cap Opportunities Fund - Regular - Growth,0.003527528709732719,0.8400816375370282
2023-10-12,100033,HDFC Mid-Cap Opportunities Fund - Regular - Growth,0.006435370146695929,1.0760686967535567
2023-10-13,100033,HDFC Mid-Cap Opportunities Fund - Regular - Growth,-0.004489545762850988,0.8951680974861925
2023-10-16,100033,HDFC Mid-Cap Opportunities Fund - Regular - Growth,0.0034543092894774308,0.9408807352315759
2023-10-17,100033,HDFC Mid-Cap Opportunities Fund - Regular - Growth,-0.010370894239340345,0.6351761736795014
2023-10-18,100033,HDFC Mid-Cap Opportunities Fund - Regular - Growth,0.016225834880519097,1.0121299802927763
2023-10-19,100033,HDFC Mid-Cap Opportunities Fund - Regular - Growth,-0.006893127803005328,1.2253594013208784
2023-10-20,100033,HDFC Mid-Cap Opportunities Fund - Regular - Growth,0.014286760746556215,1.5102805430860693
2023-10-23,100033,HDFC Mid-Cap Opportunities Fund - Regular - Growth,-0.0021191004117833145,1.6077709171344945
2023-10-24,100033,HDFC Mid-Cap Opportunities Fund - Regular - Growth,0.0030974729471067164,1.6568920101628821
2023-10-25,100033,HDFC Mid-Cap Opportunities Fund - Regular - Growth,-0.005235963276739697,1.6831698570694713
2023-10-26,100033,HDFC Mid-Cap Opportunities Fund - Regular - Growth,-0.011420311357769997,1.3711785419652234
2023-10-27,100033,HDFC Mid-Cap Opportunities Fund - Regular - Growth,-0.020005007043971346,1.1020345033514687
2023-10-30,100033,HDFC Mid-Cap Opportunities Fund - Regular - Growth,-0.011885255860045851,0.8907361956817184
2023-10-31,100033,HDFC Mid-Cap Opportunities Fund - Regular - Growth,-0.0031974659534010907,0.8082025552822414
2023-11-01,100033,HDFC Mid-Cap Opportunities Fund - Regular - Growth,0.0032157235077856505,0.8110739676731388
2023-11-02,100033,HDFC Mid-Cap Opportunities Fund - Regular - Growth,0.01284957674289089,0.9834748234564885
2023-11-03,100033,HDFC Mid-Cap Opportunities Fund - Regular - Growth,-0.004649682573533154,0.8212223650242405
2023-11-06,100033,HDFC Mid-Cap Opportunities Fund - Regular - Growth,-0.009832624536139423,0.8061068280270487
2023-11-07,100033,HDFC Mid-Cap Opportunities Fund - Regular - Growth,-0.016456343452017186,0.32374491625955887
2023-11-08,100033,HDFC Mid-Cap Opportunities Fund - Regular - Growth,0.006440991648711147,0.4451175124724283
2023-11-09,100033,HDFC Mid-Cap Opportunities Fund - Regular - Growth,0.01737926191776551,0.9009862065426149
2023-11-10,100033,HDFC Mid-Cap Opportunities Fund - Regular - Growth,0.015957176035345633,1.0764648606394123
2023-11-13,100033,HDFC Mid-Cap Opportunities Fund - Regular - Growth,0.009214262845957721,1.3404453860368626
2023-11-14,100033,HDFC Mid-Cap Opportunities Fund - Regular - Growth,0.008351881607419731,1.3361357386489925
2023-11-15,100033,HDFC Mid-Cap Opportunities Fund - Regular - Growth,0.021214801059685096,1.2611749656313402
2023-11-16,100033,HDFC Mid-Cap Opportunities Fund - Regular - Growth,0.004659876596549317,1.4552639532018505
2023-11-17,100033,HDFC Mid-Cap Opportunities Fund - Regular - Growth,0.008443857199840421,1.5068523282878254
2023-11-20,100033,HDFC Mid-Cap Opportunities Fund - Regular - Growth,-0.003160019480503262,1.776861171327203
2023-11-21,100033,HDFC Mid-Cap Opportunities Fund - Regular - Growth,-0.01550608680556631,1.4502254438174211
2023-11-22,100033,HDFC Mid-Cap Opportunities Fund - Regular - Growth,-0.007482185647126327,1.487096105318633
2023-11-23,100033,HDFC Mid-Cap Opportunities Fund - Regular - Growth,0.0005653467206083729,1.5961986437424438
2023-11-24,100033,HDFC Mid-Cap Opportunities Fund - Regular - Growth,0.0014033730416669332,1.8078027240193202
2023-11-27,100033,HDFC Mid-Cap Opportunities Fund - Regular - Growth,0.0240138861447583,1.9850769506405253
2023-11-28,100033,HDFC Mid-Cap Opportunities Fund - Regular - Growth,0.0016486822600922935,1.8347508815466789
2023-11-29,100033,HDFC Mid-Cap Opportunities Fund - Regular - Growth,0.014893360869041805,2.0208321208292657
2023-11-30,100033,HDFC Mid-Cap Opportunities Fund - Regular - Growth,-0.00452234344260205,2.1001599856673145
2023-12-01,100033,HDFC Mid-Cap Opportunities Fund - Regular - Growth,-0.003051202514782414,1.7939911537889064
2023-12-04,100033,HDFC Mid-Cap Opportunities Fund - Regular - Growth,-0.01511636246169712,1.6839885924543807
2023-12-05,100033,HDFC Mid-Cap Opportunities Fund - Regular - Growth,-0.008176754317722246,1.967735853172219
2023-12-06,100033,HDFC Mid-Cap Opportunities Fund - Regular - Growth,0.00700609684164033,1.9791991553735988
2023-12-07,100033,HDFC Mid-Cap Opportunities Fund - Regular - Growth,0.0007658384934479123,2.1899602120900785
2023-12-08,100033,HDFC Mid-Cap Opportunities Fund - Regular - Growth,0.01203233362764533,2.1828003741740187
2023-12-11,100033,HDFC Mid-Cap Opportunities Fund - Regular - Growth,0.002848037014021809,2.2848780629732874
2023-12-12,100033,HDFC Mid-Cap Opportunities Fund - Regular - Growth,-0.0035375122932540526,2.1162423119011695
2023-12-13,100033,HDFC Mid-Cap Opportunities Fund - Regular - Growth,0.02673820167923391,2.2187848763353313
2023-12-14,100033,HDFC Mid-Cap Opportunities Fund - Regular - Growth,-0.0004491428208208692,2.4340556316979787
2023-12-15,100033,HDFC Mid-Cap Opportunities Fund - Regular - Growth,0.014701188813538213,2.729512630211038
2023-12-18,100033,HDFC Mid-Cap Opportunities Fund - Regular - Growth,-0.0041185377358211595,2.669113978656268
2023-12-19,100033,HDFC Mid-Cap Opportunities Fund - Regular - Growth,0.009209747502242571,2.546348845981629
2023-12-20,100033,HDFC Mid-Cap Opportunities Fund - Regular - Growth,0.011851706311576393,2.826417843586615
2023-12-21,100033,HDFC Mid-Cap Opportunities Fund - Regular - Growth,0.0031748689443633626,2.976801065408028
2023-12-22,100033,HDFC Mid-Cap Opportunities Fund - Regular - Growth,-0.027131342681561366,2.401508362185093
2023-12-25,100033,HDFC Mid-Cap Opportunities Fund - Regular - Growth,0.0008935400627623213,2.509612066878936
2023-12-26,100033,HDFC Mid-Cap Opportunities Fund - Regular - Growth,0.015521218700452755,2.6787500065802803
2023-12-27,100033,HDFC Mid-Cap Opportunities Fund - Regular - Growth,0.007012269273484195,3.075386903433219
2023-12-28,100033,HDFC Mid-Cap Opportunities Fund - Regular - Growth,0.006029355278013737,2.831536035601101
2023-12-29,100033,HDFC Mid-Cap Opportunities Fund - Regular - Growth,-0.019741759322465358,2.7472477562199487
2024-01-01,100033,HDFC Mid-Cap Opportunities Fund - Regular - Growth,-0.007916817645857721,2.6697010255333384
2024-01-02,100033,HDFC Mid-Cap Opportunities Fund - Regular - Growth,0.0056136564670667966,2.747045181541785
2024-01-03,100033,HDFC Mid-Cap Opportunities Fund - Regular - Growth,0.005602431446966483,2.525056309474461
2024-01-04,100033,HDFC Mid-Cap Opportunities Fund - Regular - Growth,0.01532894075072333,2.99450573314652
2024-01-05,100033,HDFC Mid-Cap Opportunities Fund - Regular - Growth,-0.001059067950680448,2.661924358704971
2024-01-08,100033,HDFC Mid-Cap Opportunities Fund - Regular - Growth,0.005547442376776068,2.6022321826098422
2024-01-09,100033,HDFC Mid-Cap Opportunities Fund - Regular - Growth,0.0008709279073564336,2.5295966369762435
2024-01-10,100033,HDFC Mid-Cap Opportunities Fund - Regular - Growth,-0.011075939337045648,2.5291050787046294
2024-01-11,100033,HDFC Mid-Cap Opportunities Fund - Regular - Growth,-0.025981412212650712,1.9525056294272742
2024-01-12,100033,HDFC Mid-Cap Opportunities Fund - Regular - Growth,0.005850479243930673,2.165110615263346
2024-01-15,100033,HDFC Mid-Cap Opportunities Fund - Regular - Growth,0.002760419826487892,1.9838927544930234
2024-01-16,100033,HDFC Mid-Cap Opportunities Fund - Regular - Growth,-0.006702030420420502,2.0545113253793
2024-01-17,100033,HDFC Mid-Cap Opportunities Fund - Regular - Growth,-0.018530903948864585,1.7551426195168534
2024-01-18,100033,HDFC Mid-Cap Opportunities Fund - Regular - Growth,0.008245435562456382,1.9677232329878585
2024-01-19,100033,HDFC Mid-Cap Opportunities Fund - Regular - Growth,-0.0025049362511525564,2.107999430443513
2024-01-22,100033,HDFC Mid-Cap Opportunities Fund - Regular - Growth,0.0073667086716875385,2.0771600756779476
2024-01-23,100033,HDFC Mid-Cap Opportunities Fund - Regular - Growth,0.023251302882496105,2.2795897896672397
2024-01-24,100033,HDFC Mid-Cap Opportunities Fund - Regular - Growth,-0.024646818919976887,1.6577401202555242
2024-01-25,100033,HDFC Mid-Cap Opportunities Fund - Regular - Growth,-0.007669645629397093,1.8706657520393217
2024-01-26,100033,HDFC Mid-Cap Opportunities Fund - Regular - Growth,-0.001829449467294908,1.6539263065535543
2024-01-29,100033,HDFC Mid-Cap Opportunities Fund - Regular - Growth,0.018251480912914175,1.4996066061057038
2024-01-30,100033,HDFC Mid-Cap Opportunities Fund - Regular - Growth,-0.01873332867983135,1.2683123123881874
2024-01-31,100033,HDFC Mid-Cap Opportunities Fund - Regular - Growth,0.024131224247715855,1.2745957708621873
2024-02-01,100033,HDFC Mid-Cap Opportunities Fund - Regular - Growth,0.0023034265845109925,1.346470978090766
2024-02-02,100033,HDFC Mid-Cap Opportunities Fund - Regular - Growth,-0.00047443415878556383,1.5907744984642673
2024-02-05,100033,HDFC Mid-Cap Opportunities Fund - Regular - Growth,-0.0016947887025148267,1.6107854879957475
2024-02-06,100033,HDFC Mid-Cap Opportunities Fund - Regular - Growth,-0.004536210738508295,1.3475756306458677
2024-02-07,100033,HDFC Mid-Cap Opportunities Fund - Regular - Growth,0.013306905566050187,1.6884271734657
2024-02-08,100033,HDFC Mid-Cap Opportunities Fund - Regular - Growth,-0.012041145385855656,1.5965304798205804
2024-02-09,100033,HDFC Mid-Cap Opportunities Fund - Regular - Growth,0.004820481297628687,1.5533924431501949
2024-02-12,100033,HDFC Mid-Cap Opportunities Fund - Regular - Growth,-0.003915894226990346,1.4819165676324055
2024-02-13,100033,HDFC Mid-Cap Opportunities Fund - Regular - Growth,-0.008411862898834443,1.2364231187234398
2024-02-14,100033,HDFC Mid-Cap Opportunities Fund - Regular - Growth,0.03213121837921529,1.6055617206466497
2024-02-15,100033,HDFC Mid-Cap Opportunities Fund - Regular - Growth,0.005706583678728894,1.5954149066151777
2024-02-16,100033,HDFC Mid-Cap Opportunities Fund - Regular - Growth,0.008046452842362939,1.7765461357330408
2024-02-19,100033,HDFC Mid-Cap Opportunities Fund - Regular - Growth,0.014395190361451426,1.9233114846390866
2024-02-20,100033,HDFC Mid-Cap Opportunities Fund - Regular - Growth,-0.016204369904506244,1.8274448581544078
2024-02-21,100033,HDFC Mid-Cap Opportunities Fund - Regular - Growth,0.021883538378953737,1.8945610687993781
2024-02-22,100033,HDFC Mid-Cap Opportunities Fund - Regular - Growth,-0.028928343646337895,1.5343175071893003
2024-02-23,100033,HDFC Mid-Cap Opportunities Fund - Regular - Growth,-0.008490199405877252,1.2234302252303133
2024-02-26,100033,HDFC Mid-Cap Opportunities Fund - Regular - Growth,-0.004808051778120492,1.1852419354637111
2024-02-27,100033,HDFC Mid-Cap Opportunities Fund - Regular - Growth,0.007666305293982711,1.246686215867853
2024-02-28,100033,HDFC Mid-Cap Opportunities Fund - Regular - Growth,0.003298092325615176,1.3661490864513381
2024-02-29,100033,HDFC Mid-Cap Opportunities Fund - Regular - Growth,-0.0013214027770358516,1.5137244785345865
2024-03-01,100033,HDFC Mid-Cap Opportunities Fund - Regular - Growth,0.0005313533348525468,1.8283386634698795
2024-03-04,100033,HDFC Mid-Cap Opportunities Fund - Regular - Growth,-0.01097062839545615,1.8428198319258806
2024-03-05,100033,HDFC Mid-Cap Opportunities Fund - Regular - Growth,-0.01709759724210702,1.6276378073109072
2024-03-06,100033,HDFC Mid-Cap Opportunities Fund - Regular - Growth,0.009413854564015889,1.7105309967135103
2024-03-07,100033,HDFC Mid-Cap Opportunities Fund - Regular - Growth,0.00901815236236514,1.661397337353988
2024-03-08,100033,HDFC Mid-Cap Opportunities Fund - Regular - Growth,0.019833384779518903,1.9827707264962982
2024-03-11,100033,HDFC Mid-Cap Opportunities Fund - Regular - Growth,-0.008742446814815952,1.9994939220852086
2024-03-12,100033,HDFC Mid-Cap Opportunities Fund - Regular - Growth,0.009007053086814043,2.375079865041421
2024-03-13,100033,HDFC Mid-Cap Opportunities Fund - Regular - Growth,-0.0027172318409173224,2.2470705917694653
2024-03-14,100033,HDFC Mid-Cap Opportunities Fund - Regular - Growth,0.015034817989400207,2.2196005888880626
2024-03-15,100033,HDFC Mid-Cap Opportunities Fund - Regular - Growth,0.012990017078666982,2.1838749354668545
2024-03-18,100033,HDFC Mid-Cap Opportunities Fund - Regular - Growth,0.0032075432530223047,2.1035377048524504
2024-03-19,100033,HDFC Mid-Cap Opportunities Fund - Regular - Growth,-0.0033829620408057925,1.9397584903533494
2024-03-20,100033,HDFC Mid-Cap Opportunities Fund - Regular - Growth,0.012250081227634269,1.8314850068558166
2024-03-21,100033,HDFC Mid-Cap Opportunities Fund - Regular - Growth,0.008452988842254205,1.882799975292931
2024-03-22,100033,HDFC Mid-Cap Opportunities Fund - Regular - Growth,-0.007489389024394777,1.65463197028536
2024-03-25,100033,HDFC Mid-Cap Opportunities Fund - Regular - Growth,-0.01510232995824401,1.4719042749288154
2024-03-26,100033,HDFC Mid-Cap Opportunities Fund - Regular - Growth,-0.0027752534000368145,1.6668385978429334
2024-03-27,100033,HDFC Mid-Cap Opportunities Fund - Regular - Growth,0.01899078600627857,2.026125781402557
2024-03-28,100033,HDFC Mid-Cap Opportunities Fund - Regular - Growth,0.014500621763550603,2.209557134134412
2024-03-29,100033,HDFC Mid-Cap Opportunities Fund - Regular - Growth,-0.012559194265200135,1.9996942083794242
2024-04-01,100033,HDFC Mid-Cap Opportunities Fund - Regular - Growth,-0.013213924257624798,1.4976628899843722
2024-04-02,100033,HDFC Mid-Cap Opportunities Fund - Regular - Growth,0.01605851920567325,1.6870718020364333
2024-04-03,100033,HDFC Mid-Cap Opportunities Fund - Regular - Growth,-0.012834308868638122,1.2999780511987888
2024-04-04,100033,HDFC Mid-Cap Opportunities Fund - Regular - Growth,0.006793338721416742,1.4576937279954396
2024-04-05,100033,HDFC Mid-Cap Opportunities Fund - Regular - Growth,-0.006677092925463812,1.4049987515331783
2024-04-08,100033,HDFC Mid-Cap Opportunities Fund - Regular - Growth,0.020231228390358957,1.8912427875409104
2024-04-09,100033,HDFC Mid-Cap Opportunities Fund - Regular - Growth,-0.008510468362961432,1.8861802695521002
2024-04-10,100033,HDFC Mid-Cap Opportunities Fund - Regular - Growth,0.014462927334452536,1.9802338844849097
2024-04-11,100033,HDFC Mid-Cap Opportunities Fund - Regular - Growth,0.0028912674585563902,2.0095174718126314
2024-04-12,100033,HDFC Mid-Cap Opportunities Fund - Regular - Growth,0.003700196750898499,1.901346033597175
2024-04-15,100033,HDFC Mid-Cap Opportunities Fund - Regular - Growth,-0.022647220440690008,1.5180333408598021
2024-04-16,100033,HDFC Mid-Cap Opportunities Fund - Regular - Growth,-0.02536453818529194,1.1946265558194664
2024-04-17,100033,HDFC Mid-Cap Opportunities Fund - Regular - Growth,-0.0019637171770799933,0.8308864059664377
2024-04-18,100033,HDFC Mid-Cap Opportunities Fund - Regular - Growth,0.003636216902213718,0.8861597769566089
2024-04-19,100033,HDFC Mid-Cap Opportunities Fund - Regular - Growth,-0.01271122854445772,0.5143248782622591
2024-04-22,100033,HDFC Mid-Cap Opportunities Fund - Regular - Growth,-0.012279520405260258,0.40155226284471757
2024-04-23,100033,HDFC Mid-Cap Opportunities Fund - Regular - Growth,0.007421911974184514,0.3777262060682575
2024-04-24,100033,HDFC Mid-Cap Opportunities Fund - Regular - Growth,0.007439285607236279,0.31885847567517506
2024-04-25,100033,HDFC Mid-Cap Opportunities Fund - Regular - Growth,-0.0009738234873408746,0.262596742354524
2024-04-26,100033,HDFC Mid-Cap Opportunities Fund - Regular - Growth,0.010063297228942059,0.785305241701402
2024-04-29,100033,HDFC Mid-Cap Opportunities Fund - Regular - Growth,-0.01329028548683131,0.584388542119189
2024-04-30,100033,HDFC Mid-Cap Opportunities Fund - Regular - Growth,-0.00357894010964388,0.32320404051358365
2024-05-01,100033,HDFC Mid-Cap Opportunities Fund - Regular - Growth,0.020607260177905706,0.5057789093333307
2024-05-02,100033,HDFC Mid-Cap Opportunities Fund - Regular - Growth,0.0014934869728153721,0.4439741879098298
2024-05-03,100033,HDFC Mid-Cap Opportunities Fund - Regular - Growth,0.002188648031655527,0.7558864939187366
2024-05-06,100033,HDFC Mid-Cap Opportunities Fund - Regular - Growth,0.0286774169212356,1.2358740610887442
2024-05-07,100033,HDFC Mid-Cap Opportunities Fund - Regular - Growth,-0.01594511212313432,0.9344216361962446
2024-05-08,100033,HDFC Mid-Cap Opportunities Fund - Regular - Growth,0.010259125510495126,0.9950652185090798
2024-05-09,100033,HDFC Mid-Cap Opportunities Fund - Regular - Growth,0.02080425884483783,1.062230101228337
2024-05-10,100033,HDFC Mid-Cap Opportunities Fund - Regular - Growth,-0.003208853199010875,1.03304058216271
2024-05-13,100033,HDFC Mid-Cap Opportunities Fund - Regular - Growth,0.011024214208229743,1.1033918318798641
2024-05-14,100033,HDFC Mid-Cap Opportunities Fund - Regular - Growth,-0.011017990860884508,0.9405824384272442
2024-05-15,100033,HDFC Mid-Cap Opportunities Fund - Regular - Growth,-0.007516441370025828,0.9901111363722073
2024-05-16,100033,HDFC Mid-Cap Opportunities Fund - Regular - Growth,0.005296067857709641,1.439374309047907
2024-05-17,100033,HDFC Mid-Cap Opportunities Fund - Regular - Growth,0.01028523703769979,1.496724574902022
2024-05-20,100033,HDFC Mid-Cap Opportunities Fund - Regular - Growth,0.01419046954430514,1.6431025675039688
2024-05-21,100033,HDFC Mid-Cap Opportunities Fund - Regular - Growth,0.01965220014767355,1.9822803410000358
2024-05-22,100033,HDFC Mid-Cap Opportunities Fund - Regular - Growth,-0.00013288802004129963,2.258935353941276
2024-05-23,100033,HDFC Mid-Cap Opportunities Fund - Regular - Growth,0.015073373281181635,2.3412950913091377
2024-05-24,100033,HDFC Mid-Cap Opportunities Fund - Regular - Growth,-0.0034165093094764565,2.3282833254625954
2024-05-27,100033,HDFC Mid-Cap Opportunities Fund - Regular - Growth,0.011537403542769775,2.3797510461786286
2024-05-28,100033,HDFC Mid-Cap Opportunities Fund - Regular - Growth,0.003163347984006082,2.141090251421994
2024-05-29,100033,HDFC Mid-Cap Opportunities Fund - Regular - Growth,0.006026558125232784,2.6231825476294675
2024-05-30,100033,HDFC Mid-Cap Opportunities Fund - Regular - Growth,0.005760208811339762,2.819979997245027
2024-05-31,100033,HDFC Mid-Cap Opportunities Fund - Regular - Growth,-0.01836128963892225,2.550728680282636
2024-06-03,100033,HDFC Mid-Cap Opportunities Fund - Regular - Growth,-0.012698280146321905,2.1255188789940878
2024-06-04,100033,HDFC Mid-Cap Opportunities Fund - Regular - Growth,0.0019036076226823795,2.4487027687986234
2024-06-05,100033,HDFC Mid-Cap Opportunities Fund - Regular - Growth,-0.019330900562687603,1.839596054522364
2024-06-06,100033,HDFC Mid-Cap Opportunities Fund - Regular - Growth,0.010679821614539398,1.9521486335386526
2024-06-07,100033,HDFC Mid-Cap Opportunities Fund - Regular - Growth,0.011167871762937764,2.10969285271038
2024-06-10,100033,HDFC Mid-Cap Opportunities Fund - Regular - Growth,0.0046010733783372615,2.198422545347244
2024-06-11,100033,HDFC Mid-Cap Opportunities Fund - Regular - Growth,-0.012663256463153694,2.0718619862560916
2024-06-12,100033,HDFC Mid-Cap Opportunities Fund - Regular - Growth,0.017342204836864772,2.120025017728529
2024-06-13,100033,HDFC Mid-Cap Opportunities Fund - Regular - Growth,0.025373902394207004,2.6084469221179645
2024-06-14,100033,HDFC Mid-Cap Opportunities Fund - Regular - Growth,0.002438362107693992,2.576340139258475
2024-06-17,100033,HDFC Mid-Cap Opportunities Fund - Regular - Growth,0.006808033558831639,2.7251990051037933
2024-06-18,100033,HDFC Mid-Cap Opportunities Fund - Regular - Growth,0.003093756563165906,2.8947333132342696
2024-06-19,100033,HDFC Mid-Cap Opportunities Fund - Regular - Growth,0.0070476023294892,2.6285448277043457
2024-06-20,100033,HDFC Mid-Cap Opportunities Fund - Regular - Growth,-0.0007561629962166139,2.537022667211964
2024-06-21,100033,HDFC Mid-Cap Opportunities Fund - Regular - Growth,0.00026069113849902514,2.429151988688824
2024-06-24,100033,HDFC Mid-Cap Opportunities Fund - Regular - Growth,0.011581899986944366,2.394521186314396
2024-06-25,100033,HDFC Mid-Cap Opportunities Fund - Regular - Growth,0.029166207169883496,2.999782028274194
2024-06-26,100033,HDFC Mid-Cap Opportunities Fund - Regular - Growth,-0.01595424105053911,2.4718471414276517
2024-06-27,100033,HDFC Mid-Cap Opportunities Fund - Regular - Growth,-0.0005677560227788092,2.976886478576026
2024-06-28,100033,HDFC Mid-Cap Opportunities Fund - Regular - Growth,-0.01336411932123649,2.8912075325653057
2024-07-01,100033,HDFC Mid-Cap Opportunities Fund - Regular - Growth,0.019925419521220844,3.2198565651283495
2024-07-02,100033,HDFC Mid-Cap Opportunities Fund - Regular - Growth,-0.0063397938491376316,3.01228400507939
2024-07-03,100033,HDFC Mid-Cap Opportunities Fund - Regular - Growth,-0.01646187460863968,2.6929009699644504
2024-07-04,100033,HDFC Mid-Cap Opportunities Fund - Regular - Growth,0.008347657310162848,2.8276596522177457
2024-07-05,100033,HDFC Mid-Cap Opportunities Fund - Regular - Growth,0.02178619029296125,3.0876158714947657
2024-07-08,100033,HDFC Mid-Cap Opportunities Fund - Regular - Growth,0.008654225855057263,3.3801374762052165
2024-07-09,100033,HDFC Mid-Cap Opportunities Fund - Regular - Growth,0.0031306124083045894,3.7180557374766763
2024-07-10,100033,HDFC Mid-Cap Opportunities Fund - Regular - Growth,0.005586887729033707,3.6681673549772706
2024-07-11,100033,HDFC Mid-Cap Opportunities Fund - Regular - Growth,0.017764960732030044,3.76783227938603
2024-07-12,100033,HDFC Mid-Cap Opportunities Fund - Regular - Growth,-0.009741085634766722,3.3639962626565145
2024-07-15,100033,HDFC Mid-Cap Opportunities Fund - Regular - Growth,-0.000663944342232492,3.494724538005176
2024-07-16,100033,HDFC Mid-Cap Opportunities Fund - Regular - Growth,-0.004732257242717863,3.29597542603629
2024-07-17,100033,HDFC Mid-Cap Opportunities Fund - Regular - Growth,-0.01321507821779444,3.1201213054815615
2024-07-18,100033,HDFC Mid-Cap Opportunities Fund - Regular - Growth,-0.0032503901447908934,2.873748341168438
2024-07-19,100033,HDFC Mid-Cap Opportunities Fund - Regular - Growth,0.01403016567531079,2.886118236972368
2024-07-22,100033,HDFC Mid-Cap Opportunities Fund - Regular - Growth,0.007484157210690734,2.944329104137792
2024-07-23,100033,HDFC Mid-Cap Opportunities Fund - Regular - Growth,0.00842138732746367,3.1122756642636165
2024-07-24,100033,HDFC Mid-Cap Opportunities Fund - Regular - Growth,0.0024306713468826846,2.9829438305163096
2024-07-25,100033,HDFC Mid-Cap Opportunities Fund - Regular - Growth,0.006962510673553357,2.963375258005373
2024-07-26,100033,HDFC Mid-Cap Opportunities Fund - Regular - Growth,-0.008868234499831207,2.9404841642408437
2024-07-29,100033,HDFC Mid-Cap Opportunities Fund - Regular - Growth,-0.003025366851842848,3.1454862600707854
2024-07-30,100033,HDFC Mid-Cap Opportunities Fund - Regular - Growth,0.002977154348781763,3.231933519395585
2024-07-31,100033,HDFC Mid-Cap Opportunities Fund - Regular - Growth,0.004004230851152313,3.0466616711172327
2024-08-01,100033,HDFC Mid-Cap Opportunities Fund - Regular - Growth,0.00451704362977412,2.9170350704232715
2024-08-02,100033,HDFC Mid-Cap Opportunities Fund - Regular - Growth,-0.0009807612292206391,3.112819899137752
2024-08-05,100033,HDFC Mid-Cap Opportunities Fund - Regular - Growth,-0.0038353948937727145,3.2785951577337658
2024-08-06,100033,HDFC Mid-Cap Opportunities Fund - Regular - Growth,0.03921925289033612,3.4660129439444645
2024-08-07,100033,HDFC Mid-Cap Opportunities Fund - Regular - Growth,0.011594395991140427,3.839103962736763
2024-08-08,100033,HDFC Mid-Cap Opportunities Fund - Regular - Growth,0.005635416568029905,3.8235272531350932
2024-08-09,100033,HDFC Mid-Cap Opportunities Fund - Regular - Growth,-0.002114332305414024,3.8989858534470674
2024-08-12,100033,HDFC Mid-Cap Opportunities Fund - Regular - Growth,-0.004714571551729718,3.5721126291389975
2024-08-13,100033,HDFC Mid-Cap Opportunities Fund - Regular - Growth,-0.0008907551509306222,3.699176872825518
2024-08-14,100033,HDFC Mid-Cap Opportunities Fund - Regular - Growth,0.004188168230652156,3.5676003778652987
2024-08-15,100033,HDFC Mid-Cap Opportunities Fund - Regular - Growth,-0.02159529514042513,3.1371191356273136
2024-08-16,100033,HDFC Mid-Cap Opportunities Fund - Regular - Growth,-0.01794659833379353,2.7838981816021624
2024-08-19,100033,HDFC Mid-Cap Opportunities Fund - Regular - Growth,-0.006924039411905891,3.0666804482750982
2024-08-20,100033,HDFC Mid-Cap Opportunities Fund - Regular - Growth,0.003159126716182792,3.5851632177261616
2024-08-21,100033,HDFC Mid-Cap Opportunities Fund - Regular - Growth,-0.002187103716460914,3.5815339412495266
2024-08-22,100033,HDFC Mid-Cap Opportunities Fund - Regular - Growth,0.018535790801045504,3.766087241889811
2024-08-23,100033,HDFC Mid-Cap Opportunities Fund - Regular - Growth,-0.016923334367981102,3.682612540703686
2024-08-26,100033,HDFC Mid-Cap Opportunities Fund - Regular - Growth,-0.008283285396302409,3.7564463341082357
2024-08-27,100033,HDFC Mid-Cap Opportunities Fund - Regular - Growth,0.01904723949079945,3.891116645534701
2024-08-28,100033,HDFC Mid-Cap Opportunities Fund - Regular - Growth,0.0022465198940335718,3.8183236285606093
2024-08-29,100033,HDFC Mid-Cap Opportunities Fund - Regular - Growth,0.011328918651189568,3.989500742113625
2024-08-30,100033,HDFC Mid-Cap Opportunities Fund - Regular - Growth,0.025546409932517777,4.143462595192473
2024-09-02,100033,HDFC Mid-Cap Opportunities Fund - Regular - Growth,-0.0076002045304521815,4.249454598556172
2024-09-03,100033,HDFC Mid-Cap Opportunities Fund - Regular - Growth,-0.0005139496622277306,4.298844047781606
2024-09-04,100033,HDFC Mid-Cap Opportunities Fund - Regular - Growth,-0.0025827074118358606,4.005442246596871
2024-09-05,100033,HDFC Mid-Cap Opportunities Fund - Regular - Growth,-0.022463607158692,3.5698789864763936
2024-09-06,100033,HDFC Mid-Cap Opportunities Fund - Regular - Growth,-0.003035712391117551,3.491379570531908
2024-09-09,100033,HDFC Mid-Cap Opportunities Fund - Regular - Growth,0.011282788039224778,3.3181136728909855
2024-09-10,100033,HDFC Mid-Cap Opportunities Fund - Regular - Growth,0.007170762721154134,3.699985810159937
2024-09-11,100033,HDFC Mid-Cap Opportunities Fund - Regular - Growth,0.008117095137840424,3.672425736382393
2024-09-12,100033,HDFC Mid-Cap Opportunities Fund - Regular - Growth,-0.003812754005464547,3.3480879578666634
2024-09-13,100033,HDFC Mid-Cap Opportunities Fund - Regular - Growth,-0.007152270224811574,3.2814536737410243
2024-09-16,100033,HDFC Mid-Cap Opportunities Fund - Regular - Growth,0.015992518079343432,3.3406974729225203
2024-09-17,100033,HDFC Mid-Cap Opportunities Fund - Regular - Growth,-0.005263544667287401,3.442550562295348
2024-09-18,100033,HDFC Mid-Cap Opportunities Fund - Regular - Growth,0.004203134659724883,3.631319566393149
2024-09-19,100033,HDFC Mid-Cap Opportunities Fund - Regular - Growth,0.002632903550547905,3.5925646871553014
2024-09-20,100033,HDFC Mid-Cap Opportunities Fund - Regular - Growth,0.01833601510373084,3.6851578056335397
2024-09-23,100033,HDFC Mid-Cap Opportunities Fund - Regular - Growth,0.012376947881900247,3.663841862102004
2024-09-24,100033,HDFC Mid-Cap Opportunities Fund - Regular - Growth,-0.01471870516682161,3.153162124401846
2024-09-25,100033,HDFC Mid-Cap Opportunities Fund - Regular - Growth,-0.013447849505743403,2.9276777164946304
2024-09-26,100033,HDFC Mid-Cap Opportunities Fund - Regular - Growth,0.007632764108795653,2.8334871980518765
2024-09-27,100033,HDFC Mid-Cap Opportunities Fund - Regular - Growth,-9.561106946709419e-05,2.885491805686501
2024-09-30,100033,HDFC Mid-Cap Opportunities Fund - Regular - Growth,-0.004761886548531158,2.6489547030422727
2024-10-01,100033,HDFC Mid-Cap Opportunities Fund - Regular - Growth,0.01291327298798306,2.7805131841618977
2024-10-02,100033,HDFC Mid-Cap Opportunities Fund - Regular - Growth,0.0029223112902307946,2.7363448949781763
2024-10-03,100033,HDFC Mid-Cap Opportunities Fund - Regular - Growth,0.0013034740673392164,2.6720000376288433
2024-10-04,100033,HDFC Mid-Cap Opportunities Fund - Regular - Growth,0.01005865343927792,3.1361057076602417
2024-10-07,100033,HDFC Mid-Cap Opportunities Fund - Regular - Growth,-0.0038078391946432255,3.2945242601907014
2024-10-08,100033,HDFC Mid-Cap Opportunities Fund - Regular - Growth,0.01963806156799941,3.5200368682141576
2024-10-09,100033,HDFC Mid-Cap Opportunities Fund - Regular - Growth,-0.008718910571939853,3.731771630891784
2024-10-10,100033,HDFC Mid-Cap Opportunities Fund - Regular - Growth,0.00857353131169547,3.7043595565135345
2024-10-11,100033,HDFC Mid-Cap Opportunities Fund - Regular - Growth,0.01799620210684849,3.782556283959205
2024-10-14,100033,HDFC Mid-Cap Opportunities Fund - Regular - Growth,-0.015685648618475323,3.430866639869124
2024-10-15,100033,HDFC Mid-Cap Opportunities Fund - Regular - Growth,-0.0034291558297282476,3.5962350029133088
2024-10-16,100033,HDFC Mid-Cap Opportunities Fund - Regular - Growth,0.014449061892935378,3.564003588500674
2024-10-17,100033,HDFC Mid-Cap Opportunities Fund - Regular - Growth,0.01463149967922761,3.455805258894643
2024-10-18,100033,HDFC Mid-Cap Opportunities Fund - Regular - Growth,-0.0013768702520771114,3.395515017894613
2024-10-21,100033,HDFC Mid-Cap Opportunities Fund - Regular - Growth,-0.008086011558849915,3.156712142069221
2024-10-22,100033,HDFC Mid-Cap Opportunities Fund - Regular - Growth,0.012190107144795181,3.281668855207713
2024-10-23,100033,HDFC Mid-Cap Opportunities Fund - Regular - Growth,0.01495106789654499,3.3823386964989544
2024-10-24,100033,HDFC Mid-Cap Opportunities Fund - Regular - Growth,-0.013177844755840717,3.165607757281819
2024-10-25,100033,HDFC Mid-Cap Opportunities Fund - Regular - Growth,-0.013640887373366883,2.929485229881163
2024-10-28,100033,HDFC Mid-Cap Opportunities Fund - Regular - Growth,0.0033762828890111507,2.8181729890894105
2024-10-29,100033,HDFC Mid-Cap Opportunities Fund - Regular - Growth,0.008241034019405014,2.5809171025342335
2024-10-30,100033,HDFC Mid-Cap Opportunities Fund - Regular - Growth,-0.002900323291276763,2.8148314662413303
2024-10-31,100033,HDFC Mid-Cap Opportunities Fund - Regular - Growth,0.008843840774202638,2.9549969832873333
2024-11-01,100033,HDFC Mid-Cap Opportunities Fund - Regular - Growth,-0.0077945604775649935,3.059330909731464
2024-11-04,100033,HDFC Mid-Cap Opportunities Fund - Regular - Growth,-0.02433496285697334,2.3371503294306133
2024-11-05,100033,HDFC Mid-Cap Opportunities Fund - Regular - Growth,-0.004389442324147952,2.3696240485519806
2024-11-06,100033,HDFC Mid-Cap Opportunities Fund - Regular - Growth,0.0014324381039192424,2.6806279993270707
2024-11-07,100033,HDFC Mid-Cap Opportunities Fund - Regular - Growth,-0.0026234032948471153,2.513194464257327
2024-11-08,100033,HDFC Mid-Cap Opportunities Fund - Regular - Growth,-0.01310597005064884,1.9891007859624257
2024-11-11,100033,HDFC Mid-Cap Opportunities Fund - Regular - Growth,-0.020836226560700388,1.500010022148145
2024-11-12,100033,HDFC Mid-Cap Opportunities Fund - Regular - Growth,-0.005463856675145262,1.3660328279866107
2024-11-13,100033,HDFC Mid-Cap Opportunities Fund - Regular - Growth,0.011484319593452419,1.4508841245099773
2024-11-14,100033,HDFC Mid-Cap Opportunities Fund - Regular - Growth,0.01583395245170882,1.4250798854263618
2024-11-15,100033,HDFC Mid-Cap Opportunities Fund - Regular - Growth,0.015001641408370014,1.7979440714306487
2024-11-18,100033,HDFC Mid-Cap Opportunities Fund - Regular - Growth,-0.009049890463777688,1.6629585038004104
2024-11-19,100033,HDFC Mid-Cap Opportunities Fund - Regular - Growth,-0.01304831383708771,1.5261407060131533
2024-11-20,100033,HDFC Mid-Cap Opportunities Fund - Regular - Growth,0.006640760556293479,1.8390578012584848
2024-11-21,100033,HDFC Mid-Cap Opportunities Fund - Regular - Growth,0.008310645568951669,2.012461671866788
2024-11-22,100033,HDFC Mid-Cap Opportunities Fund - Regular - Growth,0.00547895602483095,1.8939810235593169
2024-11-25,100033,HDFC Mid-Cap Opportunities Fund - Regular - Growth,-0.023158985355721584,1.3942010982348116
2024-11-26,100033,HDFC Mid-Cap Opportunities Fund - Regular - Growth,-0.009654196522860037,1.1220350966656139
2024-11-27,100033,HDFC Mid-Cap Opportunities Fund - Regular - Growth,0.0003192621948193697,1.0907110467632006
2024-11-28,100033,HDFC Mid-Cap Opportunities Fund - Regular - Growth,0.006527315543996659,1.0844572930975171
2024-11-29,100033,HDFC Mid-Cap Opportunities Fund - Regular - Growth,0.009907289966463395,1.3647956912441872
2024-12-02,100033,HDFC Mid-Cap Opportunities Fund - Regular - Growth,0.00240384314683717,1.4465291745770414
2024-12-03,100033,HDFC Mid-Cap Opportunities Fund - Regular - Growth,0.004644743278724661,1.4708497317484823
2024-12-04,100033,HDFC Mid-Cap Opportunities Fund - Regular - Growth,0.0016918035719164504,1.4368641580969428
2024-12-05,100033,HDFC Mid-Cap Opportunities Fund - Regular - Growth,0.008920083000587109,1.4995159944533436
2024-12-06,100033,HDFC Mid-Cap Opportunities Fund - Regular - Growth,0.004429212893921841,1.5796003063336006
2024-12-09,100033,HDFC Mid-Cap Opportunities Fund - Regular - Growth,0.00146227990851866,1.6600707046191545
2024-12-10,100033,HDFC Mid-Cap Opportunities Fund - Regular - Growth,-0.002534175940724248,1.104443210710306
2024-12-11,100033,HDFC Mid-Cap Opportunities Fund - Regular - Growth,0.0016488268339831524,0.9520531386624416
2024-12-12,100033,HDFC Mid-Cap Opportunities Fund - Regular - Growth,0.0064955818303076285,0.9653346934810487
2024-12-13,100033,HDFC Mid-Cap Opportunities Fund - Regular - Growth,0.0038833756043981094,1.0606581600737848
2024-12-16,100033,HDFC Mid-Cap Opportunities Fund - Regular - Growth,0.005246565162065009,1.2197181698871966
2024-12-17,100033,HDFC Mid-Cap Opportunities Fund - Regular - Growth,0.01688648719807273,1.4857371248321796
2024-12-18,100033,HDFC Mid-Cap Opportunities Fund - Regular - Growth,0.0038556992041527405,1.480635964032681
2024-12-19,100033,HDFC Mid-Cap Opportunities Fund - Regular - Growth,-0.007068039463384079,1.74468331320008
2024-12-20,100033,HDFC Mid-Cap Opportunities Fund - Regular - Growth,0.011314050123463426,2.2436015456312632
2024-12-23,100033,HDFC Mid-Cap Opportunities Fund - Regular - Growth,-0.015555103979339235,2.081390715507847
2024-12-24,100033,HDFC Mid-Cap Opportunities Fund - Regular - Growth,-0.012193904519329335,1.8188331194627356
2024-12-25,100033,HDFC Mid-Cap Opportunities Fund - Regular - Growth,0.0047056123496656,1.9289741282167567
2024-12-26,100033,HDFC Mid-Cap Opportunities Fund - Regular - Growth,0.00687848477768549,1.7645811560381885
2024-12-27,100033,HDFC Mid-Cap Opportunities Fund - Regular - Growth,-0.01412627597979843,1.8178776354180448
2024-12-30,100033,HDFC Mid-Cap Opportunities Fund - Regular - Growth,-0.003899896204625941,1.89491424474565
2024-12-31,100033,HDFC Mid-Cap Opportunities Fund - Regular - Growth,-0.0065576986287601,1.4965485293825782
2025-01-01,100033,HDFC Mid-Cap Opportunities Fund - Regular - Growth,-0.005137182602934387,1.3723043436810263
2025-01-02,100033,HDFC Mid-Cap Opportunities Fund - Regular - Growth,0.012040317286001523,1.3829864509536394
2025-01-03,100033,HDFC Mid-Cap Opportunities Fund - Regular - Growth,0.009172508973150695,1.1441558059420451
2025-01-06,100033,HDFC Mid-Cap Opportunities Fund - Regular - Growth,0.00044568379337150965,1.2849252232681958
2025-01-07,100033,HDFC Mid-Cap Opportunities Fund - Regular - Growth,-0.005842679493431091,1.1918306545324635
2025-01-08,100033,HDFC Mid-Cap Opportunities Fund - Regular - Growth,-0.015359853248164135,0.9631366148782926
2025-01-09,100033,HDFC Mid-Cap Opportunities Fund - Regular - Growth,0.017829417000572834,1.6586744236827662
2025-01-10,100033,HDFC Mid-Cap Opportunities Fund - Regular - Growth,0.007792000631609675,1.8396242467007888
2025-01-13,100033,HDFC Mid-Cap Opportunities Fund - Regular - Growth,-0.007753338476112037,1.51946015392717
2025-01-14,100033,HDFC Mid-Cap Opportunities Fund - Regular - Growth,0.009330543663383262,1.5535399281878965
2025-01-15,100033,HDFC Mid-Cap Opportunities Fund - Regular - Growth,-0.00016562535544595303,1.4170616336152682
2025-01-16,100033,HDFC Mid-Cap Opportunities Fund - Regular - Growth,-0.002758218773450838,1.4356118133234204
2025-01-17,100033,HDFC Mid-Cap Opportunities Fund - Regular - Growth,0.005901141962831202,1.6608145544015982
2025-01-20,100033,HDFC Mid-Cap Opportunities Fund - Regular - Growth,-0.008166893679570797,1.2593844433670236
2025-01-21,100033,HDFC Mid-Cap Opportunities Fund - Regular - Growth,-0.0034338341994479826,1.2920357492688312
2025-01-22,100033,HDFC Mid-Cap Opportunities Fund - Regular - Growth,0.0021304433592728156,1.2571316581383234
2025-01-23,100033,HDFC Mid-Cap Opportunities Fund - Regular - Growth,-0.00528907532372791,1.1192003283520033
2025-01-24,100033,HDFC Mid-Cap Opportunities Fund - Regular - Growth,0.008720512286177318,0.9672303027128105
2025-01-27,100033,HDFC Mid-Cap Opportunities Fund - Regular - Growth,0.023312964000209657,1.134142580176258
2025-01-28,100033,HDFC Mid-Cap Opportunities Fund - Regular - Growth,-0.008318668136707452,1.2534033315838498
2025-01-29,100033,HDFC Mid-Cap Opportunities Fund - Regular - Growth,-0.019071076539960097,1.1453108897081101
2025-01-30,100033,HDFC Mid-Cap Opportunities Fund - Regular - Growth,-0.02301498147676695,0.6088614640645548
2025-01-31,100033,HDFC Mid-Cap Opportunities Fund - Regular - Growth,-0.0011255132529802703,0.5917511123075011
2025-02-03,100033,HDFC Mid-Cap Opportunities Fund - Regular - Growth,-0.007236706534013648,0.5499277441300383
2025-02-04,100033,HDFC Mid-Cap Opportunities Fund - Regular - Growth,0.0031675246936155865,0.39178311743442246
2025-02-05,100033,HDFC Mid-Cap Opportunities Fund - Regular - Growth,0.002264477947204302,0.38088826214116805
2025-02-06,100033,HDFC Mid-Cap Opportunities Fund - Regular - Growth,-0.0183436880528407,0.05280392271178662
2025-02-07,100033,HDFC Mid-Cap Opportunities Fund - Regular - Growth,-0.02082779529387213,-0.4460568983668902
2025-02-10,100033,HDFC Mid-Cap Opportunities Fund - Regular - Growth,0.004225555396142111,-0.31640411593481566
2025-02-11,100033,HDFC Mid-Cap Opportunities Fund - Regular - Growth,0.002298299908247703,-0.60716329275183
2025-02-12,100033,HDFC Mid-Cap Opportunities Fund - Regular - Growth,-0.004412364692888526,-0.5378293180994731
2025-02-13,100033,HDFC Mid-Cap Opportunities Fund - Regular - Growth,-0.01897722484395692,-0.9791938163169378
2025-02-14,100033,HDFC Mid-Cap Opportunities Fund - Regular - Growth,0.00633668592462211,-1.1859656355712669
2025-02-17,100033,HDFC Mid-Cap Opportunities Fund - Regular - Growth,0.016025062090765596,-0.6610749452436973
2025-02-18,100033,HDFC Mid-Cap Opportunities Fund - Regular - Growth,0.00400942398397941,-0.5383603943152864
2025-02-19,100033,HDFC Mid-Cap Opportunities Fund - Regular - Growth,-0.009423806988174244,-0.9377272385256461
2025-02-20,100033,HDFC Mid-Cap Opportunities Fund - Regular - Growth,0.001208303952898504,-1.1736823485731707
2025-02-21,100033,HDFC Mid-Cap Opportunities Fund - Regular - Growth,-0.015553803559679835,-1.396122089137567
2025-02-24,100033,HDFC Mid-Cap Opportunities Fund - Regular - Growth,0.013426628302380283,-1.0317473531987698
2025-02-25,100033,HDFC Mid-Cap Opportunities Fund - Regular - Growth,0.0016553399770626864,-1.2147987584717739
2025-02-26,100033,HDFC Mid-Cap Opportunities Fund - Regular - Growth,-0.020279619969713725,-1.78898925308046
2025-02-27,100033,HDFC Mid-Cap Opportunities Fund - Regular - Growth,-0.002919921130129177,-1.6311605096622346
2025-02-28,100033,HDFC Mid-Cap Opportunities Fund - Regular - Growth,0.006238995148522886,-1.3079818987694924
2025-03-03,100033,HDFC Mid-Cap Opportunities Fund - Regular - Growth,-0.0033057259052515775,-1.4204893044302742
2025-03-04,100033,HDFC Mid-Cap Opportunities Fund - Regular - Growth,-0.0026245073843038647,-1.6088236637433864
2025-03-05,100033,HDFC Mid-Cap Opportunities Fund - Regular - Growth,-0.01388271727841417,-1.778764289654143
2025-03-06,100033,HDFC Mid-Cap Opportunities Fund - Regular - Growth,0.0074834519438922165,-1.8037132226615757
2025-03-07,100033,HDFC Mid-Cap Opportunities Fund - Regular - Growth,-0.007062002550867974,-1.7923226320573047
2025-03-10,100033,HDFC Mid-Cap Opportunities Fund - Regular - Growth,-0.02482218313310558,-1.798391465682482
2025-03-11,100033,HDFC Mid-Cap Opportunities Fund - Regular - Growth,-0.0037619955298318075,-1.7882629590909143
2025-03-12,100033,HDFC Mid-Cap Opportunities Fund - Regular - Growth,0.012495310704252027,-1.5897277786460584
2025-03-13,100033,HDFC Mid-Cap Opportunities Fund - Regular - Growth,-0.003948374449211478,-1.6111439704736525
2025-03-14,100033,HDFC Mid-Cap Opportunities Fund - Regular - Growth,0.02170823732496241,-1.0184261438942859
2025-03-17,100033,HDFC Mid-Cap Opportunities Fund - Regular - Growth,0.005825712001794603,-0.596496433576167
2025-03-18,100033,HDFC Mid-Cap Opportunities Fund - Regular - Growth,0.0047405738337849,-0.42795855152388507
2025-03-19,100033,HDFC Mid-Cap Opportunities Fund - Regular - Growth,-0.0008618996320741701,-0.6362850269216419
2025-03-20,100033,HDFC Mid-Cap Opportunities Fund - Regular - Growth,-0.0001428187933663061,-0.9142962990478786
2025-03-21,100033,HDFC Mid-Cap Opportunities Fund - Regular - Growth,-0.002474997630368292,-1.2243191979936978
2025-03-24,100033,HDFC Mid-Cap Opportunities Fund - Regular - Growth,-0.0029390043890604733,-1.1237748338529232
2025-03-25,100033,HDFC Mid-Cap Opportunities Fund - Regular - Growth,0.007053125835264851,-0.7833991210134124
2025-03-26,100033,HDFC Mid-Cap Opportunities Fund - Regular - Growth,-0.010470819341943605,-1.075449651115152
2025-03-27,100033,HDFC Mid-Cap Opportunities Fund - Regular - Growth,-0.012128671473001673,-1.4231366066061069
2025-03-28,100033,HDFC Mid-Cap Opportunities Fund - Regular - Growth,-0.012687330275382158,-1.725880014568054
2025-03-31,100033,HDFC Mid-Cap Opportunities Fund - Regular - Growth,0.02547772153053307,-0.8874595537408174
2025-04-01,100033,HDFC Mid-Cap Opportunities Fund - Regular - Growth,0.007047161189469797,-0.6064041968611702
2025-04-02,100033,HDFC Mid-Cap Opportunities Fund - Regular - Growth,0.004328277861218588,-0.5380407694854242
2025-04-03,100033,HDFC Mid-Cap Opportunities Fund - Regular - Growth,-0.011911378534630868,-0.84577364340687
2025-04-04,100033,HDFC Mid-Cap Opportunities Fund - Regular - Growth,0.008168667224713655,-0.8765000999791726
2025-04-07,100033,HDFC Mid-Cap Opportunities Fund - Regular - Growth,-0.0007203774565995857,-0.9295437292560667
2025-04-08,100033,HDFC Mid-Cap Opportunities Fund - Regular - Growth,0.003243152032800678,-0.9537850728016107
2025-04-09,100033,HDFC Mid-Cap Opportunities Fund - Regular - Growth,-0.010953733925269993,-1.1610782470114835
2025-04-10,100033,HDFC Mid-Cap Opportunities Fund - Regular - Growth,0.0025958115327753273,-1.272544415572861
2025-04-11,100033,HDFC Mid-Cap Opportunities Fund - Regular - Growth,-0.004388266814437158,-1.4222513693167487
2025-04-14,100033,HDFC Mid-Cap Opportunities Fund - Regular - Growth,-0.008453082360244668,-1.5853878028612851
2025-04-15,100033,HDFC Mid-Cap Opportunities Fund - Regular - Growth,0.009506118143934206,-1.3753725133112527
2025-04-16,100033,HDFC Mid-Cap Opportunities Fund - Regular - Growth,-0.0175740942061271,-1.6744574325796695
2025-04-17,100033,HDFC Mid-Cap Opportunities Fund - Regular - Growth,0.007462145056045477,-1.6572289405736926
2025-04-18,100033,HDFC Mid-Cap Opportunities Fund - Regular - Growth,0.008906795111301102,-1.5686030095941679
2025-04-21,100033,HDFC Mid-Cap Opportunities Fund - Regular - Growth,-0.009805303859120706,-1.8129036310129039
2025-04-22,100033,HDFC Mid-Cap Opportunities Fund - Regular - Growth,-0.009102133143480184,-2.2695944367629517
2025-04-23,100033,HDFC Mid-Cap Opportunities Fund - Regular - Growth,-0.0019931243349431416,-2.3702744004960783
2025-04-24,100033,HDFC Mid-Cap Opportunities Fund - Regular - Growth,0.004058455982360876,-2.1849765999959967
2025-04-25,100033,HDFC Mid-Cap Opportunities Fund - Regular - Growth,-0.001154029072638063,-2.412554051574201
2025-04-28,100033,HDFC Mid-Cap Opportunities Fund - Regular - Growth,0.005880853650613638,-2.0678775073599103
2025-04-29,100033,HDFC Mid-Cap Opportunities Fund - Regular - Growth,0.022014602628292357,-1.4582855280876905
2025-04-30,100033,HDFC Mid-Cap Opportunities Fund - Regular - Growth,-0.005387751494326465,-1.6265758117122473
2025-05-01,100033,HDFC Mid-Cap Opportunities Fund - Regular - Growth,-0.01965844550671092,-2.038907651298422
2025-05-02,100033,HDFC Mid-Cap Opportunities Fund - Regular - Growth,0.010616001871012415,-1.6362867075173644
2025-05-05,100033,HDFC Mid-Cap Opportunities Fund - Regular - Growth,0.021040366612040895,-1.2005984077022827
2025-05-06,100033,HDFC Mid-Cap Opportunities Fund - Regular - Growth,0.005389989053986799,-1.0091356994812257
2025-05-07,100033,HDFC Mid-Cap Opportunities Fund - Regular - Growth,-0.012268780754415065,-1.1174201567455373
2025-05-08,100033,HDFC Mid-Cap Opportunities Fund - Regular - Growth,-0.0008076726245423993,-1.3321499461900115
2025-05-09,100033,HDFC Mid-Cap Opportunities Fund - Regular - Growth,-0.012632631117166948,-1.6796528815561687
2025-05-12,100033,HDFC Mid-Cap Opportunities Fund - Regular - Growth,0.008404118623383416,-1.5458345016793704
2025-05-13,100033,HDFC Mid-Cap Opportunities Fund - Regular - Growth,-0.015379252791771658,-1.6840595936369802
2025-05-14,100033,HDFC Mid-Cap Opportunities Fund - Regular - Growth,-0.0029133824135016972,-1.500706362608004
2025-05-15,100033,HDFC Mid-Cap Opportunities Fund - Regular - Growth,-0.011282264477690873,-1.9896729624681904
2025-05-16,100033,HDFC Mid-Cap Opportunities Fund - Regular - Growth,0.0021948999721974616,-2.08721343792079
2025-05-19,100033,HDFC Mid-Cap Opportunities Fund - Regular - Growth,-0.003702865813389633,-2.0248829573623794
2025-05-20,100033,HDFC Mid-Cap Opportunities Fund - Regular - Growth,0.0027941225716570095,-2.141092072129732
2025-05-21,100033,HDFC Mid-Cap Opportunities Fund - Regular - Growth,0.0009423501297334269,-2.12258933883001
2025-05-22,100033,HDFC Mid-Cap Opportunities Fund - Regular - Growth,-0.011072701048040146,-2.248552799127835
2025-05-23,100033,HDFC Mid-Cap Opportunities Fund - Regular - Growth,0.008211267293202429,-2.2068444177732096
2025-05-26,100033,HDFC Mid-Cap Opportunities Fund - Regular - Growth,9.075807746894426e-05,-2.0771040173109334
2025-05-27,100033,HDFC Mid-Cap Opportunities Fund - Regular - Growth,-0.011094855584002694,-2.192338538165363
2025-05-28,100033,HDFC Mid-Cap Opportunities Fund - Regular - Growth,0.027877540710460336,-1.7088381273836337
2025-05-29,100033,HDFC Mid-Cap Opportunities Fund - Regular - Growth,0.006396983628555564,-1.5241635281549208
2025-05-30,100033,HDFC Mid-Cap Opportunities Fund - Regular - Growth,-0.0011590756248681666,-1.684943321946812
2025-06-02,100033,HDFC Mid-Cap Opportunities Fund - Regular - Growth,0.017769193366359293,-1.7906379590565553
2025-06-03,100033,HDFC Mid-Cap Opportunities Fund - Regular - Growth,0.022979068109078238,-1.266985353436408
2025-06-04,100033,HDFC Mid-Cap Opportunities Fund - Regular - Growth,-0.0010645736513928972,-1.0037656827432542
2025-06-05,100033,HDFC Mid-Cap Opportunities Fund - Regular - Growth,0.004844206489477143,-0.5801605261661785
2025-06-06,100033,HDFC Mid-Cap Opportunities Fund - Regular - Growth,-0.011088563435510346,-0.7356266771593385
2025-06-09,100033,HDFC Mid-Cap Opportunities Fund - Regular - Growth,-0.0010863512529931674,-0.6391323786073507
2025-06-10,100033,HDFC Mid-Cap Opportunities Fund - Regular - Growth,-0.001706683351147431,-0.7172005890688685
2025-06-11,100033,HDFC Mid-Cap Opportunities Fund - Regular - Growth,0.002890827520051209,-0.7070878097994252
2025-06-12,100033,HDFC Mid-Cap Opportunities Fund - Regular - Growth,0.004668322155456872,-0.3449526539164934
2025-06-13,100033,HDFC Mid-Cap Opportunities Fund - Regular - Growth,0.007402556618521405,0.11343502463071292
2025-06-16,100033,HDFC Mid-Cap Opportunities Fund - Regular - Growth,0.003525076453123832,0.1019322458806317
2025-06-17,100033,HDFC Mid-Cap Opportunities Fund - Regular - Growth,-0.013721767806700536,-0.16038931800855083
2025-06-18,100033,HDFC Mid-Cap Opportunities Fund - Regular - Growth,-0.010502305854422578,-0.25866240834328935
2025-06-19,100033,HDFC Mid-Cap Opportunities Fund - Regular - Growth,-0.005848040269473054,-0.0460405730963003
2025-06-20,100033,HDFC Mid-Cap Opportunities Fund - Regular - Growth,-0.002699660362467937,-0.19551954366495192
2025-06-23,100033,HDFC Mid-Cap Opportunities Fund - Regular - Growth,0.013339215358975753,-0.24087451158663745
2025-06-24,100033,HDFC Mid-Cap Opportunities Fund - Regular - Growth,-0.013157086249249828,-0.5219816143602248
2025-06-25,100033,HDFC Mid-Cap Opportunities Fund - Regular - Growth,-0.0035967553689688625,-0.42748021921981993
2025-06-26,100033,HDFC Mid-Cap Opportunities Fund - Regular - Growth,0.012154338156954658,-0.24465359132831496
2025-06-27,100033,HDFC Mid-Cap Opportunities Fund - Regular - Growth,-0.002910473281399928,-0.03754855486542948
2025-06-30,100033,HDFC Mid-Cap Opportunities Fund - Regular - Growth,0.006204620288129181,-0.15857749589125178
2025-07-01,100033,HDFC Mid-Cap Opportunities Fund - Regular - Growth,-0.000995066998995764,-0.20291945876345843
2025-07-02,100033,HDFC Mid-Cap Opportunities Fund - Regular - Growth,0.0037548770807458443,0.20312541860290487
2025-07-03,100033,HDFC Mid-Cap Opportunities Fund - Regular - Growth,-0.002057783321683604,0.21789301474431003
2025-07-04,100033,HDFC Mid-Cap Opportunities Fund - Regular - Growth,0.008696012455896351,0.2593513837171028
2025-07-07,100033,HDFC Mid-Cap Opportunities Fund - Regular - Growth,-0.01766019018267251,0.014512068813020678
2025-07-08,100033,HDFC Mid-Cap Opportunities Fund - Regular - Growth,-0.003666839203092964,-0.002972884266075081
2025-07-09,100033,HDFC Mid-Cap Opportunities Fund - Regular - Growth,0.004232980938332798,0.30359398184075825
2025-07-10,100033,HDFC Mid-Cap Opportunities Fund - Regular - Growth,0.007087256706851619,0.29697497058086375
2025-07-11,100033,HDFC Mid-Cap Opportunities Fund - Regular - Growth,0.01871669900486883,0.7228751160908025
2025-07-14,100033,HDFC Mid-Cap Opportunities Fund - Regular - Growth,-0.003997521648061109,1.105677273420894
2025-07-15,100033,HDFC Mid-Cap Opportunities Fund - Regular - Growth,0.018552464363081445,1.4674448774434612
2025-07-16,100033,HDFC Mid-Cap Opportunities Fund - Regular - Growth,-0.0071873360871052006,1.1375878129559094
2025-07-17,100033,HDFC Mid-Cap Opportunities Fund - Regular - Growth,0.016715042644368072,1.4720844795352324
2025-07-18,100033,HDFC Mid-Cap Opportunities Fund - Regular - Growth,0.010513666007181177,1.3065828960968027
2025-07-21,100033,HDFC Mid-Cap Opportunities Fund - Regular - Growth,-0.010205798285691126,1.0267275700576761
2025-07-22,100033,HDFC Mid-Cap Opportunities Fund - Regular - Growth,0.004358848982544572,1.0203775550219158
2025-07-23,100033,HDFC Mid-Cap Opportunities Fund - Regular - Growth,6.127256872945352e-05,1.0362286493835922
2025-07-24,100033,HDFC Mid-Cap Opportunities Fund - Regular - Growth,0.008195850142314498,1.1750516819279613
2025-07-25,100033,HDFC Mid-Cap Opportunities Fund - Regular - Growth,-0.0019959262929389876,1.1833769469556255
2025-07-28,100033,HDFC Mid-Cap Opportunities Fund - Regular - Growth,-0.002998220039857502,1.1823423847765377
2025-07-29,100033,HDFC Mid-Cap Opportunities Fund - Regular - Growth,0.017207474798087485,1.3390923533690575
2025-07-30,100033,HDFC Mid-Cap Opportunities Fund - Regular - Growth,-0.000506887088348229,1.5165131163848495
2025-07-31,100033,HDFC Mid-Cap Opportunities Fund - Regular - Growth,0.010622238495878289,1.9098828071172562
2025-08-01,100033,HDFC Mid-Cap Opportunities Fund - Regular - Growth,-0.0020205990305814936,2.1116048912028202
2025-08-04,100033,HDFC Mid-Cap Opportunities Fund - Regular - Growth,0.020836439722013322,2.0541995733002225
2025-08-05,100033,HDFC Mid-Cap Opportunities Fund - Regular - Growth,-0.007416280571567513,1.7992718181973384
2025-08-06,100033,HDFC Mid-Cap Opportunities Fund - Regular - Growth,-0.006653945261703265,1.6048744624747726
2025-08-07,100033,HDFC Mid-Cap Opportunities Fund - Regular - Growth,0.019101641941732694,2.123393680748377
2025-08-08,100033,HDFC Mid-Cap Opportunities Fund - Regular - Growth,-0.00464017968204089,1.9051961333107095
2025-08-11,100033,HDFC Mid-Cap Opportunities Fund - Regular - Growth,0.020035827728471345,2.2206645927389905
2025-08-12,100033,HDFC Mid-Cap Opportunities Fund - Regular - Growth,0.011413351551536444,2.3468067177975342
2025-08-13,100033,HDFC Mid-Cap Opportunities Fund - Regular - Growth,-0.0011755387918183091,2.5299246655544567
2025-08-14,100033,HDFC Mid-Cap Opportunities Fund - Regular - Growth,-0.020809110980769874,2.0821341601702184
2025-08-15,100033,HDFC Mid-Cap Opportunities Fund - Regular - Growth,0.0004436456026775115,2.1651751120959504
2025-08-18,100033,HDFC Mid-Cap Opportunities Fund - Regular - Growth,0.001892913388303219,2.347251783050092
2025-08-19,100033,HDFC Mid-Cap Opportunities Fund - Regular - Growth,0.014752524315159388,2.420967969156711
2025-08-20,100033,HDFC Mid-Cap Opportunities Fund - Regular - Growth,0.019881598230546915,3.045979178972116
2025-08-21,100033,HDFC Mid-Cap Opportunities Fund - Regular - Growth,-0.007495660706283047,2.79068552890838
2025-08-22,100033,HDFC Mid-Cap Opportunities Fund - Regular - Growth,0.010316469525807559,2.8109121210407175
2025-08-25,100033,HDFC Mid-Cap Opportunities Fund - Regular - Growth,0.009884443288280753,3.1469020229846487
2025-08-26,100033,HDFC Mid-Cap Opportunities Fund - Regular - Growth,0.01361374276275007,3.5220678199135014
2025-08-27,100033,HDFC Mid-Cap Opportunities Fund - Regular - Growth,0.006665398474105855,3.6653564812523514
2025-08-28,100033,HDFC Mid-Cap Opportunities Fund - Regular - Growth,-0.02232186430167571,3.1374661017439203
2025-08-29,100033,HDFC Mid-Cap Opportunities Fund - Regular - Growth,-0.0011848483529220966,3.136941406394336
2025-09-01,100033,HDFC Mid-Cap Opportunities Fund - Regular - Growth,-0.013071713687836661,2.8048972840451403
2025-09-02,100033,HDFC Mid-Cap Opportunities Fund - Regular - Growth,-0.0017490751108591995,2.472151586599161
2025-09-03,100033,HDFC Mid-Cap Opportunities Fund - Regular - Growth,0.012481611877020793,2.75324400304106
2025-09-04,100033,HDFC Mid-Cap Opportunities Fund - Regular - Growth,0.004336143608435261,3.2114890983660738
2025-09-05,100033,HDFC Mid-Cap Opportunities Fund - Regular - Growth,0.014520432649932191,3.2629372026838195
2025-09-08,100033,HDFC Mid-Cap Opportunities Fund - Regular - Growth,0.004776537882529519,3.04826928415966
2025-09-09,100033,HDFC Mid-Cap Opportunities Fund - Regular - Growth,-0.014754905423782771,2.6756307419934697
2025-09-10,100033,HDFC Mid-Cap Opportunities Fund - Regular - Growth,-0.02906666039264183,2.3142891154933034
2025-09-11,100033,HDFC Mid-Cap Opportunities Fund - Regular - Growth,0.002458964373287076,2.366891441480541
2025-09-12,100033,HDFC Mid-Cap Opportunities Fund - Regular - Growth,-0.001884303532867726,2.5608619172085447
2025-09-15,100033,HDFC Mid-Cap Opportunities Fund - Regular - Growth,-0.010957742439811291,2.2377780941671968
2025-09-16,100033,HDFC Mid-Cap Opportunities Fund - Regular - Growth,-0.019487712468497898,2.1566237614548
2025-09-17,100033,HDFC Mid-Cap Opportunities Fund - Regular - Growth,-0.008086532237317479,2.0677096343798858
2025-09-18,100033,HDFC Mid-Cap Opportunities Fund - Regular - Growth,-0.001651671873182936,2.235681093184478
2025-09-19,100033,HDFC Mid-Cap Opportunities Fund - Regular - Growth,0.008681920438078805,2.333721821369323
2025-09-22,100033,HDFC Mid-Cap Opportunities Fund - Regular - Growth,0.002936263750218826,2.442313343550267
2025-09-23,100033,HDFC Mid-Cap Opportunities Fund - Regular - Growth,0.020121332601053865,2.677446139104936
2025-09-24,100033,HDFC Mid-Cap Opportunities Fund - Regular - Growth,-0.011651901385505758,2.4602837989293445
2025-09-25,100033,HDFC Mid-Cap Opportunities Fund - Regular - Growth,0.011283005243163391,2.8178399917999264
2025-09-26,100033,HDFC Mid-Cap Opportunities Fund - Regular - Growth,0.0012414478254290096,2.713637740684003
2025-09-29,100033,HDFC Mid-Cap Opportunities Fund - Regular - Growth,0.009029355871581268,2.8476084320795096
2025-09-30,100033,HDFC Mid-Cap Opportunities Fund - Regular - Growth,-0.00453957919199488,2.9668508931972
2025-10-01,100033,HDFC Mid-Cap Opportunities Fund - Regular - Growth,0.01359286314873942,2.8103065668453877
2025-10-02,100033,HDFC Mid-Cap Opportunities Fund - Regular - Growth,0.004217025483747472,2.777160030606056
2025-10-03,100033,HDFC Mid-Cap Opportunities Fund - Regular - Growth,-0.0074296480792780395,2.666607700874783
2025-10-06,100033,HDFC Mid-Cap Opportunities Fund - Regular - Growth,0.0005308966577191043,2.4190162190434026
2025-10-07,100033,HDFC Mid-Cap Opportunities Fund - Regular - Growth,-0.0021904090774095275,2.054709870054008
2025-10-08,100033,HDFC Mid-Cap Opportunities Fund - Regular - Growth,0.006550838146131666,2.1788236779540573
2025-10-09,100033,HDFC Mid-Cap Opportunities Fund - Regular - Growth,-0.013355824259108973,1.858556424686519
2025-10-10,100033,HDFC Mid-Cap Opportunities Fund - Regular - Growth,0.00032320844671973603,2.0611156952476994
2025-10-13,100033,HDFC Mid-Cap Opportunities Fund - Regular - Growth,0.0054207534446777395,2.167612587574536
2025-10-14,100033,HDFC Mid-Cap Opportunities Fund - Regular - Growth,0.0010701852293755199,2.214565888161159
2025-10-15,100033,HDFC Mid-Cap Opportunities Fund - Regular - Growth,0.016937836060204603,2.4188884595974462
2025-10-16,100033,HDFC Mid-Cap Opportunities Fund - Regular - Growth,0.00998861851325783,2.4985759050337397
2025-10-17,100033,HDFC Mid-Cap Opportunities Fund - Regular - Growth,0.0005852390856264655,2.3911564820374105
2025-10-20,100033,HDFC Mid-Cap Opportunities Fund - Regular - Growth,0.0032733370464907985,2.3871516070975027
2025-10-21,100033,HDFC Mid-Cap Opportunities Fund - Regular - Growth,0.004222306006970822,2.7103803856337323
2025-10-22,100033,HDFC Mid-Cap Opportunities Fund - Regular - Growth,0.005516766847220911,2.9955899967874
2025-10-23,100033,HDFC Mid-Cap Opportunities Fund - Regular - Growth,-0.020953729874904736,2.683342610910265
2025-10-24,100033,HDFC Mid-Cap Opportunities Fund - Regular - Growth,-0.0029301504827090596,2.6793242545051443
2025-10-27,100033,HDFC Mid-Cap Opportunities Fund - Regular - Growth,-0.016947008550869724,2.165750368998234
2025-10-28,100033,HDFC Mid-Cap Opportunities Fund - Regular - Growth,0.016102138245699393,2.6377205014085523
2025-10-29,100033,HDFC Mid-Cap Opportunities Fund - Regular - Growth,-5.3519228478959846e-05,2.698021597645066
2025-10-30,100033,HDFC Mid-Cap Opportunities Fund - Regular - Growth,-0.0016380775768813916,2.486989515471908
2025-10-31,100033,HDFC Mid-Cap Opportunities Fund - Regular - Growth,0.011473653371912418,2.710616816799349
2025-11-03,100033,HDFC Mid-Cap Opportunities Fund - Regular - Growth,0.005745841505997218,2.7036955645998226
2025-11-04,100033,HDFC Mid-Cap Opportunities Fund - Regular - Growth,-0.012752041250687962,2.4902629310617113
2025-11-05,100033,HDFC Mid-Cap Opportunities Fund - Regular - Growth,-0.00017404784924968109,2.4275451082252633
2025-11-06,100033,HDFC Mid-Cap Opportunities Fund - Regular - Growth,-0.0033315474344152163,2.4059516715368403
2025-11-07,100033,HDFC Mid-Cap Opportunities Fund - Regular - Growth,-0.020002535022543677,1.9116391527089012
2025-11-10,100033,HDFC Mid-Cap Opportunities Fund - Regular - Growth,-0.007558587133926542,2.0965527888351767
2025-11-11,100033,HDFC Mid-Cap Opportunities Fund - Regular - Growth,-0.0015208261254735511,2.1323294464569345
2025-11-12,100033,HDFC Mid-Cap Opportunities Fund - Regular - Growth,-0.0007011661111073764,2.054192537909055
2025-11-13,100033,HDFC Mid-Cap Opportunities Fund - Regular - Growth,-0.016921038780506437,1.6502525641241483
2025-11-14,100033,HDFC Mid-Cap Opportunities Fund - Regular - Growth,0.014563757513496478,1.594261872708922
2025-11-17,100033,HDFC Mid-Cap Opportunities Fund - Regular - Growth,-0.000547591765466926,1.6504254891287626
2025-11-18,100033,HDFC Mid-Cap Opportunities Fund - Regular - Growth,0.0011246405069462728,1.39458036542596
2025-11-19,100033,HDFC Mid-Cap Opportunities Fund - Regular - Growth,0.005484838109438783,1.6010367171352715
2025-11-20,100033,HDFC Mid-Cap Opportunities Fund - Regular - Growth,-0.008719502274012858,1.2015249811381288
2025-11-21,100033,HDFC Mid-Cap Opportunities Fund - Regular - Growth,0.006155542841421502,1.1346020383953792
2025-11-24,100033,HDFC Mid-Cap Opportunities Fund - Regular - Growth,-0.0037116690353350412,1.2458822641205383
2025-11-25,100033,HDFC Mid-Cap Opportunities Fund - Regular - Growth,-0.010006132489053687,1.0068751735386823
2025-11-26,100033,HDFC Mid-Cap Opportunities Fund - Regular - Growth,0.007566470462450958,1.1260806418504115
2025-11-27,100033,HDFC Mid-Cap Opportunities Fund - Regular - Growth,0.018701034755674417,1.280084098077826
2025-11-28,100033,HDFC Mid-Cap Opportunities Fund - Regular - Growth,0.009393716983007172,1.4578680905282588
2025-12-01,100033,HDFC Mid-Cap Opportunities Fund - Regular - Growth,0.011790610614514252,1.6859624825361867
2025-12-02,100033,HDFC Mid-Cap Opportunities Fund - Regular - Growth,-0.005541474277844571,1.3384227347419329
2025-12-03,100033,HDFC Mid-Cap Opportunities Fund - Regular - Growth,-0.01827796867303122,1.036420840886597
2025-12-04,100033,HDFC Mid-Cap Opportunities Fund - Regular - Growth,0.018682148737624527,1.1519259669987236
2025-12-05,100033,HDFC Mid-Cap Opportunities Fund - Regular - Growth,0.02558679611474468,1.5426873231114915
2025-12-08,100033,HDFC Mid-Cap Opportunities Fund - Regular - Growth,0.01932466790100773,1.5233487371219188
2025-12-09,100033,HDFC Mid-Cap Opportunities Fund - Regular - Growth,-0.003338696686994047,1.5890520460844517
2025-12-10,100033,HDFC Mid-Cap Opportunities Fund - Regular - Growth,-0.013059097482622573,1.482432745638131
2025-12-11,100033,HDFC Mid-Cap Opportunities Fund - Regular - Growth,-0.012007922753156652,1.0168979200094803
2025-12-12,100033,HDFC Mid-Cap Opportunities Fund - Regular - Growth,-0.019289135138089386,0.7807680688005219
2025-12-15,100033,HDFC Mid-Cap Opportunities Fund - Regular - Growth,-0.0006103763216448455,0.4773680779295211
2025-12-16,100033,HDFC Mid-Cap Opportunities Fund - Regular - Growth,0.02009174893128396,0.603395005051429
2025-12-17,100033,HDFC Mid-Cap Opportunities Fund - Regular - Growth,-0.001020426757047388,0.6057540666110955
2025-12-18,100033,HDFC Mid-Cap Opportunities Fund - Regular - Growth,0.004302529066640082,1.0043430645162632
2025-12-19,100033,HDFC Mid-Cap Opportunities Fund - Regular - Growth,0.017286504057808294,1.2495600314847424
2025-12-22,100033,HDFC Mid-Cap Opportunities Fund - Regular - Growth,-0.004153364410997673,1.1562313752144724
2025-12-23,100033,HDFC Mid-Cap Opportunities Fund - Regular - Growth,0.025353780272604043,1.29580069504102
2025-12-24,100033,HDFC Mid-Cap Opportunities Fund - Regular - Growth,0.02482070840252959,1.358200864788101
2025-12-25,100033,HDFC Mid-Cap Opportunities Fund - Regular - Growth,-0.0008941578898987723,1.4602458032733352
2025-12-26,100033,HDFC Mid-Cap Opportunities Fund - Regular - Growth,-0.006218355842041445,1.2157675517929152
2025-12-29,100033,HDFC Mid-Cap Opportunities Fund - Regular - Growth,0.00906063863176887,1.2041683530755682
2025-12-30,100033,HDFC Mid-Cap Opportunities Fund - Regular - Growth,-0.0034788326413898174,0.9548052827124979
2025-12-31,100033,HDFC Mid-Cap Opportunities Fund - Regular - Growth,-0.013081922527509393,0.654500833200837
2026-01-01,100033,HDFC Mid-Cap Opportunities Fund - Regular - Growth,0.016138487802137336,1.2427707590746198
2026-01-02,100033,HDFC Mid-Cap Opportunities Fund - Regular - Growth,0.0153507971167961,1.4801506460330978
2026-01-05,100033,HDFC Mid-Cap Opportunities Fund - Regular - Growth,0.0025389655693253133,1.7279729919021103
2026-01-06,100033,HDFC Mid-Cap Opportunities Fund - Regular - Growth,-0.014336686132992882,1.5234746078343941
2026-01-07,100033,HDFC Mid-Cap Opportunities Fund - Regular - Growth,-0.013943166035905952,1.1243071426616449
2026-01-08,100033,HDFC Mid-Cap Opportunities Fund - Regular - Growth,0.0019599896376443215,1.089394109764683
2026-01-09,100033,HDFC Mid-Cap Opportunities Fund - Regular - Growth,-0.00529417934957821,0.7990894515599246
2026-01-12,100033,HDFC Mid-Cap Opportunities Fund - Regular - Growth,-0.003402344221164033,0.6765021605872951
2026-01-13,100033,HDFC Mid-Cap Opportunities Fund - Regular - Growth,0.012990175001265092,1.0964122465657962
2026-01-14,100033,HDFC Mid-Cap Opportunities Fund - Regular - Growth,0.009494637126553407,1.7370179398680805
2026-01-15,100033,HDFC Mid-Cap Opportunities Fund - Regular - Growth,0.017317752132102626,1.9470361243251024
2026-01-16,100033,HDFC Mid-Cap Opportunities Fund - Regular - Growth,-0.011119925379582507,1.7934940437951121
2026-01-19,100033,HDFC Mid-Cap Opportunities Fund - Regular - Growth,-0.0034269135521324268,1.9193882368335684
2026-01-20,100033,HDFC Mid-Cap Opportunities Fund - Regular - Growth,0.009806260003790257,2.4097363871504887
2026-01-21,100033,HDFC Mid-Cap Opportunities Fund - Regular - Growth,0.006055849452867745,2.640519871308343
2026-01-22,100033,HDFC Mid-Cap Opportunities Fund - Regular - Growth,0.019197445459833595,2.9314108130398453
2026-01-23,100033,HDFC Mid-Cap Opportunities Fund - Regular - Growth,0.005724328780695398,2.8893132712105314
2026-01-26,100033,HDFC Mid-Cap Opportunities Fund - Regular - Growth,0.02305636656298149,3.142899907630106
2026-01-27,100033,HDFC Mid-Cap Opportunities Fund - Regular - Growth,0.007163405943724888,2.9825676365595686
2026-01-28,100033,HDFC Mid-Cap Opportunities Fund - Regular - Growth,0.013477604882113248,3.3808558839335325
2026-01-29,100033,HDFC Mid-Cap Opportunities Fund - Regular - Growth,-0.003192308241691033,3.1633217162608678
2026-01-30,100033,HDFC Mid-Cap Opportunities Fund - Regular - Growth,0.0008457715245031583,3.157045054541884
2026-02-02,100033,HDFC Mid-Cap Opportunities Fund - Regular - Growth,0.011644984511534062,3.1918031018107924
2026-02-03,100033,HDFC Mid-Cap Opportunities Fund - Regular - Growth,0.02018094190938191,3.534290529018989
2026-02-04,100033,HDFC Mid-Cap Opportunities Fund - Regular - Growth,0.009447087646369923,3.4817742348987313
2026-02-05,100033,HDFC Mid-Cap Opportunities Fund - Regular - Growth,-0.0003206699252840117,3.4113050325983973
2026-02-06,100033,HDFC Mid-Cap Opportunities Fund - Regular - Growth,0.017307677620293616,3.772930778151056
2026-02-09,100033,HDFC Mid-Cap Opportunities Fund - Regular - Growth,-0.02523694451559899,3.2739969584427304
2026-02-10,100033,HDFC Mid-Cap Opportunities Fund - Regular - Growth,-0.016214925630630095,3.0274310279414833
2026-02-11,100033,HDFC Mid-Cap Opportunities Fund - Regular - Growth,0.008871938263760759,3.058429711401139
2026-02-12,100033,HDFC Mid-Cap Opportunities Fund - Regular - Growth,0.0008439753692044416,3.2974282034040563
2026-02-13,100033,HDFC Mid-Cap Opportunities Fund - Regular - Growth,0.007953164285689818,3.4067333115456297
2026-02-16,100033,HDFC Mid-Cap Opportunities Fund - Regular - Growth,0.0014467598824747796,3.3490708082385674
2026-02-17,100033,HDFC Mid-Cap Opportunities Fund - Regular - Growth,0.007536432439872787,3.4413855956145456
2026-02-18,100033,HDFC Mid-Cap Opportunities Fund - Regular - Growth,-0.009031937771174725,3.06812986993598
2026-02-19,100033,HDFC Mid-Cap Opportunities Fund - Regular - Growth,0.007531001952835403,3.035615165864117
2026-02-20,100033,HDFC Mid-Cap Opportunities Fund - Regular - Growth,0.012655970009532336,3.201207094405498
2026-02-23,100033,HDFC Mid-Cap Opportunities Fund - Regular - Growth,0.015400489331464318,3.358108937961773
2026-02-24,100033,HDFC Mid-Cap Opportunities Fund - Regular - Growth,0.025084023816277723,3.5946291285057206
2026-02-25,100033,HDFC Mid-Cap Opportunities Fund - Regular - Growth,0.0036026685188548235,3.568039880121762
2026-02-26,100033,HDFC Mid-Cap Opportunities Fund - Regular - Growth,0.003961038098609482,4.011963403722524
2026-02-27,100033,HDFC Mid-Cap Opportunities Fund - Regular - Growth,-0.01740305791576857,3.744437003454936
2026-03-02,100033,HDFC Mid-Cap Opportunities Fund - Regular - Growth,-0.00566952059756054,3.9560328557529774
2026-03-03,100033,HDFC Mid-Cap Opportunities Fund - Regular - Growth,-0.0016351123827018643,3.718362215543274
2026-03-04,100033,HDFC Mid-Cap Opportunities Fund - Regular - Growth,0.013333765753228866,3.9003076943288866
2026-03-05,100033,HDFC Mid-Cap Opportunities Fund - Regular - Growth,-0.006616254338825511,3.816799585548251
2026-03-06,100033,HDFC Mid-Cap Opportunities Fund - Regular - Growth,0.010258182616972977,3.8018572909998563
2026-03-09,100033,HDFC Mid-Cap Opportunities Fund - Regular - Growth,0.0006555002588950476,3.727775704248986
2026-03-10,100033,HDFC Mid-Cap Opportunities Fund - Regular - Growth,-0.0014448643864251043,3.9280490778900066
2026-03-11,100033,HDFC Mid-Cap Opportunities Fund - Regular - Growth,0.0036601840450212197,3.9862249206755678
2026-03-12,100033,HDFC Mid-Cap Opportunities Fund - Regular - Growth,-0.003999233340550856,3.974953605510551
2026-03-13,100033,HDFC Mid-Cap Opportunities Fund - Regular - Growth,-0.004450373244470951,4.286203211786666
2026-03-16,100033,HDFC Mid-Cap Opportunities Fund - Regular - Growth,-0.019536465931738634,4.040142361662498
2026-03-17,100033,HDFC Mid-Cap Opportunities Fund - Regular - Growth,-0.002290523956983481,4.027513407417242
2026-03-18,100033,HDFC Mid-Cap Opportunities Fund - Regular - Growth,-0.0050570995054664,3.954904626138195
2026-03-19,100033,HDFC Mid-Cap Opportunities Fund - Regular - Growth,-0.005486001171249644,4.178241495943702
2026-03-20,100033,HDFC Mid-Cap Opportunities Fund - Regular - Growth,0.005680118771048681,4.06585976476185
2026-03-23,100033,HDFC Mid-Cap Opportunities Fund - Regular - Growth,0.008594253306294153,4.20054164577234
2026-03-24,100033,HDFC Mid-Cap Opportunities Fund - Regular - Growth,0.0034597811943031243,4.2363664008905175
2026-03-25,100033,HDFC Mid-Cap Opportunities Fund - Regular - Growth,0.012668068377029496,4.3295108784208765
2026-03-26,100033,HDFC Mid-Cap Opportunities Fund - Regular - Growth,0.007592314815870083,4.597912303115987
2026-03-27,100033,HDFC Mid-Cap Opportunities Fund - Regular - Growth,-0.0028529632012120887,4.456464951888817
2026-03-30,100033,HDFC Mid-Cap Opportunities Fund - Regular - Growth,-0.004853472369062861,4.436123531048616
2026-03-31,100033,HDFC Mid-Cap Opportunities Fund - Regular - Growth,0.004428505876129307,4.687590053132243
2026-04-01,100033,HDFC Mid-Cap Opportunities Fund - Regular - Growth,0.00757051546547749,4.6876448870462495
2026-04-02,100033,HDFC Mid-Cap Opportunities Fund - Regular - Growth,0.017557706708669407,4.676839876654457
2026-04-03,100033,HDFC Mid-Cap Opportunities Fund - Regular - Growth,0.015043558345761987,4.7431172002457105
2026-04-06,100033,HDFC Mid-Cap Opportunities Fund - Regular - Growth,-0.005789556094887738,4.474713727723631
2026-04-07,100033,HDFC Mid-Cap Opportunities Fund - Regular - Growth,-0.0005461600895904084,4.5622018957314365
2026-04-08,100033,HDFC Mid-Cap Opportunities Fund - Regular - Growth,0.008744180863708317,5.066466319829904
2026-04-09,100033,HDFC Mid-Cap Opportunities Fund - Regular - Growth,0.01354806189462554,5.014972683592732
2026-04-10,100033,HDFC Mid-Cap Opportunities Fund - Regular - Growth,0.011984251816806957,4.893086258451512
2026-04-13,100033,HDFC Mid-Cap Opportunities Fund - Regular - Growth,-8.974758898550039e-05,4.6374147164585535
2026-04-14,100033,HDFC Mid-Cap Opportunities Fund - Regular - Growth,-0.014232525324011092,4.410410493290928
2026-04-15,100033,HDFC Mid-Cap Opportunities Fund - Regular - Growth,-0.011218101266416425,4.450804584097447
2026-04-16,100033,HDFC Mid-Cap Opportunities Fund - Regular - Growth,0.003945404464649638,4.753712798701371
2026-04-17,100033,HDFC Mid-Cap Opportunities Fund - Regular - Growth,0.0047820863960830184,5.266296505487973
2026-04-20,100033,HDFC Mid-Cap Opportunities Fund - Regular - Growth,-0.012397762991883665,5.015614735383474
2026-04-21,100033,HDFC Mid-Cap Opportunities Fund - Regular - Growth,0.0012086194876519407,4.772345526511137
2026-04-22,100033,HDFC Mid-Cap Opportunities Fund - Regular - Growth,0.008263803873208575,4.923486854759862
2026-04-23,100033,HDFC Mid-Cap Opportunities Fund - Regular - Growth,-0.013018990061994251,4.580307160298116
2026-04-24,100033,HDFC Mid-Cap Opportunities Fund - Regular - Growth,0.013997270827371011,4.54476649317497
2026-04-27,100033,HDFC Mid-Cap Opportunities Fund - Regular - Growth,-0.0038365227651797618,4.550911712405912
2026-04-28,100033,HDFC Mid-Cap Opportunities Fund - Regular - Growth,0.015851051216869028,4.468113590179366
2026-04-29,100033,HDFC Mid-Cap Opportunities Fund - Regular - Growth,-0.005693928923284797,4.045846034075502
2026-04-30,100033,HDFC Mid-Cap Opportunities Fund - Regular - Growth,-0.011545652057108335,3.828668915773208
2026-05-01,100033,HDFC Mid-Cap Opportunities Fund - Regular - Growth,-0.004797422493472148,3.8569546469388354
2026-05-04,100033,HDFC Mid-Cap Opportunities Fund - Regular - Growth,-0.00046412836720655104,3.7036281954739114
2026-05-05,100033,HDFC Mid-Cap Opportunities Fund - Regular - Growth,-0.003966959564811412,3.694291629131423
2026-05-06,100033,HDFC Mid-Cap Opportunities Fund - Regular - Growth,-0.0019089446082515282,3.926957785007914
2026-05-07,100033,HDFC Mid-Cap Opportunities Fund - Regular - Growth,0.004682688120060785,3.7680515596214286
2026-05-08,100033,HDFC Mid-Cap Opportunities Fund - Regular - Growth,-0.001373400143147796,3.5102157356696897
2026-05-11,100033,HDFC Mid-Cap Opportunities Fund - Regular - Growth,-0.00011659753229065206,3.46325425430461
2026-05-12,100033,HDFC Mid-Cap Opportunities Fund - Regular - Growth,-0.019588421723163885,3.3363650887091016
2026-05-13,100033,HDFC Mid-Cap Opportunities Fund - Regular - Growth,0.005377279403862012,3.7170416339232295
2026-05-14,100033,HDFC Mid-Cap Opportunities Fund - Regular - Growth,-0.0003931141453530351,3.6747433164965218
2026-05-15,100033,HDFC Mid-Cap Opportunities Fund - Regular - Growth,0.020148250053899863,4.060893019622234
2026-05-18,100033,HDFC Mid-Cap Opportunities Fund - Regular - Growth,-0.010515330885580099,3.911233327630763
2026-05-19,100033,HDFC Mid-Cap Opportunities Fund - Regular - Growth,-0.020750136387663654,3.26720444086511
2026-05-20,100033,HDFC Mid-Cap Opportunities Fund - Regular - Growth,0.0081047933742191,3.247086658884092
2026-05-21,100033,HDFC Mid-Cap Opportunities Fund - Regular - Growth,0.004833739674642512,3.0740203056164477
2026-05-22,100033,HDFC Mid-Cap Opportunities Fund - Regular - Growth,-0.011330420078841774,3.069602796526492
2026-05-25,100033,HDFC Mid-Cap Opportunities Fund - Regular - Growth,-0.017480209846636563,2.7840402581388695
2026-05-26,100033,HDFC Mid-Cap Opportunities Fund - Regular - Growth,0.01925838660324919,2.9063026471645865
2026-05-27,100033,HDFC Mid-Cap Opportunities Fund - Regular - Growth,0.017755942307642325,3.0635670458955317
2026-05-28,100033,HDFC Mid-Cap Opportunities Fund - Regular - Growth,-0.028678421243936603,2.2247310928086477
2026-05-29,100033,HDFC Mid-Cap Opportunities Fund - Regular - Growth,-0.00479811066935798,2.057497120801245
2022-01-03,120504,ICICI Pru Bluechip Fund - Direct - Growth,,
2022-01-04,120504,ICICI Pru Bluechip Fund - Direct - Growth,-0.011466829821405344,
2022-01-05,120504,ICICI Pru Bluechip Fund - Direct - Growth,0.01392250288860808,
2022-01-06,120504,ICICI Pru Bluechip Fund - Direct - Growth,0.0038931418002672302,
2022-01-07,120504,ICICI Pru Bluechip Fund - Direct - Growth,0.001934891160306762,
2022-01-10,120504,ICICI Pru Bluechip Fund - Direct - Growth,0.014867086760129489,
2022-01-11,120504,ICICI Pru Bluechip Fund - Direct - Growth,0.012452306512314104,
2022-01-12,120504,ICICI Pru Bluechip Fund - Direct - Growth,0.006278779746762275,
2022-01-13,120504,ICICI Pru Bluechip Fund - Direct - Growth,0.004700436867885349,
2022-01-14,120504,ICICI Pru Bluechip Fund - Direct - Growth,0.005969106697782278,
2022-01-17,120504,ICICI Pru Bluechip Fund - Direct - Growth,-0.0030078747613110357,
2022-01-18,120504,ICICI Pru Bluechip Fund - Direct - Growth,3.0074521498502094e-05,
2022-01-19,120504,ICICI Pru Bluechip Fund - Direct - Growth,-0.007413938013526855,
2022-01-20,120504,ICICI Pru Bluechip Fund - Direct - Growth,-0.0024174811313683042,
2022-01-21,120504,ICICI Pru Bluechip Fund - Direct - Growth,-0.002714268130687758,
2022-01-24,120504,ICICI Pru Bluechip Fund - Direct - Growth,-0.005074653181275424,
2022-01-25,120504,ICICI Pru Bluechip Fund - Direct - Growth,0.0017238073911061136,
2022-01-26,120504,ICICI Pru Bluechip Fund - Direct - Growth,-0.002338413834918285,
2022-01-27,120504,ICICI Pru Bluechip Fund - Direct - Growth,0.004956999040840904,
2022-01-28,120504,ICICI Pru Bluechip Fund - Direct - Growth,-0.01369724579329823,
2022-01-31,120504,ICICI Pru Bluechip Fund - Direct - Growth,-0.00048302814736744804,
2022-02-01,120504,ICICI Pru Bluechip Fund - Direct - Growth,0.0016775847985759373,
2022-02-02,120504,ICICI Pru Bluechip Fund - Direct - Growth,-0.00222220417313046,
2022-02-03,120504,ICICI Pru Bluechip Fund - Direct - Growth,-0.0010028702276156931,
2022-02-04,120504,ICICI Pru Bluechip Fund - Direct - Growth,-0.013374705233360595,
2022-02-07,120504,ICICI Pru Bluechip Fund - Direct - Growth,0.0036669122286565603,
2022-02-08,120504,ICICI Pru Bluechip Fund - Direct - Growth,0.006245535964083615,
2022-02-09,120504,ICICI Pru Bluechip Fund - Direct - Growth,0.004880370410955237,
2022-02-10,120504,ICICI Pru Bluechip Fund - Direct - Growth,0.009724729131707965,
2022-02-11,120504,ICICI Pru Bluechip Fund - Direct - Growth,0.002295337756371696,
2022-02-14,120504,ICICI Pru Bluechip Fund - Direct - Growth,0.004749023820704634,
2022-02-15,120504,ICICI Pru Bluechip Fund - Direct - Growth,0.0018935119604970296,
2022-02-16,120504,ICICI Pru Bluechip Fund - Direct - Growth,0.006601187319074553,
2022-02-17,120504,ICICI Pru Bluechip Fund - Direct - Growth,-0.013304659725749124,
2022-02-18,120504,ICICI Pru Bluechip Fund - Direct - Growth,-0.0073379797554112836,
2022-02-21,120504,ICICI Pru Bluechip Fund - Direct - Growth,0.014617547214142768,
2022-02-22,120504,ICICI Pru Bluechip Fund - Direct - Growth,-0.020961230108790807,
2022-02-23,120504,ICICI Pru Bluechip Fund - Direct - Growth,-0.0007193763447524981,
2022-02-24,120504,ICICI Pru Bluechip Fund - Direct - Growth,0.010912682218123138,
2022-02-25,120504,ICICI Pru Bluechip Fund - Direct - Growth,-0.00030519559161923393,
2022-02-28,120504,ICICI Pru Bluechip Fund - Direct - Growth,-0.0030528876440429897,
2022-03-01,120504,ICICI Pru Bluechip Fund - Direct - Growth,0.0016591163909034368,
2022-03-02,120504,ICICI Pru Bluechip Fund - Direct - Growth,-0.0025945456310051407,
2022-03-03,120504,ICICI Pru Bluechip Fund - Direct - Growth,0.0007881728660950049,
2022-03-04,120504,ICICI Pru Bluechip Fund - Direct - Growth,-0.0054966601955591665,
2022-03-07,120504,ICICI Pru Bluechip Fund - Direct - Growth,0.010346906519365762,
2022-03-08,120504,ICICI Pru Bluechip Fund - Direct - Growth,0.013153565783956322,
2022-03-09,120504,ICICI Pru Bluechip Fund - Direct - Growth,-0.0006590090032726481,
2022-03-10,120504,ICICI Pru Bluechip Fund - Direct - Growth,-0.01164379852246411,
2022-03-11,120504,ICICI Pru Bluechip Fund - Direct - Growth,-0.004096749031413771,
2022-03-14,120504,ICICI Pru Bluechip Fund - Direct - Growth,-0.001105267416457667,
2022-03-15,120504,ICICI Pru Bluechip Fund - Direct - Growth,0.004986496929205719,
2022-03-16,120504,ICICI Pru Bluechip Fund - Direct - Growth,-0.008338908188185612,
2022-03-17,120504,ICICI Pru Bluechip Fund - Direct - Growth,-0.006248658911653937,
2022-03-18,120504,ICICI Pru Bluechip Fund - Direct - Growth,0.005033304543551109,
2022-03-21,120504,ICICI Pru Bluechip Fund - Direct - Growth,0.008834563520804695,
2022-03-22,120504,ICICI Pru Bluechip Fund - Direct - Growth,-0.004952947003467045,
2022-03-23,120504,ICICI Pru Bluechip Fund - Direct - Growth,-0.011179334687716258,
2022-03-24,120504,ICICI Pru Bluechip Fund - Direct - Growth,0.02991794945791537,
2022-03-25,120504,ICICI Pru Bluechip Fund - Direct - Growth,0.007450876751672553,
2022-03-28,120504,ICICI Pru Bluechip Fund - Direct - Growth,-0.0018363005970347679,
2022-03-29,120504,ICICI Pru Bluechip Fund - Direct - Growth,0.008213643387288805,
2022-03-30,120504,ICICI Pru Bluechip Fund - Direct - Growth,-0.0005825822053328045,
2022-03-31,120504,ICICI Pru Bluechip Fund - Direct - Growth,0.008197043282336836,
2022-04-01,120504,ICICI Pru Bluechip Fund - Direct - Growth,0.0019231188811625888,
2022-04-04,120504,ICICI Pru Bluechip Fund - Direct - Growth,0.001322134079950077,
2022-04-05,120504,ICICI Pru Bluechip Fund - Direct - Growth,-0.000486213592232998,
2022-04-06,120504,ICICI Pru Bluechip Fund - Direct - Growth,-0.012173686001892947,
2022-04-07,120504,ICICI Pru Bluechip Fund - Direct - Growth,0.017764205385743193,
2022-04-08,120504,ICICI Pru Bluechip Fund - Direct - Growth,-0.007757054854342527,
2022-04-11,120504,ICICI Pru Bluechip Fund - Direct - Growth,-0.011413401633023179,
2022-04-12,120504,ICICI Pru Bluechip Fund - Direct - Growth,-0.0013600167677617625,
2022-04-13,120504,ICICI Pru Bluechip Fund - Direct - Growth,-0.00793134791884964,
2022-04-14,120504,ICICI Pru Bluechip Fund - Direct - Growth,5.8855155870674025e-05,
2022-04-15,120504,ICICI Pru Bluechip Fund - Direct - Growth,0.006604114210456702,
2022-04-18,120504,ICICI Pru Bluechip Fund - Direct - Growth,0.009335530796348523,
2022-04-19,120504,ICICI Pru Bluechip Fund - Direct - Growth,0.007732180681602863,
2022-04-20,120504,ICICI Pru Bluechip Fund - Direct - Growth,-0.0021780400125523958,
2022-04-21,120504,ICICI Pru Bluechip Fund - Direct - Growth,0.0009543886307867844,
2022-04-22,120504,ICICI Pru Bluechip Fund - Direct - Growth,0.004121889723117889,
2022-04-25,120504,ICICI Pru Bluechip Fund - Direct - Growth,-0.014875480010347553,
2022-04-26,120504,ICICI Pru Bluechip Fund - Direct - Growth,0.005563277962626234,
2022-04-27,120504,ICICI Pru Bluechip Fund - Direct - Growth,-0.01225969281963546,
2022-04-28,120504,ICICI Pru Bluechip Fund - Direct - Growth,0.018681113394358295,
2022-04-29,120504,ICICI Pru Bluechip Fund - Direct - Growth,-0.0030460607906702686,
2022-05-02,120504,ICICI Pru Bluechip Fund - Direct - Growth,-0.0011145856391485687,
2022-05-03,120504,ICICI Pru Bluechip Fund - Direct - Growth,-0.0062517654292665314,
2022-05-04,120504,ICICI Pru Bluechip Fund - Direct - Growth,-0.005028479536663744,
2022-05-05,120504,ICICI Pru Bluechip Fund - Direct - Growth,0.020785357915687586,
2022-05-06,120504,ICICI Pru Bluechip Fund - Direct - Growth,0.008847450289142467,
2022-05-09,120504,ICICI Pru Bluechip Fund - Direct - Growth,-0.013059764400072504,1.4337439896288553
2022-05-10,120504,ICICI Pru Bluechip Fund - Direct - Growth,0.013877047741951642,1.9386078959637216
2022-05-11,120504,ICICI Pru Bluechip Fund - Direct - Growth,0.011100100018839765,1.8910546615555863
2022-05-12,120504,ICICI Pru Bluechip Fund - Direct - Growth,-0.0019617526404128727,1.773476007260455
2022-05-13,120504,ICICI Pru Bluechip Fund - Direct - Growth,0.0032254196460688167,1.7988380648552387
2022-05-16,120504,ICICI Pru Bluechip Fund - Direct - Growth,0.00038429300677522704,1.5300433161336342
2022-05-17,120504,ICICI Pru Bluechip Fund - Direct - Growth,0.01807298157312065,1.6248857758701978
2022-05-18,120504,ICICI Pru Bluechip Fund - Direct - Growth,-0.006484361769450775,1.3658499151011216
2022-05-19,120504,ICICI Pru Bluechip Fund - Direct - Growth,0.0018047437697463753,1.3091044417476525
2022-05-20,120504,ICICI Pru Bluechip Fund - Direct - Growth,-0.003255223880597069,1.124760681576506
2022-05-23,120504,ICICI Pru Bluechip Fund - Direct - Growth,-0.0120481747299791,0.9329818266849923
2022-05-24,120504,ICICI Pru Bluechip Fund - Direct - Growth,0.020041741629317933,1.2968265302170523
2022-05-25,120504,ICICI Pru Bluechip Fund - Direct - Growth,-0.009855927821264765,1.2456191317035947
2022-05-26,120504,ICICI Pru Bluechip Fund - Direct - Growth,0.0024611210406337847,1.340551657881742
2022-05-27,120504,ICICI Pru Bluechip Fund - Direct - Growth,-0.014727478768807756,1.0916781612977187
2022-05-30,120504,ICICI Pru Bluechip Fund - Direct - Growth,-0.0029977285331185266,1.1326857025537962
2022-05-31,120504,ICICI Pru Bluechip Fund - Direct - Growth,0.004245708573100471,1.1798826599738599
2022-06-01,120504,ICICI Pru Bluechip Fund - Direct - Growth,-0.006734670960183986,1.0928250741834942
2022-06-02,120504,ICICI Pru Bluechip Fund - Direct - Growth,0.0057062975524797555,1.1065560297445907
2022-06-03,120504,ICICI Pru Bluechip Fund - Direct - Growth,-0.001854847897915013,1.3492642294465116
2022-06-06,120504,ICICI Pru Bluechip Fund - Direct - Growth,0.010805808959385432,1.5564136818401462
2022-06-07,120504,ICICI Pru Bluechip Fund - Direct - Growth,0.012604004492933862,1.7498260528139988
2022-06-08,120504,ICICI Pru Bluechip Fund - Direct - Growth,-0.004648154343704691,1.70146447118885
2022-06-09,120504,ICICI Pru Bluechip Fund - Direct - Growth,0.001193607997621804,1.743492057719914
2022-06-10,120504,ICICI Pru Bluechip Fund - Direct - Growth,0.0021351898991042173,2.0652255953412153
2022-06-13,120504,ICICI Pru Bluechip Fund - Direct - Growth,0.005995869743564031,2.1075618831679424
2022-06-14,120504,ICICI Pru Bluechip Fund - Direct - Growth,0.0006438187480017898,2.0035272276574356
2022-06-15,120504,ICICI Pru Bluechip Fund - Direct - Growth,0.0021949707953514697,1.9536293689486037
2022-06-16,120504,ICICI Pru Bluechip Fund - Direct - Growth,-0.0016293399254694307,1.743287833606673
2022-06-17,120504,ICICI Pru Bluechip Fund - Direct - Growth,0.001534433848605632,1.7287584525913635
2022-06-20,120504,ICICI Pru Bluechip Fund - Direct - Growth,0.012033788481038421,1.8560802556106122
2022-06-21,120504,ICICI Pru Bluechip Fund - Direct - Growth,0.006233391962803925,1.9359819505041138
2022-06-22,120504,ICICI Pru Bluechip Fund - Direct - Growth,0.0067223626539274495,1.9381291376648246
2022-06-23,120504,ICICI Pru Bluechip Fund - Direct - Growth,0.006916469663419411,2.3531757989452373
2022-06-24,120504,ICICI Pru Bluechip Fund - Direct - Growth,-0.0008393172218743583,2.4910831256381596
2022-06-27,120504,ICICI Pru Bluechip Fund - Direct - Growth,0.0033328992502765775,2.2986396185258817
2022-06-28,120504,ICICI Pru Bluechip Fund - Direct - Growth,-0.009014148790506438,2.6062762984911094
2022-06-29,120504,ICICI Pru Bluechip Fund - Direct - Growth,0.011774611398963852,2.8382820963984723
2022-06-30,120504,ICICI Pru Bluechip Fund - Direct - Growth,-0.0237417511995347,2.061697743726332
2022-07-01,120504,ICICI Pru Bluechip Fund - Direct - Growth,-0.00025207965717155556,2.0627477347281507
2022-07-04,120504,ICICI Pru Bluechip Fund - Direct - Growth,0.01063373938593637,2.3168820638629297
2022-07-05,120504,ICICI Pru Bluechip Fund - Direct - Growth,-0.011446264425004182,2.042364211407613
2022-07-06,120504,ICICI Pru Bluechip Fund - Direct - Growth,0.004049734710281916,2.1699801249087893
2022-07-07,120504,ICICI Pru Bluechip Fund - Direct - Growth,-0.005473277995155845,2.0445576345130143
2022-07-08,120504,ICICI Pru Bluechip Fund - Direct - Growth,-0.002731976987111473,2.1011773303690857
2022-07-11,120504,ICICI Pru Bluechip Fund - Direct - Growth,0.008896656392466618,2.0768664242265737
2022-07-12,120504,ICICI Pru Bluechip Fund - Direct - Growth,0.0022651733946672525,1.8868835310289291
2022-07-13,120504,ICICI Pru Bluechip Fund - Direct - Growth,-0.017273476672910792,1.5331386638150697
2022-07-14,120504,ICICI Pru Bluechip Fund - Direct - Growth,-0.00806396924192787,1.6086129841807464
2022-07-15,120504,ICICI Pru Bluechip Fund - Direct - Growth,0.009159463540490131,1.854949633000601
2022-07-18,120504,ICICI Pru Bluechip Fund - Direct - Growth,0.004485883311071026,1.9598039947488815
2022-07-19,120504,ICICI Pru Bluechip Fund - Direct - Growth,0.016060052927506785,2.1407277926527635
2022-07-20,120504,ICICI Pru Bluechip Fund - Direct - Growth,0.015474323214803576,2.568164581885544
2022-07-21,120504,ICICI Pru Bluechip Fund - Direct - Growth,-0.0024994920020519062,2.6449195631712104
2022-07-22,120504,ICICI Pru Bluechip Fund - Direct - Growth,0.022849523635866342,2.898025956620587
2022-07-25,120504,ICICI Pru Bluechip Fund - Direct - Growth,0.0007325660423607161,2.7595299814150964
2022-07-26,120504,ICICI Pru Bluechip Fund - Direct - Growth,-0.00794238396771274,2.697519313681545
2022-07-27,120504,ICICI Pru Bluechip Fund - Direct - Growth,-0.00506002022885832,2.8283625328836277
2022-07-28,120504,ICICI Pru Bluechip Fund - Direct - Growth,-0.019199533018628534,1.9795084778346237
2022-07-29,120504,ICICI Pru Bluechip Fund - Direct - Growth,0.014796893126841182,2.0974539981132105
2022-08-01,120504,ICICI Pru Bluechip Fund - Direct - Growth,0.014687383129908582,2.378436087284948
2022-08-02,120504,ICICI Pru Bluechip Fund - Direct - Growth,-0.008404534539565578,2.0683483300802523
2022-08-03,120504,ICICI Pru Bluechip Fund - Direct - Growth,-0.0014938191648128374,2.051207588981796
2022-08-04,120504,ICICI Pru Bluechip Fund - Direct - Growth,0.0013606900178935177,1.9321796016953623
2022-08-05,120504,ICICI Pru Bluechip Fund - Direct - Growth,-0.007922113765271188,1.743545050428327
2022-08-08,120504,ICICI Pru Bluechip Fund - Direct - Growth,-0.01485086680917147,1.4278792709950674
2022-08-09,120504,ICICI Pru Bluechip Fund - Direct - Growth,-0.0013384720671397732,1.412340424048608
2022-08-10,120504,ICICI Pru Bluechip Fund - Direct - Growth,-0.0023140867869105852,1.6042654983375964
2022-08-11,120504,ICICI Pru Bluechip Fund - Direct - Growth,-0.002905101931625298,1.2502694836583959
2022-08-12,120504,ICICI Pru Bluechip Fund - Direct - Growth,0.002482839835076689,1.4449738193076556
2022-08-15,120504,ICICI Pru Bluechip Fund - Direct - Growth,0.013209498802884578,1.900709228561203
2022-08-16,120504,ICICI Pru Bluechip Fund - Direct - Growth,-0.002154556980821676,1.885483215841739
2022-08-17,120504,ICICI Pru Bluechip Fund - Direct - Growth,0.0020218439273853583,2.080072211574879
2022-08-18,120504,ICICI Pru Bluechip Fund - Direct - Growth,0.006950077112012343,2.203900768392168
2022-08-19,120504,ICICI Pru Bluechip Fund - Direct - Growth,0.0054173101495147424,2.183405103651666
2022-08-22,120504,ICICI Pru Bluechip Fund - Direct - Growth,-0.004890213507821928,1.9228109179229231
2022-08-23,120504,ICICI Pru Bluechip Fund - Direct - Growth,0.0013664068036853827,1.8094213644325
2022-08-24,120504,ICICI Pru Bluechip Fund - Direct - Growth,0.00535908411468955,1.9490480571755038
2022-08-25,120504,ICICI Pru Bluechip Fund - Direct - Growth,-0.00939105948609642,1.74429111743202
2022-08-26,120504,ICICI Pru Bluechip Fund - Direct - Growth,0.011727166775633124,1.8730212593860105
2022-08-29,120504,ICICI Pru Bluechip Fund - Direct - Growth,0.013227858859757635,2.4072566554248502
2022-08-30,120504,ICICI Pru Bluechip Fund - Direct - Growth,-0.005841272130074793,2.1913277884838265
2022-08-31,120504,ICICI Pru Bluechip Fund - Direct - Growth,0.0022272305078978594,2.487754071829045
2022-09-01,120504,ICICI Pru Bluechip Fund - Direct - Growth,0.006199287255907349,2.2946200505191285
2022-09-02,120504,ICICI Pru Bluechip Fund - Direct - Growth,-0.004287180224758935,2.269159213934835
2022-09-05,120504,ICICI Pru Bluechip Fund - Direct - Growth,0.004775092849027551,2.3802921469655294
2022-09-06,120504,ICICI Pru Bluechip Fund - Direct - Growth,0.0019573583403369454,2.546132598603639
2022-09-07,120504,ICICI Pru Bluechip Fund - Direct - Growth,-0.012353071022570439,2.38321517099676
2022-09-08,120504,ICICI Pru Bluechip Fund - Direct - Growth,0.0045761475989194444,2.1280879494235676
2022-09-09,120504,ICICI Pru Bluechip Fund - Direct - Growth,-0.009145366412574685,1.7741824782814053
2022-09-12,120504,ICICI Pru Bluechip Fund - Direct - Growth,0.008838243858627415,2.218296974678033
2022-09-13,120504,ICICI Pru Bluechip Fund - Direct - Growth,-0.005388915859743548,1.8579748175817807
2022-09-14,120504,ICICI Pru Bluechip Fund - Direct - Growth,-0.000906282298544614,1.6332953256457616
2022-09-15,120504,ICICI Pru Bluechip Fund - Direct - Growth,0.012698061624304868,1.9062264769653907
2022-09-16,120504,ICICI Pru Bluechip Fund - Direct - Growth,0.004905782437049977,1.9378384915612146
2022-09-19,120504,ICICI Pru Bluechip Fund - Direct - Growth,-0.008964470873378927,1.7425812850664197
2022-09-20,120504,ICICI Pru Bluechip Fund - Direct - Growth,-0.008398754136223374,1.2454194386244377
2022-09-21,120504,ICICI Pru Bluechip Fund - Direct - Growth,-0.004757752168563556,1.2815014344764772
2022-09-22,120504,ICICI Pru Bluechip Fund - Direct - Growth,0.004004140565446068,1.3241199518693791
2022-09-23,120504,ICICI Pru Bluechip Fund - Direct - Growth,0.0036813889538720446,1.4620760914888824
2022-09-26,120504,ICICI Pru Bluechip Fund - Direct - Growth,-0.006894732508105461,1.575910236926526
2022-09-27,120504,ICICI Pru Bluechip Fund - Direct - Growth,-0.009730882904761207,1.0016763027565128
2022-09-28,120504,ICICI Pru Bluechip Fund - Direct - Growth,0.003004434983147064,1.2729298965772764
2022-09-29,120504,ICICI Pru Bluechip Fund - Direct - Growth,-0.0010880915525042223,1.2002491947279208
2022-09-30,120504,ICICI Pru Bluechip Fund - Direct - Growth,0.019733049280921344,1.8897269771406495
2022-10-03,120504,ICICI Pru Bluechip Fund - Direct - Growth,0.0008390007556562384,1.9700389053344598
2022-10-04,120504,ICICI Pru Bluechip Fund - Direct - Growth,0.016653527788726752,2.184962584709862
2022-10-05,120504,ICICI Pru Bluechip Fund - Direct - Growth,-0.009758268521665947,2.115823131197834
2022-10-06,120504,ICICI Pru Bluechip Fund - Direct - Growth,-0.013269291481872947,1.7155900581537327
2022-10-07,120504,ICICI Pru Bluechip Fund - Direct - Growth,-0.009319104583546456,1.5583869700037065
2022-10-10,120504,ICICI Pru Bluechip Fund - Direct - Growth,0.01106388139857617,1.5628665881920072
2022-10-11,120504,ICICI Pru Bluechip Fund - Direct - Growth,0.016131754518355912,1.6211483876923374
2022-10-12,120504,ICICI Pru Bluechip Fund - Direct - Growth,-0.006361242817176649,1.5855743775103055
2022-10-13,120504,ICICI Pru Bluechip Fund - Direct - Growth,-0.003540837754199777,1.4919703994737408
2022-10-14,120504,ICICI Pru Bluechip Fund - Direct - Growth,-0.009745215777017702,1.2531174662545377
2022-10-17,120504,ICICI Pru Bluechip Fund - Direct - Growth,-0.015342010058131184,0.8312926198291747
2022-10-18,120504,ICICI Pru Bluechip Fund - Direct - Growth,0.006874831150734506,0.9466481684179937
2022-10-19,120504,ICICI Pru Bluechip Fund - Direct - Growth,0.0024854368932039073,0.9520628525507238
2022-10-20,120504,ICICI Pru Bluechip Fund - Direct - Growth,0.0006085492720651065,0.9945745853283278
2022-10-21,120504,ICICI Pru Bluechip Fund - Direct - Growth,-0.011760946169104836,0.7367262759911916
2022-10-24,120504,ICICI Pru Bluechip Fund - Direct - Growth,0.015091963536539854,0.7898859740481685
2022-10-25,120504,ICICI Pru Bluechip Fund - Direct - Growth,-0.003916879632085535,0.6017456658869151
2022-10-26,120504,ICICI Pru Bluechip Fund - Direct - Growth,0.005236937244105677,0.5747049086122082
2022-10-27,120504,ICICI Pru Bluechip Fund - Direct - Growth,-0.01223715211154286,0.21640583498228996
2022-10-28,120504,ICICI Pru Bluechip Fund - Direct - Growth,-0.0011635298658252413,0.21039834125066229
2022-10-31,120504,ICICI Pru Bluechip Fund - Direct - Growth,0.0030897870817068185,0.20592004024810062
2022-11-01,120504,ICICI Pru Bluechip Fund - Direct - Growth,0.003405999374032742,0.43772371713404284
2022-11-02,120504,ICICI Pru Bluechip Fund - Direct - Growth,0.0018814077954925068,0.2559420839540058
2022-11-03,120504,ICICI Pru Bluechip Fund - Direct - Growth,0.004889799885890556,0.8221150320997788
2022-11-04,120504,ICICI Pru Bluechip Fund - Direct - Growth,-0.009409574438257406,0.639903156484418
2022-11-07,120504,ICICI Pru Bluechip Fund - Direct - Growth,0.002258690865039048,0.48148466912645815
2022-11-08,120504,ICICI Pru Bluechip Fund - Direct - Growth,0.0015207568483479594,0.740681365411458
2022-11-09,120504,ICICI Pru Bluechip Fund - Direct - Growth,0.0025617635987067455,0.7118926649878676
2022-11-10,120504,ICICI Pru Bluechip Fund - Direct - Growth,0.0011545590315769072,0.8441352588182495
2022-11-11,120504,ICICI Pru Bluechip Fund - Direct - Growth,-0.010655766488976925,0.6827074165181993
2022-11-14,120504,ICICI Pru Bluechip Fund - Direct - Growth,-0.01104455446247421,0.29197656843806935
2022-11-15,120504,ICICI Pru Bluechip Fund - Direct - Growth,-0.018832818893116166,-0.1159927411566671
2022-11-16,120504,ICICI Pru Bluechip Fund - Direct - Growth,0.00775644102119899,0.3657821742010168
2022-11-17,120504,ICICI Pru Bluechip Fund - Direct - Growth,0.007844839727441544,0.6737768972472488
2022-11-18,120504,ICICI Pru Bluechip Fund - Direct - Growth,0.00798690746481956,0.6519463872467584
2022-11-21,120504,ICICI Pru Bluechip Fund - Direct - Growth,0.003227189572375888,0.6279454375692194
2022-11-22,120504,ICICI Pru Bluechip Fund - Direct - Growth,-0.018129806336172116,-0.03434377870035626
2022-11-23,120504,ICICI Pru Bluechip Fund - Direct - Growth,-0.008502463683162764,-0.5022679865834636
2022-11-24,120504,ICICI Pru Bluechip Fund - Direct - Growth,0.0020209204041254925,-0.4141203994016338
2022-11-25,120504,ICICI Pru Bluechip Fund - Direct - Growth,0.0017116160605668007,-0.8583494134018828
2022-11-28,120504,ICICI Pru Bluechip Fund - Direct - Growth,-0.0014462644243737888,-0.9025189553610335
2022-11-29,120504,ICICI Pru Bluechip Fund - Direct - Growth,0.0037756620183877487,-0.6670750749094689
2022-11-30,120504,ICICI Pru Bluechip Fund - Direct - Growth,0.0006196372649269755,-0.5525789809940026
2022-12-01,120504,ICICI Pru Bluechip Fund - Direct - Growth,0.0015815677581132448,-0.13336776792346222
2022-12-02,120504,ICICI Pru Bluechip Fund - Direct - Growth,-0.005107305667672479,-0.5585652548125309
2022-12-05,120504,ICICI Pru Bluechip Fund - Direct - Growth,0.009219628472313168,-0.6822880017801565
2022-12-06,120504,ICICI Pru Bluechip Fund - Direct - Growth,-0.003278337819124788,-0.5748423700229439
2022-12-07,120504,ICICI Pru Bluechip Fund - Direct - Growth,-0.011156616092327432,-0.7759774379265035
2022-12-08,120504,ICICI Pru Bluechip Fund - Direct - Growth,-0.006263813461259149,-0.936668094041637
2022-12-09,120504,ICICI Pru Bluechip Fund - Direct - Growth,-0.002554672349619702,-0.8256603675085986
2022-12-12,120504,ICICI Pru Bluechip Fund - Direct - Growth,0.009326020084308606,-0.310827640900758
2022-12-13,120504,ICICI Pru Bluechip Fund - Direct - Growth,0.0001421966300862998,-0.2788211382868399
2022-12-14,120504,ICICI Pru Bluechip Fund - Direct - Growth,-0.0011242196786813707,-0.2531533677405239
2022-12-15,120504,ICICI Pru Bluechip Fund - Direct - Growth,-0.0104419179320423,-0.4128901662527557
2022-12-16,120504,ICICI Pru Bluechip Fund - Direct - Growth,0.007470698491031547,-0.30450168904465336
2022-12-19,120504,ICICI Pru Bluechip Fund - Direct - Growth,-0.005219265063894141,-0.7076905673812313
2022-12-20,120504,ICICI Pru Bluechip Fund - Direct - Growth,-0.00036693989879554856,-0.6691545880366507
2022-12-21,120504,ICICI Pru Bluechip Fund - Direct - Growth,0.013663167616916327,-0.4104070501088829
2022-12-22,120504,ICICI Pru Bluechip Fund - Direct - Growth,0.005014287946288221,-0.4525856438097211
2022-12-23,120504,ICICI Pru Bluechip Fund - Direct - Growth,-0.013748824964367468,-0.8519142285613585
2022-12-26,120504,ICICI Pru Bluechip Fund - Direct - Growth,-0.014976120115377634,-1.0489411466854908
2022-12-27,120504,ICICI Pru Bluechip Fund - Direct - Growth,-5.084887713713293e-05,-1.0787120344910375
2022-12-28,120504,ICICI Pru Bluechip Fund - Direct - Growth,-0.010128414900076876,-1.3951233550730988
2022-12-29,120504,ICICI Pru Bluechip Fund - Direct - Growth,0.006255269384535911,-1.0733136237633036
2022-12-30,120504,ICICI Pru Bluechip Fund - Direct - Growth,0.0008889129135620788,-1.3138501501109847
2023-01-02,120504,ICICI Pru Bluechip Fund - Direct - Growth,0.001977274841202803,-1.5740348409683536
2023-01-03,120504,ICICI Pru Bluechip Fund - Direct - Growth,-0.00570152060512763,-1.5712320777496755
2023-01-04,120504,ICICI Pru Bluechip Fund - Direct - Growth,0.01600098782684123,-1.249751253988465
2023-01-05,120504,ICICI Pru Bluechip Fund - Direct - Growth,0.025914837485734532,-0.7980365441730533
2023-01-06,120504,ICICI Pru Bluechip Fund - Direct - Growth,-0.001938760031493958,-0.7520336577956125
2023-01-09,120504,ICICI Pru Bluechip Fund - Direct - Growth,0.003634637180413014,-0.7753079315942081
2023-01-10,120504,ICICI Pru Bluechip Fund - Direct - Growth,0.0013773429252168512,-0.7869931831528355
2023-01-11,120504,ICICI Pru Bluechip Fund - Direct - Growth,-0.0017729602675425893,-0.5822374554313356
2023-01-12,120504,ICICI Pru Bluechip Fund - Direct - Growth,-0.00680000230850919,-0.8101202997395813
2023-01-13,120504,ICICI Pru Bluechip Fund - Direct - Growth,-0.009011076811331065,-0.8075584591587814
2023-01-16,120504,ICICI Pru Bluechip Fund - Direct - Growth,-0.00945509343684603,-1.1759483423731973
2023-01-17,120504,ICICI Pru Bluechip Fund - Direct - Growth,0.004099318950692821,-0.985208331144898
2023-01-18,120504,ICICI Pru Bluechip Fund - Direct - Growth,-0.004059001432588638,-1.047686316065616
2023-01-19,120504,ICICI Pru Bluechip Fund - Direct - Growth,-0.021977452799753827,-1.7112852528745628
2023-01-20,120504,ICICI Pru Bluechip Fund - Direct - Growth,0.0044485668503086995,-1.7209209524067701
2023-01-23,120504,ICICI Pru Bluechip Fund - Direct - Growth,0.00017775715660839353,-1.5475673827548582
2023-01-24,120504,ICICI Pru Bluechip Fund - Direct - Growth,0.012470912500282427,-1.1249614533363235
2023-01-25,120504,ICICI Pru Bluechip Fund - Direct - Growth,0.0038127115177211124,-0.9564548980698957
2023-01-26,120504,ICICI Pru Bluechip Fund - Direct - Growth,-0.012446872202825143,-1.2692039697772042
2023-01-27,120504,ICICI Pru Bluechip Fund - Direct - Growth,-0.018964898880383774,-1.6754651040919868
2023-01-30,120504,ICICI Pru Bluechip Fund - Direct - Growth,-0.005812610611685587,-1.6560824436172779
2023-01-31,120504,ICICI Pru Bluechip Fund - Direct - Growth,-0.004984991176257836,-1.571759913821078
2023-02-01,120504,ICICI Pru Bluechip Fund - Direct - Growth,0.008872587600953219,-1.4515353687044399
2023-02-02,120504,ICICI Pru Bluechip Fund - Direct - Growth,0.00043834843796219936,-1.4222710942651926
2023-02-03,120504,ICICI Pru Bluechip Fund - Direct - Growth,0.010569373482347322,-1.6288062374950159
2023-02-06,120504,ICICI Pru Bluechip Fund - Direct - Growth,-0.011106158869918614,-1.8487326138037414
2023-02-07,120504,ICICI Pru Bluechip Fund - Direct - Growth,0.009069335344653151,-2.0244079329632605
2023-02-08,120504,ICICI Pru Bluechip Fund - Direct - Growth,0.0068988672549161745,-1.6993171958317528
2023-02-09,120504,ICICI Pru Bluechip Fund - Direct - Growth,-0.017134278364125954,-1.7617451652504221
2023-02-10,120504,ICICI Pru Bluechip Fund - Direct - Growth,0.01225343831601955,-1.3324152801999112
2023-02-13,120504,ICICI Pru Bluechip Fund - Direct - Growth,0.0013421475270365413,-1.5346514555781787
2023-02-14,120504,ICICI Pru Bluechip Fund - Direct - Growth,0.003980153753884608,-1.805372733011201
2023-02-15,120504,ICICI Pru Bluechip Fund - Direct - Growth,-0.007085490508429659,-1.8187035607576707
2023-02-16,120504,ICICI Pru Bluechip Fund - Direct - Growth,0.011830624712286575,-1.4965734388410776
2023-02-17,120504,ICICI Pru Bluechip Fund - Direct - Growth,-0.009891981008837925,-1.4991833615104786
2023-02-20,120504,ICICI Pru Bluechip Fund - Direct - Growth,0.007884368659065721,-1.0529495021071256
2023-02-21,120504,ICICI Pru Bluechip Fund - Direct - Growth,0.007783570692366126,-1.0338519955998562
2023-02-22,120504,ICICI Pru Bluechip Fund - Direct - Growth,-0.008042963489395039,-1.238683952638816
2023-02-23,120504,ICICI Pru Bluechip Fund - Direct - Growth,0.0181700233747899,-0.8702448392921016
2023-02-24,120504,ICICI Pru Bluechip Fund - Direct - Growth,0.002561854824284504,-0.5987069526992704
2023-02-27,120504,ICICI Pru Bluechip Fund - Direct - Growth,0.006302012987396077,-0.7801630846160897
2023-02-28,120504,ICICI Pru Bluechip Fund - Direct - Growth,-0.012867964892229744,-0.9472952771289405
2023-03-01,120504,ICICI Pru Bluechip Fund - Direct - Growth,0.019376922254812357,-0.6551291674144186
2023-03-02,120504,ICICI Pru Bluechip Fund - Direct - Growth,-0.010230916414024516,-0.6186676049581042
2023-03-03,120504,ICICI Pru Bluechip Fund - Direct - Growth,0.009601068681625913,-0.4103148678683041
2023-03-06,120504,ICICI Pru Bluechip Fund - Direct - Growth,-0.008223046680325696,-0.623072109809308
2023-03-07,120504,ICICI Pru Bluechip Fund - Direct - Growth,-0.004930950530341649,-0.7805713268437761
2023-03-08,120504,ICICI Pru Bluechip Fund - Direct - Growth,0.00749952380460206,-0.6717845091348115
2023-03-09,120504,ICICI Pru Bluechip Fund - Direct - Growth,0.009624488144893473,-0.5798548072200709
2023-03-10,120504,ICICI Pru Bluechip Fund - Direct - Growth,-0.010638869251795247,-0.6020107775355483
2023-03-13,120504,ICICI Pru Bluechip Fund - Direct - Growth,0.010183989670755178,-0.4505824297403692
2023-03-14,120504,ICICI Pru Bluechip Fund - Direct - Growth,0.00977921600694831,-0.2950810886801351
2023-03-15,120504,ICICI Pru Bluechip Fund - Direct - Growth,-0.007725456465017433,-0.48396448489984245
2023-03-16,120504,ICICI Pru Bluechip Fund - Direct - Growth,0.014721763596540205,-0.23058689819063732
2023-03-17,120504,ICICI Pru Bluechip Fund - Direct - Growth,-0.012256810172295407,-0.2591659435930986
2023-03-20,120504,ICICI Pru Bluechip Fund - Direct - Growth,-0.0049823628693203,-0.14992602957751583
2023-03-21,120504,ICICI Pru Bluechip Fund - Direct - Growth,0.004751494925827826,0.2866808496257521
2023-03-22,120504,ICICI Pru Bluechip Fund - Direct - Growth,-0.006987210367110697,0.011799317307583376
2023-03-23,120504,ICICI Pru Bluechip Fund - Direct - Growth,0.0028465997409798938,-0.08171735291555474
2023-03-24,120504,ICICI Pru Bluechip Fund - Direct - Growth,0.002645314336267024,-0.18236698283428127
2023-03-27,120504,ICICI Pru Bluechip Fund - Direct - Growth,-0.0011329917937780154,-0.2644530682778489
2023-03-28,120504,ICICI Pru Bluechip Fund - Direct - Growth,0.007887721089718136,0.2285580905218393
2023-03-29,120504,ICICI Pru Bluechip Fund - Direct - Growth,-0.0014966957562918548,0.3642993911900484
2023-03-30,120504,ICICI Pru Bluechip Fund - Direct - Growth,0.002561168250161394,0.37462599273151215
2023-03-31,120504,ICICI Pru Bluechip Fund - Direct - Growth,0.010684285962786033,0.5431986917585869
2023-04-03,120504,ICICI Pru Bluechip Fund - Direct - Growth,0.007516005649806035,0.7119682040536585
2023-04-04,120504,ICICI Pru Bluechip Fund - Direct - Growth,0.007476878290370026,0.7804121280199
2023-04-05,120504,ICICI Pru Bluechip Fund - Direct - Growth,-0.00957381662049317,0.5832510290758837
2023-04-06,120504,ICICI Pru Bluechip Fund - Direct - Growth,0.005157184474398502,0.6497621530219033
2023-04-07,120504,ICICI Pru Bluechip Fund - Direct - Growth,-0.007205535833429533,0.6091940266566992
2023-04-10,120504,ICICI Pru Bluechip Fund - Direct - Growth,-0.010727243597468794,0.23373805430738148
2023-04-11,120504,ICICI Pru Bluechip Fund - Direct - Growth,-0.00011608892124725934,0.29323304477834916
2023-04-12,120504,ICICI Pru Bluechip Fund - Direct - Growth,-0.007431986927729839,0.36474576269435127
2023-04-13,120504,ICICI Pru Bluechip Fund - Direct - Growth,0.007516516841763243,0.6240523750175173
2023-04-14,120504,ICICI Pru Bluechip Fund - Direct - Growth,0.007729904827427969,0.8154202672438324
2023-04-17,120504,ICICI Pru Bluechip Fund - Direct - Growth,-0.01613203749823977,0.3333115617007391
2023-04-18,120504,ICICI Pru Bluechip Fund - Direct - Growth,-0.006767081423270094,0.20449729244274217
2023-04-19,120504,ICICI Pru Bluechip Fund - Direct - Growth,-0.012281493341095961,-0.0018983940744638325
2023-04-20,120504,ICICI Pru Bluechip Fund - Direct - Growth,-0.0035572609974476865,0.12503554300923947
2023-04-21,120504,ICICI Pru Bluechip Fund - Direct - Growth,0.004540090328572388,0.07115089221466396
2023-04-24,120504,ICICI Pru Bluechip Fund - Direct - Growth,-0.001619390284836042,0.1378842623463789
2023-04-25,120504,ICICI Pru Bluechip Fund - Direct - Growth,-0.004674357976194754,0.05808679967454517
2023-04-26,120504,ICICI Pru Bluechip Fund - Direct - Growth,0.01205336904701948,0.02840749473752089
2023-04-27,120504,ICICI Pru Bluechip Fund - Direct - Growth,-0.01961547807604369,-0.4188694573559037
2023-04-28,120504,ICICI Pru Bluechip Fund - Direct - Growth,0.01148963618391785,0.03896183155524869
2023-05-01,120504,ICICI Pru Bluechip Fund - Direct - Growth,-0.004274986751379162,0.23658063674850913
2023-05-02,120504,ICICI Pru Bluechip Fund - Direct - Growth,-0.0001734533373460856,0.23432124212874622
2023-05-03,120504,ICICI Pru Bluechip Fund - Direct - Growth,-0.00412653317833489,0.346749055584021
2023-05-04,120504,ICICI Pru Bluechip Fund - Direct - Growth,0.01422354172591267,0.4895245709168633
2023-05-05,120504,ICICI Pru Bluechip Fund - Direct - Growth,-0.010287938977019517,0.2826452381690938
2023-05-08,120504,ICICI Pru Bluechip Fund - Direct - Growth,0.0006200142988943558,0.2579647491881929
2023-05-09,120504,ICICI Pru Bluechip Fund - Direct - Growth,0.005180878629579944,0.4565539375637308
2023-05-10,120504,ICICI Pru Bluechip Fund - Direct - Growth,-0.013598469821897052,-0.08348156975386803
2023-05-11,120504,ICICI Pru Bluechip Fund - Direct - Growth,-0.007567987800320086,-0.7245490435300439
2023-05-12,120504,ICICI Pru Bluechip Fund - Direct - Growth,-0.0007908913420747732,-0.7027877950537401
2023-05-15,120504,ICICI Pru Bluechip Fund - Direct - Growth,-0.007277436629613554,-0.9088871994140523
2023-05-16,120504,ICICI Pru Bluechip Fund - Direct - Growth,-0.006654962518376495,-1.0593031362931515
2023-05-17,120504,ICICI Pru Bluechip Fund - Direct - Growth,-0.0025654589541855843,-1.0741662441476412
2023-05-18,120504,ICICI Pru Bluechip Fund - Direct - Growth,0.006264600028203837,-0.8259607654699749
2023-05-19,120504,ICICI Pru Bluechip Fund - Direct - Growth,-0.002504253727819261,-0.7057765318756045
2023-05-22,120504,ICICI Pru Bluechip Fund - Direct - Growth,0.010077286172631705,-0.33328601878973896
2023-05-23,120504,ICICI Pru Bluechip Fund - Direct - Growth,-0.008248694511050036,-0.5664164041672318
2023-05-24,120504,ICICI Pru Bluechip Fund - Direct - Growth,-0.010469799476205188,-0.6840405787052384
2023-05-25,120504,ICICI Pru Bluechip Fund - Direct - Growth,0.01765791525063376,0.06375370056023458
2023-05-26,120504,ICICI Pru Bluechip Fund - Direct - Growth,-0.005272671123383144,-0.12130717972370297
2023-05-29,120504,ICICI Pru Bluechip Fund - Direct - Growth,-0.010984746451415561,-0.3312283427947927
2023-05-30,120504,ICICI Pru Bluechip Fund - Direct - Growth,-0.014738218888247667,-0.8428470020216223
2023-05-31,120504,ICICI Pru Bluechip Fund - Direct - Growth,0.010048461885656224,-0.7211384347412346
2023-06-01,120504,ICICI Pru Bluechip Fund - Direct - Growth,-0.002490989298487345,-0.5395504807732379
2023-06-02,120504,ICICI Pru Bluechip Fund - Direct - Growth,-0.001720610119047672,-0.21867725255051365
2023-06-05,120504,ICICI Pru Bluechip Fund - Direct - Growth,-0.0008881849660719032,-0.12372425380103078
2023-06-06,120504,ICICI Pru Bluechip Fund - Direct - Growth,0.009494310252114335,0.15617425604672566
2023-06-07,120504,ICICI Pru Bluechip Fund - Direct - Growth,-0.0010668973915667346,-0.03577875051590614
2023-06-08,120504,ICICI Pru Bluechip Fund - Direct - Growth,0.021414678802935683,0.3600902557524615
2023-06-09,120504,ICICI Pru Bluechip Fund - Direct - Growth,0.0016974752130896054,0.19442673968539226
2023-06-12,120504,ICICI Pru Bluechip Fund - Direct - Growth,0.009928088763831555,0.5943718124177192
2023-06-13,120504,ICICI Pru Bluechip Fund - Direct - Growth,0.007646931607168339,0.5682006804213745
2023-06-14,120504,ICICI Pru Bluechip Fund - Direct - Growth,0.00019390401307295413,0.44192283390105663
2023-06-15,120504,ICICI Pru Bluechip Fund - Direct - Growth,-0.004649834325603841,0.6929503617789775
2023-06-16,120504,ICICI Pru Bluechip Fund - Direct - Growth,0.0034493986597896598,0.526594006383918
2023-06-19,120504,ICICI Pru Bluechip Fund - Direct - Growth,0.005027404019256387,0.5980022940509634
2023-06-20,120504,ICICI Pru Bluechip Fund - Direct - Growth,-0.004523112396689455,0.4311712468452889
2023-06-21,120504,ICICI Pru Bluechip Fund - Direct - Growth,0.001984520738241624,0.610884037213504
2023-06-22,120504,ICICI Pru Bluechip Fund - Direct - Growth,0.011482989094929286,0.6043866679547175
2023-06-23,120504,ICICI Pru Bluechip Fund - Direct - Growth,0.018949783366333905,1.1527154617274151
2023-06-26,120504,ICICI Pru Bluechip Fund - Direct - Growth,0.008082569557279928,1.156322607043791
2023-06-27,120504,ICICI Pru Bluechip Fund - Direct - Growth,0.017088253746057713,1.3170103065702932
2023-06-28,120504,ICICI Pru Bluechip Fund - Direct - Growth,-0.005022721836881128,1.3785813570523535
2023-06-29,120504,ICICI Pru Bluechip Fund - Direct - Growth,0.006729363472784522,1.1809519182551163
2023-06-30,120504,ICICI Pru Bluechip Fund - Direct - Growth,0.012396896167965465,1.3600768662697584
2023-07-03,120504,ICICI Pru Bluechip Fund - Direct - Growth,-0.007362504741215803,1.0940184777584279
2023-07-04,120504,ICICI Pru Bluechip Fund - Direct - Growth,-0.0037599678749233867,1.283449665155507
2023-07-05,120504,ICICI Pru Bluechip Fund - Direct - Growth,0.015969739783899595,1.226880994333067
2023-07-06,120504,ICICI Pru Bluechip Fund - Direct - Growth,-0.008051551897159781,1.273433802917665
2023-07-07,120504,ICICI Pru Bluechip Fund - Direct - Growth,-0.011247415461009935,0.8596903672185354
2023-07-10,120504,ICICI Pru Bluechip Fund - Direct - Growth,0.014089376419820443,1.2876402158881084
2023-07-11,120504,ICICI Pru Bluechip Fund - Direct - Growth,0.011131738221268339,1.5921833701443353
2023-07-12,120504,ICICI Pru Bluechip Fund - Direct - Growth,0.0043367869282116,1.5342628485068326
2023-07-13,120504,ICICI Pru Bluechip Fund - Direct - Growth,0.00011281051774569839,1.3568562039731125
2023-07-14,120504,ICICI Pru Bluechip Fund - Direct - Growth,-0.003345881521547134,1.5109380365531244
2023-07-17,120504,ICICI Pru Bluechip Fund - Direct - Growth,0.00300667604804139,1.377865201699073
2023-07-18,120504,ICICI Pru Bluechip Fund - Direct - Growth,0.014553280231873522,1.4611009424308017
2023-07-19,120504,ICICI Pru Bluechip Fund - Direct - Growth,0.0026223471682134125,1.6724187751147785
2023-07-20,120504,ICICI Pru Bluechip Fund - Direct - Growth,0.019821312822843273,1.7526328821057706
2023-07-21,120504,ICICI Pru Bluechip Fund - Direct - Growth,-0.007375508802646258,1.8613460618960052
2023-07-24,120504,ICICI Pru Bluechip Fund - Direct - Growth,0.00034194217876581945,1.9708679797097357
2023-07-25,120504,ICICI Pru Bluechip Fund - Direct - Growth,-0.002770236651326363,1.8226503179785947
2023-07-26,120504,ICICI Pru Bluechip Fund - Direct - Growth,-0.009014052445877274,1.7782135064113191
2023-07-27,120504,ICICI Pru Bluechip Fund - Direct - Growth,-0.0008333478011770534,1.7059830627970323
2023-07-28,120504,ICICI Pru Bluechip Fund - Direct - Growth,0.004204966030129764,1.735680654676237
2023-07-31,120504,ICICI Pru Bluechip Fund - Direct - Growth,0.005152340781223286,1.8574067681519735
2023-08-01,120504,ICICI Pru Bluechip Fund - Direct - Growth,0.019852220662623488,2.0490347681319694
2023-08-02,120504,ICICI Pru Bluechip Fund - Direct - Growth,0.004622344099759479,2.1659349121179416
2023-08-03,120504,ICICI Pru Bluechip Fund - Direct - Growth,0.010716889052023282,2.3091599642973084
2023-08-04,120504,ICICI Pru Bluechip Fund - Direct - Growth,0.0010984317616851147,2.138634770390674
2023-08-07,120504,ICICI Pru Bluechip Fund - Direct - Growth,0.015433979279151577,2.266431884543638
2023-08-08,120504,ICICI Pru Bluechip Fund - Direct - Growth,0.021904081432413403,2.4793207218051503
2023-08-09,120504,ICICI Pru Bluechip Fund - Direct - Growth,0.005213084040823324,2.7725953465328725
2023-08-10,120504,ICICI Pru Bluechip Fund - Direct - Growth,-0.008204610746325725,2.5101095753811435
2023-08-11,120504,ICICI Pru Bluechip Fund - Direct - Growth,-0.004315272979600215,2.5705295254212244
2023-08-14,120504,ICICI Pru Bluechip Fund - Direct - Growth,0.0030071216079976537,2.85323372717603
2023-08-15,120504,ICICI Pru Bluechip Fund - Direct - Growth,0.0045521756976623085,2.940101173026023
2023-08-16,120504,ICICI Pru Bluechip Fund - Direct - Growth,0.0066976318296276816,3.2183181811715444
2023-08-17,120504,ICICI Pru Bluechip Fund - Direct - Growth,0.004584531424212113,3.1679867064175173
2023-08-18,120504,ICICI Pru Bluechip Fund - Direct - Growth,0.0005780571923701405,3.039384718382976
2023-08-21,120504,ICICI Pru Bluechip Fund - Direct - Growth,-0.005081531951743656,3.3081355274476456
2023-08-22,120504,ICICI Pru Bluechip Fund - Direct - Growth,0.004061050225240281,3.534042648619654
2023-08-23,120504,ICICI Pru Bluechip Fund - Direct - Growth,0.017018592855307713,4.098885595950123
2023-08-24,120504,ICICI Pru Bluechip Fund - Direct - Growth,0.009556873754212658,4.348386285413016
2023-08-25,120504,ICICI Pru Bluechip Fund - Direct - Growth,0.00524488377773924,4.361026805774031
2023-08-28,120504,ICICI Pru Bluechip Fund - Direct - Growth,0.009642323358746596,4.568802849042096
2023-08-29,120504,ICICI Pru Bluechip Fund - Direct - Growth,-0.00275267410137936,4.613469344036543
2023-08-30,120504,ICICI Pru Bluechip Fund - Direct - Growth,-0.003958811489574443,4.317838052640184
2023-08-31,120504,ICICI Pru Bluechip Fund - Direct - Growth,-0.006061212007151706,4.716203565762346
2023-09-01,120504,ICICI Pru Bluechip Fund - Direct - Growth,-0.0005881608081352852,4.497751937903045
2023-09-04,120504,ICICI Pru Bluechip Fund - Direct - Growth,-0.0032006725793654045,4.523717492125153
2023-09-05,120504,ICICI Pru Bluechip Fund - Direct - Growth,0.011234166501347786,4.729600851985715
2023-09-06,120504,ICICI Pru Bluechip Fund - Direct - Growth,-0.003669836854371944,4.740769385863215
2023-09-07,120504,ICICI Pru Bluechip Fund - Direct - Growth,-0.006541372886551544,4.342802767648436
2023-09-08,120504,ICICI Pru Bluechip Fund - Direct - Growth,0.01780458395047657,4.882909696414039
2023-09-11,120504,ICICI Pru Bluechip Fund - Direct - Growth,-0.0034596790555904144,4.789833519517071
2023-09-12,120504,ICICI Pru Bluechip Fund - Direct - Growth,0.0018721617734989149,4.725852633402151
2023-09-13,120504,ICICI Pru Bluechip Fund - Direct - Growth,0.0045058144627534436,5.185907829717702
2023-09-14,120504,ICICI Pru Bluechip Fund - Direct - Growth,-0.009463018190062678,5.130961249811969
2023-09-15,120504,ICICI Pru Bluechip Fund - Direct - Growth,0.011477253253140418,5.355612324414116
2023-09-18,120504,ICICI Pru Bluechip Fund - Direct - Growth,0.006152782097284204,5.666783318965138
2023-09-19,120504,ICICI Pru Bluechip Fund - Direct - Growth,0.014361737710287814,6.081628508327266
2023-09-20,120504,ICICI Pru Bluechip Fund - Direct - Growth,-0.0054589199502432795,6.004087736892603
2023-09-21,120504,ICICI Pru Bluechip Fund - Direct - Growth,0.0013913707574340073,5.907945220151172
2023-09-22,120504,ICICI Pru Bluechip Fund - Direct - Growth,0.0008631181398663923,5.988211726810312
2023-09-25,120504,ICICI Pru Bluechip Fund - Direct - Growth,0.0028472024182968347,5.861979852163269
2023-09-26,120504,ICICI Pru Bluechip Fund - Direct - Growth,-0.012236875331287256,5.735234454613298
2023-09-27,120504,ICICI Pru Bluechip Fund - Direct - Growth,0.0014935719977706707,6.059279655161037
2023-09-28,120504,ICICI Pru Bluechip Fund - Direct - Growth,-0.011991698143580809,5.445763655682622
2023-09-29,120504,ICICI Pru Bluechip Fund - Direct - Growth,0.003683419144003608,5.657813278940266
2023-10-02,120504,ICICI Pru Bluechip Fund - Direct - Growth,-0.018092091913346264,5.410086300002577
2023-10-03,120504,ICICI Pru Bluechip Fund - Direct - Growth,-0.015689321672425427,5.377296127750265
2023-10-04,120504,ICICI Pru Bluechip Fund - Direct - Growth,0.00776574864552293,5.3420069102365435
2023-10-05,120504,ICICI Pru Bluechip Fund - Direct - Growth,-0.0042975934667055515,5.296756754346914
2023-10-06,120504,ICICI Pru Bluechip Fund - Direct - Growth,-0.008163606908219156,5.129561744700905
2023-10-09,120504,ICICI Pru Bluechip Fund - Direct - Growth,0.011792899187166306,5.358021977046671
2023-10-10,120504,ICICI Pru Bluechip Fund - Direct - Growth,0.0034109727765532227,5.2530843312182265
2023-10-11,120504,ICICI Pru Bluechip Fund - Direct - Growth,0.008241383118047452,5.434178678315619
2023-10-12,120504,ICICI Pru Bluechip Fund - Direct - Growth,-0.0009503576500847766,5.110150351393041
2023-10-13,120504,ICICI Pru Bluechip Fund - Direct - Growth,0.024441649466550697,5.39006215007201
2023-10-16,120504,ICICI Pru Bluechip Fund - Direct - Growth,-0.0048027688986770345,5.0953988741630045
2023-10-17,120504,ICICI Pru Bluechip Fund - Direct - Growth,0.01602713814648493,5.206258482398346
2023-10-18,120504,ICICI Pru Bluechip Fund - Direct - Growth,-2.5034992091277353e-05,5.201537861641853
2023-10-19,120504,ICICI Pru Bluechip Fund - Direct - Growth,-0.013976703218670061,4.942836724499604
2023-10-20,120504,ICICI Pru Bluechip Fund - Direct - Growth,0.0047849540547464375,4.967379438970207
2023-10-23,120504,ICICI Pru Bluechip Fund - Direct - Growth,0.003297680252511981,4.935645363789846
2023-10-24,120504,ICICI Pru Bluechip Fund - Direct - Growth,-0.008717971614788156,4.8296425219163615
2023-10-25,120504,ICICI Pru Bluechip Fund - Direct - Growth,-0.007587761644961999,4.614530572808645
2023-10-26,120504,ICICI Pru Bluechip Fund - Direct - Growth,0.00029791760250796884,4.423284276446852
2023-10-27,120504,ICICI Pru Bluechip Fund - Direct - Growth,0.003606521521626327,4.205879395863612
2023-10-30,120504,ICICI Pru Bluechip Fund - Direct - Growth,-0.02104899530982285,3.5207337039245763
2023-10-31,120504,ICICI Pru Bluechip Fund - Direct - Growth,0.009852030086584085,3.42109401232975
2023-11-01,120504,ICICI Pru Bluechip Fund - Direct - Growth,-0.0038378735858614066,3.4469913412588884
2023-11-02,120504,ICICI Pru Bluechip Fund - Direct - Growth,-0.011166003368870081,3.077652805070919
2023-11-03,120504,ICICI Pru Bluechip Fund - Direct - Growth,0.008854161086688128,3.0231217283287664
2023-11-06,120504,ICICI Pru Bluechip Fund - Direct - Growth,0.0003079664186809161,3.184846079651499
2023-11-07,120504,ICICI Pru Bluechip Fund - Direct - Growth,0.011305139686419219,3.4584997891404283
2023-11-08,120504,ICICI Pru Bluechip Fund - Direct - Growth,0.004386824363729724,3.279952431906516
2023-11-09,120504,ICICI Pru Bluechip Fund - Direct - Growth,0.0005028446140464826,3.4663701519791275
2023-11-10,120504,ICICI Pru Bluechip Fund - Direct - Growth,-0.0008299150120598675,3.7094463392705914
2023-11-13,120504,ICICI Pru Bluechip Fund - Direct - Growth,0.004783816342343705,3.561705020891364
2023-11-14,120504,ICICI Pru Bluechip Fund - Direct - Growth,-0.003126239252107532,3.294645035585127
2023-11-15,120504,ICICI Pru Bluechip Fund - Direct - Growth,-0.0069783921515412795,3.0558029072549355
2023-11-16,120504,ICICI Pru Bluechip Fund - Direct - Growth,0.005912059573752293,3.1666714335575676
2023-11-17,120504,ICICI Pru Bluechip Fund - Direct - Growth,-0.000758175641314307,3.2220152492886167
2023-11-20,120504,ICICI Pru Bluechip Fund - Direct - Growth,0.0008122004357298263,3.1789278634400375
2023-11-21,120504,ICICI Pru Bluechip Fund - Direct - Growth,0.010175032856392985,3.1130248745443465
2023-11-22,120504,ICICI Pru Bluechip Fund - Direct - Growth,-0.0004884563400482378,3.050510993146719
2023-11-23,120504,ICICI Pru Bluechip Fund - Direct - Growth,0.000648527073130678,2.7356995584765373
2023-11-24,120504,ICICI Pru Bluechip Fund - Direct - Growth,-0.004760826772784554,2.79698974237393
2023-11-27,120504,ICICI Pru Bluechip Fund - Direct - Growth,0.0043240609455894585,2.8766647774811758
2023-11-28,120504,ICICI Pru Bluechip Fund - Direct - Growth,0.0036076056328313566,3.0097707287278266
2023-11-29,120504,ICICI Pru Bluechip Fund - Direct - Growth,0.00849516648395654,3.384012873545136
2023-11-30,120504,ICICI Pru Bluechip Fund - Direct - Growth,-0.0045809607863850355,3.29886488164079
2023-12-01,120504,ICICI Pru Bluechip Fund - Direct - Growth,-0.003515718605580087,3.1361294340911936
2023-12-04,120504,ICICI Pru Bluechip Fund - Direct - Growth,0.007530325707199026,3.1793603118288187
2023-12-05,120504,ICICI Pru Bluechip Fund - Direct - Growth,0.00274366507737156,2.9038947546171263
2023-12-06,120504,ICICI Pru Bluechip Fund - Direct - Growth,-0.007447926289218976,2.6375584880356575
2023-12-07,120504,ICICI Pru Bluechip Fund - Direct - Growth,0.012111619663624618,2.660742447600678
2023-12-08,120504,ICICI Pru Bluechip Fund - Direct - Growth,-0.0143586665372889,2.2971800206988906
2023-12-11,120504,ICICI Pru Bluechip Fund - Direct - Growth,0.007460209165170761,2.1615903915228674
2023-12-12,120504,ICICI Pru Bluechip Fund - Direct - Growth,-0.010586477442519615,1.52890578619821
2023-12-13,120504,ICICI Pru Bluechip Fund - Direct - Growth,0.01729507744887271,1.7486853738905968
2023-12-14,120504,ICICI Pru Bluechip Fund - Direct - Growth,-0.013020586389231426,1.635242222693403
2023-12-15,120504,ICICI Pru Bluechip Fund - Direct - Growth,0.010734375393174345,1.9337159956104721
2023-12-18,120504,ICICI Pru Bluechip Fund - Direct - Growth,-0.00020369387526464333,1.8685976571433007
2023-12-19,120504,ICICI Pru Bluechip Fund - Direct - Growth,-0.0027130760759208616,1.720371168050917
2023-12-20,120504,ICICI Pru Bluechip Fund - Direct - Growth,0.0021529856929163316,1.6316396422804107
2023-12-21,120504,ICICI Pru Bluechip Fund - Direct - Growth,0.006107594685837769,1.661065896644715
2023-12-22,120504,ICICI Pru Bluechip Fund - Direct - Growth,-0.007432529784149433,1.4898585562220465
2023-12-25,120504,ICICI Pru Bluechip Fund - Direct - Growth,-0.006656921326984144,1.4555851650452576
2023-12-26,120504,ICICI Pru Bluechip Fund - Direct - Growth,0.00626427786130912,1.4981289554321582
2023-12-27,120504,ICICI Pru Bluechip Fund - Direct - Growth,-0.014436026076518726,0.8638110104911112
2023-12-28,120504,ICICI Pru Bluechip Fund - Direct - Growth,-0.004625398016765758,0.578311427365613
2023-12-29,120504,ICICI Pru Bluechip Fund - Direct - Growth,0.027709029172025446,0.9846208141492624
2024-01-01,120504,ICICI Pru Bluechip Fund - Direct - Growth,-0.00798988997583916,0.6435153754776257
2024-01-02,120504,ICICI Pru Bluechip Fund - Direct - Growth,0.010696260903005461,0.89856591417096
2024-01-03,120504,ICICI Pru Bluechip Fund - Direct - Growth,-0.004641102999937141,0.8850284897770482
2024-01-04,120504,ICICI Pru Bluechip Fund - Direct - Growth,0.005017946205361445,1.1002159027792064
2024-01-05,120504,ICICI Pru Bluechip Fund - Direct - Growth,0.006305630074938229,1.230724251624372
2024-01-08,120504,ICICI Pru Bluechip Fund - Direct - Growth,0.010527524649147635,1.4872000825752407
2024-01-09,120504,ICICI Pru Bluechip Fund - Direct - Growth,-0.0012489945704043937,1.2568724745413822
2024-01-10,120504,ICICI Pru Bluechip Fund - Direct - Growth,0.018220343196011513,1.6481952606529895
2024-01-11,120504,ICICI Pru Bluechip Fund - Direct - Growth,-0.004670767828662492,1.6863010087741634
2024-01-12,120504,ICICI Pru Bluechip Fund - Direct - Growth,0.002584520130588519,1.4240842450866342
2024-01-15,120504,ICICI Pru Bluechip Fund - Direct - Growth,0.002683320358877639,1.544360678566451
2024-01-16,120504,ICICI Pru Bluechip Fund - Direct - Growth,-0.009336126580960724,1.3185173093077625
2024-01-17,120504,ICICI Pru Bluechip Fund - Direct - Growth,-0.0020030341041183952,1.1940347365140218
2024-01-18,120504,ICICI Pru Bluechip Fund - Direct - Growth,0.001942345994226713,1.4230218614594798
2024-01-19,120504,ICICI Pru Bluechip Fund - Direct - Growth,-0.0032893476583237824,1.1449830667962282
2024-01-22,120504,ICICI Pru Bluechip Fund - Direct - Growth,0.022287628356487676,1.4176738496977115
2024-01-23,120504,ICICI Pru Bluechip Fund - Direct - Growth,-0.006857217750772415,1.0246664380704964
2024-01-24,120504,ICICI Pru Bluechip Fund - Direct - Growth,0.010977207259148747,1.3324074593174642
2024-01-25,120504,ICICI Pru Bluechip Fund - Direct - Growth,0.008101783740580348,1.454916226002373
2024-01-26,120504,ICICI Pru Bluechip Fund - Direct - Growth,0.0003937672273162107,1.4460091217609827
2024-01-29,120504,ICICI Pru Bluechip Fund - Direct - Growth,-0.007089264040604615,1.2531662525990903
2024-01-30,120504,ICICI Pru Bluechip Fund - Direct - Growth,-0.006239114406915491,1.3769799605449273
2024-01-31,120504,ICICI Pru Bluechip Fund - Direct - Growth,-0.004043951223131392,1.2698198001604577
2024-02-01,120504,ICICI Pru Bluechip Fund - Direct - Growth,-0.015117622291556443,1.2035044341897092
2024-02-02,120504,ICICI Pru Bluechip Fund - Direct - Growth,-0.008299105415410124,0.9729226944026209
2024-02-05,120504,ICICI Pru Bluechip Fund - Direct - Growth,-0.01248043541697974,1.0908386643635866
2024-02-06,120504,ICICI Pru Bluechip Fund - Direct - Growth,0.012462433051079858,1.6404869553260182
2024-02-07,120504,ICICI Pru Bluechip Fund - Direct - Growth,0.00598868594941715,1.6086635142135268
2024-02-08,120504,ICICI Pru Bluechip Fund - Direct - Growth,0.007475086707489087,1.8330452275301676
2024-02-09,120504,ICICI Pru Bluechip Fund - Direct - Growth,0.005724520538680888,2.1087092090924116
2024-02-12,120504,ICICI Pru Bluechip Fund - Direct - Growth,0.001990225660136735,1.9344357098430842
2024-02-13,120504,ICICI Pru Bluechip Fund - Direct - Growth,0.013488251766267112,2.109124626555151
2024-02-14,120504,ICICI Pru Bluechip Fund - Direct - Growth,-0.004858475150111952,1.8590409425765482
2024-02-15,120504,ICICI Pru Bluechip Fund - Direct - Growth,0.0014574678053089762,1.9058893871199223
2024-02-16,120504,ICICI Pru Bluechip Fund - Direct - Growth,0.0071299127327830725,1.629437672689738
2024-02-19,120504,ICICI Pru Bluechip Fund - Direct - Growth,-0.011074056890879036,1.4925570855304855
2024-02-20,120504,ICICI Pru Bluechip Fund - Direct - Growth,0.028215206858074993,1.6736168527344584
2024-02-21,120504,ICICI Pru Bluechip Fund - Direct - Growth,0.0007681206891319015,1.6888747270031175
2024-02-22,120504,ICICI Pru Bluechip Fund - Direct - Growth,0.0017703408821170274,2.0199919270204933
2024-02-23,120504,ICICI Pru Bluechip Fund - Direct - Growth,0.011667985377962209,2.139463159367963
2024-02-26,120504,ICICI Pru Bluechip Fund - Direct - Growth,0.008621685871826212,2.2345664673785675
2024-02-27,120504,ICICI Pru Bluechip Fund - Direct - Growth,0.0008521390429034881,2.4347848230995175
2024-02-28,120504,ICICI Pru Bluechip Fund - Direct - Growth,0.0016650091529508693,2.628203559488433
2024-02-29,120504,ICICI Pru Bluechip Fund - Direct - Growth,-0.012668341493180635,2.3447255889093097
2024-03-01,120504,ICICI Pru Bluechip Fund - Direct - Growth,-0.004382034897120413,2.187519373958846
2024-03-04,120504,ICICI Pru Bluechip Fund - Direct - Growth,0.005089547172514308,2.7800060505565845
2024-03-05,120504,ICICI Pru Bluechip Fund - Direct - Growth,0.0044410018073843816,2.6844232896650815
2024-03-06,120504,ICICI Pru Bluechip Fund - Direct - Growth,0.011349545010539419,2.9725361235239607
2024-03-07,120504,ICICI Pru Bluechip Fund - Direct - Growth,-0.0005469769862991303,3.219684224329475
2024-03-08,120504,ICICI Pru Bluechip Fund - Direct - Growth,-0.011650475560754825,2.7837564332051192
2024-03-11,120504,ICICI Pru Bluechip Fund - Direct - Growth,0.009883727512538742,2.9597929594594925
2024-03-12,120504,ICICI Pru Bluechip Fund - Direct - Growth,0.013268446799836742,2.9898106082491918
2024-03-13,120504,ICICI Pru Bluechip Fund - Direct - Growth,0.008472982310738564,3.062027425332284
2024-03-14,120504,ICICI Pru Bluechip Fund - Direct - Growth,-0.000926551125375652,3.0327806945541917
2024-03-15,120504,ICICI Pru Bluechip Fund - Direct - Growth,0.009774246940743359,3.2281665840317926
2024-03-18,120504,ICICI Pru Bluechip Fund - Direct - Growth,0.031233656778760333,3.5436787867561867
2024-03-19,120504,ICICI Pru Bluechip Fund - Direct - Growth,0.0015329336265625937,3.636077990114082
2024-03-20,120504,ICICI Pru Bluechip Fund - Direct - Growth,-0.010991703814598908,3.5420898942164136
2024-03-21,120504,ICICI Pru Bluechip Fund - Direct - Growth,-0.004644729939780157,3.341252220070707
2024-03-22,120504,ICICI Pru Bluechip Fund - Direct - Growth,0.006051059154135396,3.464832291710655
2024-03-25,120504,ICICI Pru Bluechip Fund - Direct - Growth,-0.013544834038571985,3.1547815007853655
2024-03-26,120504,ICICI Pru Bluechip Fund - Direct - Growth,0.0020115145244479216,3.0191339874129186
2024-03-27,120504,ICICI Pru Bluechip Fund - Direct - Growth,0.003878057294727455,3.0988837164988974
2024-03-28,120504,ICICI Pru Bluechip Fund - Direct - Growth,0.014153897703486074,3.3157119937467616
2024-03-29,120504,ICICI Pru Bluechip Fund - Direct - Growth,0.012143023164235656,3.609579599069396
2024-04-01,120504,ICICI Pru Bluechip Fund - Direct - Growth,0.008174094743204963,3.672235260182295
2024-04-02,120504,ICICI Pru Bluechip Fund - Direct - Growth,-0.018386135193720787,3.200067837128035
2024-04-03,120504,ICICI Pru Bluechip Fund - Direct - Growth,0.008676791667825201,3.2028288020987032
2024-04-04,120504,ICICI Pru Bluechip Fund - Direct - Growth,0.00676080331119655,3.4059586328044493
2024-04-05,120504,ICICI Pru Bluechip Fund - Direct - Growth,0.0027769961607391203,3.522733393481655
2024-04-08,120504,ICICI Pru Bluechip Fund - Direct - Growth,-0.014635607001513118,3.090005495190393
2024-04-09,120504,ICICI Pru Bluechip Fund - Direct - Growth,-0.006314646769668197,2.9222439550731503
2024-04-10,120504,ICICI Pru Bluechip Fund - Direct - Growth,-0.009726421553919451,2.8754949737758126
2024-04-11,120504,ICICI Pru Bluechip Fund - Direct - Growth,-0.017107330631017326,2.341333511769879
2024-04-12,120504,ICICI Pru Bluechip Fund - Direct - Growth,0.0004900614355243249,2.6290792540583685
2024-04-15,120504,ICICI Pru Bluechip Fund - Direct - Growth,-0.0064990213447571055,2.384307866266085
2024-04-16,120504,ICICI Pru Bluechip Fund - Direct - Growth,0.023951500596898878,2.925800328178094
2024-04-17,120504,ICICI Pru Bluechip Fund - Direct - Growth,-0.00097172295896919,2.64880990404939
2024-04-18,120504,ICICI Pru Bluechip Fund - Direct - Growth,0.011996564081435901,3.0964410853401056
2024-04-19,120504,ICICI Pru Bluechip Fund - Direct - Growth,-0.013233167606680585,2.6624604649086536
2024-04-22,120504,ICICI Pru Bluechip Fund - Direct - Growth,-0.004151049147020691,2.590826823137512
2024-04-23,120504,ICICI Pru Bluechip Fund - Direct - Growth,0.0013718627433736419,2.66323441506908
2024-04-24,120504,ICICI Pru Bluechip Fund - Direct - Growth,-0.0074656284456934285,2.488080975839881
2024-04-25,120504,ICICI Pru Bluechip Fund - Direct - Growth,-0.0032019929628904764,2.3295267894299183
2024-04-26,120504,ICICI Pru Bluechip Fund - Direct - Growth,-0.0014054335540603091,2.4411785264646926
2024-04-29,120504,ICICI Pru Bluechip Fund - Direct - Growth,-0.0015456835921490164,2.5362052128694694
2024-04-30,120504,ICICI Pru Bluechip Fund - Direct - Growth,0.017018948851159177,2.6900450108354095
2024-05-01,120504,ICICI Pru Bluechip Fund - Direct - Growth,0.0038594078415619126,3.0412005368669885
2024-05-02,120504,ICICI Pru Bluechip Fund - Direct - Growth,0.004756299019964105,3.2084617925506347
2024-05-03,120504,ICICI Pru Bluechip Fund - Direct - Growth,0.0052882603320687505,2.9267379136849727
2024-05-06,120504,ICICI Pru Bluechip Fund - Direct - Growth,0.005936702036838604,3.1899594165757117
2024-05-07,120504,ICICI Pru Bluechip Fund - Direct - Growth,-0.00021550758233868095,3.007183180317236
2024-05-08,120504,ICICI Pru Bluechip Fund - Direct - Growth,-0.002310052543680774,3.0535582340925393
2024-05-09,120504,ICICI Pru Bluechip Fund - Direct - Growth,0.0019894095726833427,3.000751519028171
2024-05-10,120504,ICICI Pru Bluechip Fund - Direct - Growth,0.010775483723237889,3.0705960976680093
2024-05-13,120504,ICICI Pru Bluechip Fund - Direct - Growth,0.010502976173620615,3.0702308574382045
2024-05-14,120504,ICICI Pru Bluechip Fund - Direct - Growth,-0.001602927865443804,3.0634543372575145
2024-05-15,120504,ICICI Pru Bluechip Fund - Direct - Growth,0.007314574415830499,2.9082793356088072
2024-05-16,120504,ICICI Pru Bluechip Fund - Direct - Growth,-0.0012000263782887544,2.977350138617904
2024-05-17,120504,ICICI Pru Bluechip Fund - Direct - Growth,0.0008155476676916518,2.945004595847109
2024-05-20,120504,ICICI Pru Bluechip Fund - Direct - Growth,-0.003653500931029452,2.8245457612651466
2024-05-21,120504,ICICI Pru Bluechip Fund - Direct - Growth,-0.0010855211620671712,2.995592912088991
2024-05-22,120504,ICICI Pru Bluechip Fund - Direct - Growth,0.012421438254108796,3.241415373683478
2024-05-23,120504,ICICI Pru Bluechip Fund - Direct - Growth,0.001331566517925875,3.2301965303897178
2024-05-24,120504,ICICI Pru Bluechip Fund - Direct - Growth,0.001711053052774636,3.3269633126081493
2024-05-27,120504,ICICI Pru Bluechip Fund - Direct - Growth,-0.012172956931764012,2.7343000804241355
2024-05-28,120504,ICICI Pru Bluechip Fund - Direct - Growth,-0.002209403833231871,2.8304886894196555
2024-05-29,120504,ICICI Pru Bluechip Fund - Direct - Growth,-0.0016108211363611291,2.609114805901123
2024-05-30,120504,ICICI Pru Bluechip Fund - Direct - Growth,-0.0067731878919690125,2.3278201053706824
2024-05-31,120504,ICICI Pru Bluechip Fund - Direct - Growth,0.0007073339810956814,2.333744066534965
2024-06-03,120504,ICICI Pru Bluechip Fund - Direct - Growth,-0.0032644076176404635,2.4127142968043187
2024-06-04,120504,ICICI Pru Bluechip Fund - Direct - Growth,0.0012221503433527126,2.561928101218402
2024-06-05,120504,ICICI Pru Bluechip Fund - Direct - Growth,0.0015889281751719775,2.673022487425315
2024-06-06,120504,ICICI Pru Bluechip Fund - Direct - Growth,-0.00788219772448795,2.8438760635247133
2024-06-07,120504,ICICI Pru Bluechip Fund - Direct - Growth,-0.0029951840095088222,2.960028864526842
2024-06-10,120504,ICICI Pru Bluechip Fund - Direct - Growth,0.00119882076346145,3.2661893645614284
2024-06-11,120504,ICICI Pru Bluechip Fund - Direct - Growth,0.01102050273091204,3.244498079742136
2024-06-12,120504,ICICI Pru Bluechip Fund - Direct - Growth,0.002783793886548258,3.1857343077634597
2024-06-13,120504,ICICI Pru Bluechip Fund - Direct - Growth,-0.005307680636284728,2.93348218698312
2024-06-14,120504,ICICI Pru Bluechip Fund - Direct - Growth,0.004043196479198707,2.902933827797102
2024-06-17,120504,ICICI Pru Bluechip Fund - Direct - Growth,0.01569690291421466,3.12823947226449
2024-06-18,120504,ICICI Pru Bluechip Fund - Direct - Growth,0.008637540013831213,3.0534457253339613
2024-06-19,120504,ICICI Pru Bluechip Fund - Direct - Growth,0.005358754615907069,3.2578754401795837
2024-06-20,120504,ICICI Pru Bluechip Fund - Direct - Growth,0.006939082485941439,3.3582916495031654
2024-06-21,120504,ICICI Pru Bluechip Fund - Direct - Growth,0.013302371929291512,3.4539473537524374
2024-06-24,120504,ICICI Pru Bluechip Fund - Direct - Growth,0.010052614482903843,3.888382792042841
2024-06-25,120504,ICICI Pru Bluechip Fund - Direct - Growth,0.00552979187520819,3.6171812530004686
2024-06-26,120504,ICICI Pru Bluechip Fund - Direct - Growth,0.009989210352438382,3.786882593230084
2024-06-27,120504,ICICI Pru Bluechip Fund - Direct - Growth,-0.008982189601190904,3.5384020452100615
2024-06-28,120504,ICICI Pru Bluechip Fund - Direct - Growth,-0.012652171928383082,3.027094933450941
2024-07-01,120504,ICICI Pru Bluechip Fund - Direct - Growth,0.0019026298078077541,2.903746722091502
2024-07-02,120504,ICICI Pru Bluechip Fund - Direct - Growth,0.0011225495807523078,2.9092044968236026
2024-07-03,120504,ICICI Pru Bluechip Fund - Direct - Growth,-0.004271542080761304,2.7841075217005833
2024-07-04,120504,ICICI Pru Bluechip Fund - Direct - Growth,0.007829295541440962,3.2302623592478263
2024-07-05,120504,ICICI Pru Bluechip Fund - Direct - Growth,-0.015786916812408402,2.943538921310828
2024-07-08,120504,ICICI Pru Bluechip Fund - Direct - Growth,-0.004191993480916145,2.756271106196965
2024-07-09,120504,ICICI Pru Bluechip Fund - Direct - Growth,-0.003753618434096717,2.591382978113881
2024-07-10,120504,ICICI Pru Bluechip Fund - Direct - Growth,-0.013819044336552788,2.077644688570265
2024-07-11,120504,ICICI Pru Bluechip Fund - Direct - Growth,0.013792534089189123,2.332746069114562
2024-07-12,120504,ICICI Pru Bluechip Fund - Direct - Growth,-0.011405268410618508,2.3384700183878024
2024-07-15,120504,ICICI Pru Bluechip Fund - Direct - Growth,-0.004662333216790215,2.0631252582426702
2024-07-16,120504,ICICI Pru Bluechip Fund - Direct - Growth,0.008560062970578208,1.9843679829948533
2024-07-17,120504,ICICI Pru Bluechip Fund - Direct - Growth,0.006232671195595119,1.9444596066581477
2024-07-18,120504,ICICI Pru Bluechip Fund - Direct - Growth,-0.009214080354319365,1.7704166842513354
2024-07-19,120504,ICICI Pru Bluechip Fund - Direct - Growth,0.006556204662596432,1.713425672068624
2024-07-22,120504,ICICI Pru Bluechip Fund - Direct - Growth,0.003076400302733706,1.2469575962427764
2024-07-23,120504,ICICI Pru Bluechip Fund - Direct - Growth,0.021314773333526604,1.6062123335563327
2024-07-24,120504,ICICI Pru Bluechip Fund - Direct - Growth,0.004086718607961615,1.9287578864814865
2024-07-25,120504,ICICI Pru Bluechip Fund - Direct - Growth,-0.0007295769248774064,2.0128079583658995
2024-07-26,120504,ICICI Pru Bluechip Fund - Direct - Growth,-0.007012941325175492,1.741427349522732
2024-07-29,120504,ICICI Pru Bluechip Fund - Direct - Growth,-0.006029002949075268,1.9174645233397531
2024-07-30,120504,ICICI Pru Bluechip Fund - Direct - Growth,-0.0067444005624065495,1.7296059673477122
2024-07-31,120504,ICICI Pru Bluechip Fund - Direct - Growth,0.012687776294090902,1.8916929616494378
2024-08-01,120504,ICICI Pru Bluechip Fund - Direct - Growth,0.0006748749745142391,1.639632770867286
2024-08-02,120504,ICICI Pru Bluechip Fund - Direct - Growth,0.0055154729524729,1.515713284114052
2024-08-05,120504,ICICI Pru Bluechip Fund - Direct - Growth,0.013967444395679207,1.6209196075622783
2024-08-06,120504,ICICI Pru Bluechip Fund - Direct - Growth,-0.020080058433755488,1.5779861350743092
2024-08-07,120504,ICICI Pru Bluechip Fund - Direct - Growth,0.011864782621473058,1.63573435387613
2024-08-08,120504,ICICI Pru Bluechip Fund - Direct - Growth,0.0010050817354998465,1.5226632623244247
2024-08-09,120504,ICICI Pru Bluechip Fund - Direct - Growth,0.004361824844729245,1.553962091013463
2024-08-12,120504,ICICI Pru Bluechip Fund - Direct - Growth,-0.006766877143099759,1.7381986983028708
2024-08-13,120504,ICICI Pru Bluechip Fund - Direct - Growth,-0.00612463081670267,1.742488990100419
2024-08-14,120504,ICICI Pru Bluechip Fund - Direct - Growth,0.004838380703232392,2.059488288442368
2024-08-15,120504,ICICI Pru Bluechip Fund - Direct - Growth,0.021779957038441156,2.8515837361533305
2024-08-16,120504,ICICI Pru Bluechip Fund - Direct - Growth,0.009408482576644284,3.022141713800932
2024-08-19,120504,ICICI Pru Bluechip Fund - Direct - Growth,0.01174489465875106,3.3895256456881233
2024-08-20,120504,ICICI Pru Bluechip Fund - Direct - Growth,-0.0011764168592122148,2.9862543337908285
2024-08-21,120504,ICICI Pru Bluechip Fund - Direct - Growth,-0.004766247280935887,2.897252589381622
2024-08-22,120504,ICICI Pru Bluechip Fund - Direct - Growth,-0.006350265104850816,2.5172043210709636
2024-08-23,120504,ICICI Pru Bluechip Fund - Direct - Growth,-0.003782793342009705,2.7622463958571557
2024-08-26,120504,ICICI Pru Bluechip Fund - Direct - Growth,-0.01743443500741726,2.408348551679204
2024-08-27,120504,ICICI Pru Bluechip Fund - Direct - Growth,-0.00585977990180353,2.246282244797398
2024-08-28,120504,ICICI Pru Bluechip Fund - Direct - Growth,-0.004416120114243638,2.3186419842361583
2024-08-29,120504,ICICI Pru Bluechip Fund - Direct - Growth,-0.0010304914100676132,2.3673326194120374
2024-08-30,120504,ICICI Pru Bluechip Fund - Direct - Growth,0.0016791511881897314,2.4339903924264035
2024-09-02,120504,ICICI Pru Bluechip Fund - Direct - Growth,0.0037192057097887865,2.545974237130586
2024-09-03,120504,ICICI Pru Bluechip Fund - Direct - Growth,0.0003845334825709479,2.239085291172473
2024-09-04,120504,ICICI Pru Bluechip Fund - Direct - Growth,-0.004601193266829617,2.0518272825825985
2024-09-05,120504,ICICI Pru Bluechip Fund - Direct - Growth,-0.016658890397013848,1.5517206479532517
2024-09-06,120504,ICICI Pru Bluechip Fund - Direct - Growth,-0.004548003407632728,1.3437243126170384
2024-09-09,120504,ICICI Pru Bluechip Fund - Direct - Growth,-0.008027190618694946,1.0459001044333156
2024-09-10,120504,ICICI Pru Bluechip Fund - Direct - Growth,0.004636695142072211,1.1462107064952884
2024-09-11,120504,ICICI Pru Bluechip Fund - Direct - Growth,0.00857113352380301,1.3683047306030183
2024-09-12,120504,ICICI Pru Bluechip Fund - Direct - Growth,0.008832405245194908,1.50352918037993
2024-09-13,120504,ICICI Pru Bluechip Fund - Direct - Growth,0.0072175521752368965,1.4362367422555218
2024-09-16,120504,ICICI Pru Bluechip Fund - Direct - Growth,-0.0006620461912013598,1.2124767459191532
2024-09-17,120504,ICICI Pru Bluechip Fund - Direct - Growth,-0.004078394327927337,1.1589019212883362
2024-09-18,120504,ICICI Pru Bluechip Fund - Direct - Growth,-0.006055164341138952,0.8786563579429567
2024-09-19,120504,ICICI Pru Bluechip Fund - Direct - Growth,-0.012696988731757619,0.6290829865788832
2024-09-20,120504,ICICI Pru Bluechip Fund - Direct - Growth,0.009306278185587935,0.7999537401787045
2024-09-23,120504,ICICI Pru Bluechip Fund - Direct - Growth,-0.0010248951791369532,0.8549964994752611
2024-09-24,120504,ICICI Pru Bluechip Fund - Direct - Growth,-0.010421033073540586,0.656931767009913
2024-09-25,120504,ICICI Pru Bluechip Fund - Direct - Growth,-0.00675021746367066,0.26746181507946737
2024-09-26,120504,ICICI Pru Bluechip Fund - Direct - Growth,-0.007104756808192447,0.09353813096655476
2024-09-27,120504,ICICI Pru Bluechip Fund - Direct - Growth,0.0008958290603635621,0.07684227387334747
2024-09-30,120504,ICICI Pru Bluechip Fund - Direct - Growth,0.009979462156611385,0.5331867693492811
2024-10-01,120504,ICICI Pru Bluechip Fund - Direct - Growth,-0.0025502800030934303,0.5260965364823772
2024-10-02,120504,ICICI Pru Bluechip Fund - Direct - Growth,-0.019162777800075137,0.16034267721647577
2024-10-03,120504,ICICI Pru Bluechip Fund - Direct - Growth,-0.001152253730177355,0.2737956505537875
2024-10-04,120504,ICICI Pru Bluechip Fund - Direct - Growth,-0.0008612302091626223,0.24227299039424863
2024-10-07,120504,ICICI Pru Bluechip Fund - Direct - Growth,-0.001466751155509094,0.27856705234183676
2024-10-08,120504,ICICI Pru Bluechip Fund - Direct - Growth,-0.0050049181276398125,0.15311747961705097
2024-10-09,120504,ICICI Pru Bluechip Fund - Direct - Growth,0.002435791979425561,0.17006897700705959
2024-10-10,120504,ICICI Pru Bluechip Fund - Direct - Growth,0.001100319991017784,0.3518821025414261
2024-10-11,120504,ICICI Pru Bluechip Fund - Direct - Growth,0.0002972084833394728,0.4185487161621294
2024-10-14,120504,ICICI Pru Bluechip Fund - Direct - Growth,0.004163419834547044,0.4778325286149379
2024-10-15,120504,ICICI Pru Bluechip Fund - Direct - Growth,-0.003269658425837152,0.1914193507507674
2024-10-16,120504,ICICI Pru Bluechip Fund - Direct - Growth,-0.0037686143597556176,0.05834552769732491
2024-10-17,120504,ICICI Pru Bluechip Fund - Direct - Growth,0.012768242253642592,0.4211097141030629
2024-10-18,120504,ICICI Pru Bluechip Fund - Direct - Growth,0.005464445482765035,0.44925612656549907
2024-10-21,120504,ICICI Pru Bluechip Fund - Direct - Growth,0.00783925072995495,0.2954023541609798
2024-10-22,120504,ICICI Pru Bluechip Fund - Direct - Growth,0.011393040731170645,0.35006550818872334
2024-10-23,120504,ICICI Pru Bluechip Fund - Direct - Growth,0.005167426794786989,0.346237162003939
2024-10-24,120504,ICICI Pru Bluechip Fund - Direct - Growth,0.008741440878293538,0.38199616604487485
2024-10-25,120504,ICICI Pru Bluechip Fund - Direct - Growth,-0.013323064732252199,-0.1566340256095802
2024-10-28,120504,ICICI Pru Bluechip Fund - Direct - Growth,0.0023190738864160565,-0.31533480773391925
2024-10-29,120504,ICICI Pru Bluechip Fund - Direct - Growth,-0.001094735098413624,-0.45138763734690995
2024-10-30,120504,ICICI Pru Bluechip Fund - Direct - Growth,0.015429609167639358,-0.3367324430990251
2024-10-31,120504,ICICI Pru Bluechip Fund - Direct - Growth,0.00873455077994989,0.021319581156526383
2024-11-01,120504,ICICI Pru Bluechip Fund - Direct - Growth,-0.0050311654213403,0.17713341472600655
2024-11-04,120504,ICICI Pru Bluechip Fund - Direct - Growth,0.0038105833225738905,0.21591745101389986
2024-11-05,120504,ICICI Pru Bluechip Fund - Direct - Growth,0.001997168548868,0.2337162131866111
2024-11-06,120504,ICICI Pru Bluechip Fund - Direct - Growth,0.004532370179026524,0.4133141441304924
2024-11-07,120504,ICICI Pru Bluechip Fund - Direct - Growth,-0.008433046338429895,0.08150507703227396
2024-11-08,120504,ICICI Pru Bluechip Fund - Direct - Growth,0.0036976098381666933,0.48743790083962163
2024-11-11,120504,ICICI Pru Bluechip Fund - Direct - Growth,-0.0014950535712870971,0.54412756811709
2024-11-12,120504,ICICI Pru Bluechip Fund - Direct - Growth,0.0030113186475400067,0.6852290696178501
2024-11-13,120504,ICICI Pru Bluechip Fund - Direct - Growth,-0.005855275983006836,0.8619219179113851
2024-11-14,120504,ICICI Pru Bluechip Fund - Direct - Growth,-0.004633727102975382,0.4797335563386714
2024-11-15,120504,ICICI Pru Bluechip Fund - Direct - Growth,0.01092743910663696,0.9584006618478672
2024-11-18,120504,ICICI Pru Bluechip Fund - Direct - Growth,-0.008719261377701182,0.8674879335242508
2024-11-19,120504,ICICI Pru Bluechip Fund - Direct - Growth,-0.008074249802305755,0.513295591089246
2024-11-20,120504,ICICI Pru Bluechip Fund - Direct - Growth,6.070610123098952e-05,0.38310733662562124
2024-11-21,120504,ICICI Pru Bluechip Fund - Direct - Growth,-0.006271987888082586,0.44761568956229364
2024-11-22,120504,ICICI Pru Bluechip Fund - Direct - Growth,-0.0072628915201586874,0.15141137590497042
2024-11-25,120504,ICICI Pru Bluechip Fund - Direct - Growth,0.0014442027385559442,0.11655659131124861
2024-11-26,120504,ICICI Pru Bluechip Fund - Direct - Growth,-0.012676379592013731,-0.6270682475549358
2024-11-27,120504,ICICI Pru Bluechip Fund - Direct - Growth,-0.008339167639050848,-0.8966456092012756
2024-11-28,120504,ICICI Pru Bluechip Fund - Direct - Growth,0.01880647456585338,-0.45491631126245546
2024-11-29,120504,ICICI Pru Bluechip Fund - Direct - Growth,0.004578143215987263,-0.20935109106182767
2024-12-02,120504,ICICI Pru Bluechip Fund - Direct - Growth,-0.0060496215041546675,-0.20978531822606106
2024-12-03,120504,ICICI Pru Bluechip Fund - Direct - Growth,0.004213062671575285,0.02325081179084423
2024-12-04,120504,ICICI Pru Bluechip Fund - Direct - Growth,0.005534225289765438,-0.13059303289243698
2024-12-05,120504,ICICI Pru Bluechip Fund - Direct - Growth,0.009329270045711935,0.055432138174087014
2024-12-06,120504,ICICI Pru Bluechip Fund - Direct - Growth,-0.0006052837712738901,-0.0756558228569226
2024-12-09,120504,ICICI Pru Bluechip Fund - Direct - Growth,0.009169368342299311,-0.18020220563184797
2024-12-10,120504,ICICI Pru Bluechip Fund - Direct - Growth,-0.01730983932818786,-0.12131471551871417
2024-12-11,120504,ICICI Pru Bluechip Fund - Direct - Growth,-0.008761120920532828,-0.5751666563604793
2024-12-12,120504,ICICI Pru Bluechip Fund - Direct - Growth,0.001962512922594861,-0.5539707005757002
2024-12-13,120504,ICICI Pru Bluechip Fund - Direct - Growth,0.0034290271853492094,-0.5748465569609021
2024-12-16,120504,ICICI Pru Bluechip Fund - Direct - Growth,-0.0074969922813152845,-0.5903777566031622
2024-12-17,120504,ICICI Pru Bluechip Fund - Direct - Growth,0.002807524747440837,-0.3951224137980614
2024-12-18,120504,ICICI Pru Bluechip Fund - Direct - Growth,-0.004973660335126806,-0.6112336679231881
2024-12-19,120504,ICICI Pru Bluechip Fund - Direct - Growth,-0.0019246081397730208,-1.1851396896036808
2024-12-20,120504,ICICI Pru Bluechip Fund - Direct - Growth,0.009599657187662425,-1.1803027677258058
2024-12-23,120504,ICICI Pru Bluechip Fund - Direct - Growth,0.008568288482569297,-1.2616817701985765
2024-12-24,120504,ICICI Pru Bluechip Fund - Direct - Growth,-0.00824299555795116,-1.4175279496280284
2024-12-25,120504,ICICI Pru Bluechip Fund - Direct - Growth,-0.00877014791160513,-1.5028008653373093
2024-12-26,120504,ICICI Pru Bluechip Fund - Direct - Growth,-0.003104998875132492,-1.4319259644938316
2024-12-27,120504,ICICI Pru Bluechip Fund - Direct - Growth,0.0002795802276478465,-1.3396542898288009
2024-12-30,120504,ICICI Pru Bluechip Fund - Direct - Growth,-0.005272176572244991,-1.0873980315642569
2024-12-31,120504,ICICI Pru Bluechip Fund - Direct - Growth,0.00974076060207607,-0.7138006243036131
2025-01-01,120504,ICICI Pru Bluechip Fund - Direct - Growth,0.0035857189625696506,-0.5263740035539635
2025-01-02,120504,ICICI Pru Bluechip Fund - Direct - Growth,0.0041057174675580566,-0.40525498011549727
2025-01-03,120504,ICICI Pru Bluechip Fund - Direct - Growth,-0.0105972851168743,-0.6855504260618444
2025-01-06,120504,ICICI Pru Bluechip Fund - Direct - Growth,0.010869495818477404,-0.5145474192585461
2025-01-07,120504,ICICI Pru Bluechip Fund - Direct - Growth,-0.024062337587341887,-1.022020422214269
2025-01-08,120504,ICICI Pru Bluechip Fund - Direct - Growth,0.00790296037425331,-0.7461377740024941
2025-01-09,120504,ICICI Pru Bluechip Fund - Direct - Growth,0.008794057429680535,-0.19705552610998794
2025-01-10,120504,ICICI Pru Bluechip Fund - Direct - Growth,-0.003291642229405589,-0.16949308404878025
2025-01-13,120504,ICICI Pru Bluechip Fund - Direct - Growth,0.01181058902416221,0.26661404237244435
2025-01-14,120504,ICICI Pru Bluechip Fund - Direct - Growth,-4.057413299851653e-05,0.16434082900427402
2025-01-15,120504,ICICI Pru Bluechip Fund - Direct - Growth,0.0010675938382525008,-0.0004972911976084741
2025-01-16,120504,ICICI Pru Bluechip Fund - Direct - Growth,0.003516420168975465,-0.11870649550276209
2025-01-17,120504,ICICI Pru Bluechip Fund - Direct - Growth,0.029031777432314554,0.34301404981556854
2025-01-20,120504,ICICI Pru Bluechip Fund - Direct - Growth,0.012449529817204041,0.6089817258172263
2025-01-21,120504,ICICI Pru Bluechip Fund - Direct - Growth,0.0067215625866901,0.82999371497901
2025-01-22,120504,ICICI Pru Bluechip Fund - Direct - Growth,-0.007505921899389367,0.7989038005750783
2025-01-23,120504,ICICI Pru Bluechip Fund - Direct - Growth,0.0017839697940891242,1.1107216846330035
2025-01-24,120504,ICICI Pru Bluechip Fund - Direct - Growth,-0.006633432084569235,0.7809014024424049
2025-01-27,120504,ICICI Pru Bluechip Fund - Direct - Growth,0.007797181438913059,0.9608474622562156
2025-01-28,120504,ICICI Pru Bluechip Fund - Direct - Growth,0.001755601676161067,1.2250021458767255
2025-01-29,120504,ICICI Pru Bluechip Fund - Direct - Growth,-0.009357384635454213,1.166205867580675
2025-01-30,120504,ICICI Pru Bluechip Fund - Direct - Growth,0.0012319442627524158,1.3466056180034716
2025-01-31,120504,ICICI Pru Bluechip Fund - Direct - Growth,-0.0069507958414634086,1.1766263492596907
2025-02-03,120504,ICICI Pru Bluechip Fund - Direct - Growth,0.0018515904508471515,1.0138827213578556
2025-02-04,120504,ICICI Pru Bluechip Fund - Direct - Growth,-0.0070360858141551574,0.9161137470866562
2025-02-05,120504,ICICI Pru Bluechip Fund - Direct - Growth,0.0007585199926074537,1.376540929047315
2025-02-06,120504,ICICI Pru Bluechip Fund - Direct - Growth,0.007160217861071905,1.551372678676261
2025-02-07,120504,ICICI Pru Bluechip Fund - Direct - Growth,4.7795165562414255e-05,1.571255231125705
2025-02-10,120504,ICICI Pru Bluechip Fund - Direct - Growth,-0.0029266622581354262,1.5386539764427993
2025-02-11,120504,ICICI Pru Bluechip Fund - Direct - Growth,0.002311250088240735,1.7008070776457758
2025-02-12,120504,ICICI Pru Bluechip Fund - Direct - Growth,0.006686473932750792,1.7879337957657966
2025-02-13,120504,ICICI Pru Bluechip Fund - Direct - Growth,-0.009205604207387807,1.5527836810680067
2025-02-14,120504,ICICI Pru Bluechip Fund - Direct - Growth,0.00281837479241398,1.6061493092587362
2025-02-17,120504,ICICI Pru Bluechip Fund - Direct - Growth,0.012209348823138733,1.7610045647838588
2025-02-18,120504,ICICI Pru Bluechip Fund - Direct - Growth,0.005590895857326528,1.9478992930385477
2025-02-19,120504,ICICI Pru Bluechip Fund - Direct - Growth,0.0010257040933365769,2.0531324441186456
2025-02-20,120504,ICICI Pru Bluechip Fund - Direct - Growth,0.00617692627957922,1.9309673324812493
2025-02-21,120504,ICICI Pru Bluechip Fund - Direct - Growth,0.004516069950752266,1.9118870814672562
2025-02-24,120504,ICICI Pru Bluechip Fund - Direct - Growth,0.007187655634058432,1.8992827476706835
2025-02-25,120504,ICICI Pru Bluechip Fund - Direct - Growth,-0.017184258937214203,1.2654243243013945
2025-02-26,120504,ICICI Pru Bluechip Fund - Direct - Growth,-0.013097338491883104,0.869694300784624
2025-02-27,120504,ICICI Pru Bluechip Fund - Direct - Growth,0.009421751249868215,0.8830169946305977
2025-02-28,120504,ICICI Pru Bluechip Fund - Direct - Growth,-0.012678197540544334,0.8976106095814542
2025-03-03,120504,ICICI Pru Bluechip Fund - Direct - Growth,0.004065319074227469,0.933205042868913
2025-03-04,120504,ICICI Pru Bluechip Fund - Direct - Growth,-0.0025861235260390414,0.9017540988158673
2025-03-05,120504,ICICI Pru Bluechip Fund - Direct - Growth,-0.008235586425177188,0.41569783791609655
2025-03-06,120504,ICICI Pru Bluechip Fund - Direct - Growth,0.0036059832611148313,0.3095017141086674
2025-03-07,120504,ICICI Pru Bluechip Fund - Direct - Growth,0.002291848412710129,0.4649211234481449
2025-03-10,120504,ICICI Pru Bluechip Fund - Direct - Growth,0.019311639918706103,0.7713034725566886
2025-03-11,120504,ICICI Pru Bluechip Fund - Direct - Growth,-0.004982053709467582,0.6264612235660161
2025-03-12,120504,ICICI Pru Bluechip Fund - Direct - Growth,0.0133037978582502,0.7975336416528438
2025-03-13,120504,ICICI Pru Bluechip Fund - Direct - Growth,0.003630796926150426,1.0479526708214724
2025-03-14,120504,ICICI Pru Bluechip Fund - Direct - Growth,-0.005299454069575216,0.8627788251448197
2025-03-17,120504,ICICI Pru Bluechip Fund - Direct - Growth,0.007592737631458402,1.0443412971937331
2025-03-18,120504,ICICI Pru Bluechip Fund - Direct - Growth,0.005520901274331802,1.0937926388916586
2025-03-19,120504,ICICI Pru Bluechip Fund - Direct - Growth,0.0008323120744522239,1.233252095802174
2025-03-20,120504,ICICI Pru Bluechip Fund - Direct - Growth,0.0028685465002316057,1.3883359664808812
2025-03-21,120504,ICICI Pru Bluechip Fund - Direct - Growth,-0.004738402267646102,1.0752649975717707
2025-03-24,120504,ICICI Pru Bluechip Fund - Direct - Growth,-0.006744068854686591,1.1185368510820717
2025-03-25,120504,ICICI Pru Bluechip Fund - Direct - Growth,0.007239993370000253,1.4368820032761649
2025-03-26,120504,ICICI Pru Bluechip Fund - Direct - Growth,-0.001458473597952592,1.4051106475690722
2025-03-27,120504,ICICI Pru Bluechip Fund - Direct - Growth,-0.0001898952313709179,1.536113067952497
2025-03-28,120504,ICICI Pru Bluechip Fund - Direct - Growth,0.002987861967638006,1.7563911150388887
2025-03-31,120504,ICICI Pru Bluechip Fund - Direct - Growth,0.0028596693194522516,1.7853135062272476
2025-04-01,120504,ICICI Pru Bluechip Fund - Direct - Growth,-0.012016623300570406,1.8014754416023375
2025-04-02,120504,ICICI Pru Bluechip Fund - Direct - Growth,0.011929559273971435,2.2178351523073787
2025-04-03,120504,ICICI Pru Bluechip Fund - Direct - Growth,0.0015858343227463934,1.9076732202878028
2025-04-04,120504,ICICI Pru Bluechip Fund - Direct - Growth,-0.001270147707628455,1.7844660960156842
2025-04-07,120504,ICICI Pru Bluechip Fund - Direct - Growth,0.004325158783232919,2.011597347700662
2025-04-08,120504,ICICI Pru Bluechip Fund - Direct - Growth,0.0026054520699514416,1.978517474688119
2025-04-09,120504,ICICI Pru Bluechip Fund - Direct - Growth,0.0073070359338318625,2.0132266428968664
2025-04-10,120504,ICICI Pru Bluechip Fund - Direct - Growth,0.005274465747133972,1.934846349989334
2025-04-11,120504,ICICI Pru Bluechip Fund - Direct - Growth,0.006870099486740999,2.0895683686313586
2025-04-14,120504,ICICI Pru Bluechip Fund - Direct - Growth,0.012508162428685132,2.149414944007892
2025-04-15,120504,ICICI Pru Bluechip Fund - Direct - Growth,0.008343248625928501,2.7618131586670125
2025-04-16,120504,ICICI Pru Bluechip Fund - Direct - Growth,-0.0008990779095049417,2.9581982650359366
2025-04-17,120504,ICICI Pru Bluechip Fund - Direct - Growth,-0.009343574941999777,2.6828770157876263
2025-04-18,120504,ICICI Pru Bluechip Fund - Direct - Growth,0.01534134594955594,2.895496986347289
2025-04-21,120504,ICICI Pru Bluechip Fund - Direct - Growth,-0.0015792574015845995,3.0403084079611515
2025-04-22,120504,ICICI Pru Bluechip Fund - Direct - Growth,-0.003649900586673138,2.895141637448036
2025-04-23,120504,ICICI Pru Bluechip Fund - Direct - Growth,-0.014691979619035678,2.6385205153673406
2025-04-24,120504,ICICI Pru Bluechip Fund - Direct - Growth,0.0035068243300941937,2.754671490954558
2025-04-25,120504,ICICI Pru Bluechip Fund - Direct - Growth,0.00183117689040313,2.60469807721056
2025-04-28,120504,ICICI Pru Bluechip Fund - Direct - Growth,-0.012764358200152537,2.127188557601685
2025-04-29,120504,ICICI Pru Bluechip Fund - Direct - Growth,0.004523542632745681,2.410179039851266
2025-04-30,120504,ICICI Pru Bluechip Fund - Direct - Growth,-0.003870481879034049,2.5289209435692057
2025-05-01,120504,ICICI Pru Bluechip Fund - Direct - Growth,0.024538807347933345,2.994114532424898
2025-05-02,120504,ICICI Pru Bluechip Fund - Direct - Growth,-0.004495527828647372,2.8889260213623693
2025-05-05,120504,ICICI Pru Bluechip Fund - Direct - Growth,-0.003316485797567159,2.9338064967003956
2025-05-06,120504,ICICI Pru Bluechip Fund - Direct - Growth,-0.007172923391199237,2.5873592040263738
2025-05-07,120504,ICICI Pru Bluechip Fund - Direct - Growth,0.011855045346553128,2.7347586125339793
2025-05-08,120504,ICICI Pru Bluechip Fund - Direct - Growth,-0.002767394312385152,2.5936255467874947
2025-05-09,120504,ICICI Pru Bluechip Fund - Direct - Growth,-0.005859994169477023,2.7077677409834577
2025-05-12,120504,ICICI Pru Bluechip Fund - Direct - Growth,0.006773468578364694,2.636332639960995
2025-05-13,120504,ICICI Pru Bluechip Fund - Direct - Growth,-0.01159038294262349,3.002630776751737
2025-05-14,120504,ICICI Pru Bluechip Fund - Direct - Growth,0.00604672321547195,2.968080499817192
2025-05-15,120504,ICICI Pru Bluechip Fund - Direct - Growth,0.016359278274196587,3.087341297440912
2025-05-16,120504,ICICI Pru Bluechip Fund - Direct - Growth,0.005527794095181893,3.274999058534252
2025-05-19,120504,ICICI Pru Bluechip Fund - Direct - Growth,0.006160696525984388,3.1772472234238753
2025-05-20,120504,ICICI Pru Bluechip Fund - Direct - Growth,0.00822285853492244,3.341358509353132
2025-05-21,120504,ICICI Pru Bluechip Fund - Direct - Growth,0.015716405305550962,3.595150258517077
2025-05-22,120504,ICICI Pru Bluechip Fund - Direct - Growth,0.011248277607491364,3.731400673816093
2025-05-23,120504,ICICI Pru Bluechip Fund - Direct - Growth,0.004403419019253008,3.42134065912915
2025-05-26,120504,ICICI Pru Bluechip Fund - Direct - Growth,0.008523543567272363,3.355464399340296
2025-05-27,120504,ICICI Pru Bluechip Fund - Direct - Growth,-0.007271070709678695,3.0333554151421303
2025-05-28,120504,ICICI Pru Bluechip Fund - Direct - Growth,0.007389348486218639,3.374486191643071
2025-05-29,120504,ICICI Pru Bluechip Fund - Direct - Growth,-0.008317419619050304,3.125097806525099
2025-05-30,120504,ICICI Pru Bluechip Fund - Direct - Growth,-0.0027171737801705564,3.2242528899178575
2025-06-02,120504,ICICI Pru Bluechip Fund - Direct - Growth,-0.026317072640131722,2.3331623307346603
2025-06-03,120504,ICICI Pru Bluechip Fund - Direct - Growth,0.004064041591131939,2.3794387892463216
2025-06-04,120504,ICICI Pru Bluechip Fund - Direct - Growth,-0.005148690498479103,2.4800640962426925
2025-06-05,120504,ICICI Pru Bluechip Fund - Direct - Growth,0.010368413015007683,2.6530403336538817
2025-06-06,120504,ICICI Pru Bluechip Fund - Direct - Growth,0.0039649551098988045,2.8926467650817598
2025-06-09,120504,ICICI Pru Bluechip Fund - Direct - Growth,0.010483807809022583,3.052933368274272
2025-06-10,120504,ICICI Pru Bluechip Fund - Direct - Growth,-0.008999525192274538,3.003772968932916
2025-06-11,120504,ICICI Pru Bluechip Fund - Direct - Growth,0.009720584449950165,3.1724519642186824
2025-06-12,120504,ICICI Pru Bluechip Fund - Direct - Growth,0.019270552511240435,3.350763578149605
2025-06-13,120504,ICICI Pru Bluechip Fund - Direct - Growth,0.007281838121861117,3.489193212354903
2025-06-16,120504,ICICI Pru Bluechip Fund - Direct - Growth,0.007514115976230862,3.6962594390865764
2025-06-17,120504,ICICI Pru Bluechip Fund - Direct - Growth,0.002013731174885125,3.6903317583687816
2025-06-18,120504,ICICI Pru Bluechip Fund - Direct - Growth,-0.004102802965336272,3.4709642516852015
2025-06-19,120504,ICICI Pru Bluechip Fund - Direct - Growth,0.00725519807732522,3.8267984820578107
2025-06-20,120504,ICICI Pru Bluechip Fund - Direct - Growth,-0.012685244787108751,3.4610199675846567
2025-06-23,120504,ICICI Pru Bluechip Fund - Direct - Growth,-0.0031638916379932436,3.1751878685009305
2025-06-24,120504,ICICI Pru Bluechip Fund - Direct - Growth,-0.01499002037078967,2.7150435651142737
2025-06-25,120504,ICICI Pru Bluechip Fund - Direct - Growth,-0.005673043493830909,2.575004625868136
2025-06-26,120504,ICICI Pru Bluechip Fund - Direct - Growth,0.0061968681768047595,2.575359854480779
2025-06-27,120504,ICICI Pru Bluechip Fund - Direct - Growth,0.004985723649525875,2.5839624515888824
2025-06-30,120504,ICICI Pru Bluechip Fund - Direct - Growth,0.0009653376270204461,2.4683439544839763
2025-07-01,120504,ICICI Pru Bluechip Fund - Direct - Growth,0.0020207321484697616,2.914055783689247
2025-07-02,120504,ICICI Pru Bluechip Fund - Direct - Growth,-0.0159867785420591,2.837191544905778
2025-07-03,120504,ICICI Pru Bluechip Fund - Direct - Growth,-0.0027658909040607638,2.6032139821164386
2025-07-04,120504,ICICI Pru Bluechip Fund - Direct - Growth,-0.005478520535593723,2.777222149374903
2025-07-07,120504,ICICI Pru Bluechip Fund - Direct - Growth,-0.0052820451399574475,2.5814501460686405
2025-07-08,120504,ICICI Pru Bluechip Fund - Direct - Growth,0.0058206791859278795,2.749919965810152
2025-07-09,120504,ICICI Pru Bluechip Fund - Direct - Growth,-0.0070484961995855855,2.77818600225685
2025-07-10,120504,ICICI Pru Bluechip Fund - Direct - Growth,-0.004805604962179966,2.602223811930591
2025-07-11,120504,ICICI Pru Bluechip Fund - Direct - Growth,-0.017731195203391947,2.1444578653509123
2025-07-14,120504,ICICI Pru Bluechip Fund - Direct - Growth,-0.0020755130826013435,1.7657210498206486
2025-07-15,120504,ICICI Pru Bluechip Fund - Direct - Growth,-0.009037364975322038,1.676734587704963
2025-07-16,120504,ICICI Pru Bluechip Fund - Direct - Growth,0.0012155502022235254,1.4520842403693186
2025-07-17,120504,ICICI Pru Bluechip Fund - Direct - Growth,-0.00784102877829429,1.2151746129614143
2025-07-18,120504,ICICI Pru Bluechip Fund - Direct - Growth,0.0014390032657667362,1.3537885064616828
2025-07-21,120504,ICICI Pru Bluechip Fund - Direct - Growth,-0.0007601238097277863,1.1898167413468248
2025-07-22,120504,ICICI Pru Bluechip Fund - Direct - Growth,0.015379203613255177,1.3694698754133738
2025-07-23,120504,ICICI Pru Bluechip Fund - Direct - Growth,0.00491268296459535,1.448872276677164
2025-07-24,120504,ICICI Pru Bluechip Fund - Direct - Growth,-0.015585834540195131,1.0626686214373666
2025-07-25,120504,ICICI Pru Bluechip Fund - Direct - Growth,-0.010582734182618792,0.9424480665576449
2025-07-28,120504,ICICI Pru Bluechip Fund - Direct - Growth,0.0010035171037345858,1.0965817929550552
2025-07-29,120504,ICICI Pru Bluechip Fund - Direct - Growth,-0.007655321370247381,0.8056294647131592
2025-07-30,120504,ICICI Pru Bluechip Fund - Direct - Growth,-0.02533655389085021,0.3275851666298668
2025-07-31,120504,ICICI Pru Bluechip Fund - Direct - Growth,0.012495842833953441,0.5584484404591582
2025-08-01,120504,ICICI Pru Bluechip Fund - Direct - Growth,0.0068913241041481665,0.6290351212624369
2025-08-04,120504,ICICI Pru Bluechip Fund - Direct - Growth,0.005123202952985295,0.6700086289914453
2025-08-05,120504,ICICI Pru Bluechip Fund - Direct - Growth,-0.004828906433092306,0.8084132701670192
2025-08-06,120504,ICICI Pru Bluechip Fund - Direct - Growth,0.004297183847444375,0.6719354016653079
2025-08-07,120504,ICICI Pru Bluechip Fund - Direct - Growth,-0.005680082965149991,0.5351905038004086
2025-08-08,120504,ICICI Pru Bluechip Fund - Direct - Growth,0.0023258565554307165,0.6020875840163491
2025-08-11,120504,ICICI Pru Bluechip Fund - Direct - Growth,-0.007574238533534339,0.3794884982336906
2025-08-12,120504,ICICI Pru Bluechip Fund - Direct - Growth,0.01398502268105739,0.5841410100884387
2025-08-13,120504,ICICI Pru Bluechip Fund - Direct - Growth,-0.013244181767637087,0.20526402170555405
2025-08-14,120504,ICICI Pru Bluechip Fund - Direct - Growth,0.011449039114496795,0.31579587940689585
2025-08-15,120504,ICICI Pru Bluechip Fund - Direct - Growth,0.0008589606013207352,0.20753603368852738
2025-08-18,120504,ICICI Pru Bluechip Fund - Direct - Growth,-0.0037932349151347244,-0.08906481238858288
2025-08-19,120504,ICICI Pru Bluechip Fund - Direct - Growth,0.0019910379072303197,-0.2061628865210482
2025-08-20,120504,ICICI Pru Bluechip Fund - Direct - Growth,0.007007161873819445,-0.06068487553515087
2025-08-21,120504,ICICI Pru Bluechip Fund - Direct - Growth,0.012649314402038314,0.3408457937706141
2025-08-22,120504,ICICI Pru Bluechip Fund - Direct - Growth,0.0032824451608823857,0.12246044715066336
2025-08-25,120504,ICICI Pru Bluechip Fund - Direct - Growth,-0.007312113188109648,0.016388442890795874
2025-08-26,120504,ICICI Pru Bluechip Fund - Direct - Growth,0.0010068312189084327,0.10231431119865092
2025-08-27,120504,ICICI Pru Bluechip Fund - Direct - Growth,0.016676455365514986,0.6790603223830954
2025-08-28,120504,ICICI Pru Bluechip Fund - Direct - Growth,0.012478375675041287,0.8372115716721851
2025-08-29,120504,ICICI Pru Bluechip Fund - Direct - Growth,0.008566995584062598,0.9565138651691766
2025-09-01,120504,ICICI Pru Bluechip Fund - Direct - Growth,0.0075612808064551285,1.3367172658550903
2025-09-02,120504,ICICI Pru Bluechip Fund - Direct - Growth,0.006706649440986201,1.3749780659131425
2025-09-03,120504,ICICI Pru Bluechip Fund - Direct - Growth,0.010793430007541849,1.635976611747749
2025-09-04,120504,ICICI Pru Bluechip Fund - Direct - Growth,-0.0035050330397951024,1.1635226429623737
2025-09-05,120504,ICICI Pru Bluechip Fund - Direct - Growth,-0.011370336245412838,1.0262514623558634
2025-09-08,120504,ICICI Pru Bluechip Fund - Direct - Growth,0.0011254698591007806,1.1104007101517022
2025-09-09,120504,ICICI Pru Bluechip Fund - Direct - Growth,-0.00667199197881152,1.1203167558873242
2025-09-10,120504,ICICI Pru Bluechip Fund - Direct - Growth,-0.008750014251456384,0.7363413833772151
2025-09-11,120504,ICICI Pru Bluechip Fund - Direct - Growth,-0.005819913920482533,0.6777812803114436
2025-09-12,120504,ICICI Pru Bluechip Fund - Direct - Growth,0.022687850014615707,1.1797715695828719
2025-09-15,120504,ICICI Pru Bluechip Fund - Direct - Growth,0.0017179888820930689,1.0899539392060267
2025-09-16,120504,ICICI Pru Bluechip Fund - Direct - Growth,0.00371467053944019,1.3815987384190993
2025-09-17,120504,ICICI Pru Bluechip Fund - Direct - Growth,-0.010211666682918286,1.0758850606539339
2025-09-18,120504,ICICI Pru Bluechip Fund - Direct - Growth,-0.015621791087531145,0.48951666948049194
2025-09-19,120504,ICICI Pru Bluechip Fund - Direct - Growth,-0.006684614454872562,0.2654553127755727
2025-09-22,120504,ICICI Pru Bluechip Fund - Direct - Growth,0.013287141451014284,0.392653921684913
2025-09-23,120504,ICICI Pru Bluechip Fund - Direct - Growth,0.003469444261725796,0.3073561481107734
2025-09-24,120504,ICICI Pru Bluechip Fund - Direct - Growth,0.005811959297229441,0.12863926071196274
2025-09-25,120504,ICICI Pru Bluechip Fund - Direct - Growth,0.007054544076691149,0.05153648789959147
2025-09-26,120504,ICICI Pru Bluechip Fund - Direct - Growth,-0.004688896848784374,-0.11692800762507738
2025-09-29,120504,ICICI Pru Bluechip Fund - Direct - Growth,0.012838590318095644,-0.0367708280330199
2025-09-30,120504,ICICI Pru Bluechip Fund - Direct - Growth,-0.005052126177747196,0.004113517154214046
2025-10-01,120504,ICICI Pru Bluechip Fund - Direct - Growth,0.013001306958088765,0.1069233303561313
2025-10-02,120504,ICICI Pru Bluechip Fund - Direct - Growth,0.004426767985365121,0.3415591184979818
2025-10-03,120504,ICICI Pru Bluechip Fund - Direct - Growth,-0.01514630887527546,0.11153663340230335
2025-10-06,120504,ICICI Pru Bluechip Fund - Direct - Growth,-0.006062303136120661,0.49893803381341134
2025-10-07,120504,ICICI Pru Bluechip Fund - Direct - Growth,-0.015110724094448802,0.13472644890955687
2025-10-08,120504,ICICI Pru Bluechip Fund - Direct - Growth,0.010833102608541534,0.43024078508368413
2025-10-09,120504,ICICI Pru Bluechip Fund - Direct - Growth,0.000298114914976777,0.2451598172051207
2025-10-10,120504,ICICI Pru Bluechip Fund - Direct - Growth,-0.018954155421351593,-0.17858315581546216
2025-10-13,120504,ICICI Pru Bluechip Fund - Direct - Growth,0.003836622785036603,-0.30176048839062714
2025-10-14,120504,ICICI Pru Bluechip Fund - Direct - Growth,-0.004212911402127539,-0.21462933488977087
2025-10-15,120504,ICICI Pru Bluechip Fund - Direct - Growth,-0.012490888685772528,-0.62232726466861
2025-10-16,120504,ICICI Pru Bluechip Fund - Direct - Growth,0.015431889029744683,-0.6987368720476675
2025-10-17,120504,ICICI Pru Bluechip Fund - Direct - Growth,0.0014630454113295777,-0.8094415790190652
2025-10-20,120504,ICICI Pru Bluechip Fund - Direct - Growth,-0.002070003763643413,-0.9916312295131758
2025-10-21,120504,ICICI Pru Bluechip Fund - Direct - Growth,-0.0030017664240878927,-1.0853948094672603
2025-10-22,120504,ICICI Pru Bluechip Fund - Direct - Growth,-0.012748053592314013,-1.2365103471007433
2025-10-23,120504,ICICI Pru Bluechip Fund - Direct - Growth,-0.010928807918537453,-1.5698368722000862
2025-10-24,120504,ICICI Pru Bluechip Fund - Direct - Growth,0.01191765637872133,-1.1136820931312843
2025-10-27,120504,ICICI Pru Bluechip Fund - Direct - Growth,-0.003656478529908136,-1.1225884581101708
2025-10-28,120504,ICICI Pru Bluechip Fund - Direct - Growth,0.0007104545026817011,-0.8435654391502095
2025-10-29,120504,ICICI Pru Bluechip Fund - Direct - Growth,-0.0173608662331739,-1.045304907750291
2025-10-30,120504,ICICI Pru Bluechip Fund - Direct - Growth,-0.011047128727399214,-1.3577255398113806
2025-10-31,120504,ICICI Pru Bluechip Fund - Direct - Growth,0.005911438888252629,-1.3398108263061326
2025-11-03,120504,ICICI Pru Bluechip Fund - Direct - Growth,0.0038542039922435656,-1.2854425593024614
2025-11-04,120504,ICICI Pru Bluechip Fund - Direct - Growth,0.016107458653317197,-1.0109701498756334
2025-11-05,120504,ICICI Pru Bluechip Fund - Direct - Growth,0.01243665752942369,-0.5014528877822141
2025-11-06,120504,ICICI Pru Bluechip Fund - Direct - Growth,-0.001517535491312838,-0.47901025041036
2025-11-07,120504,ICICI Pru Bluechip Fund - Direct - Growth,0.004697905183632667,-0.2950055180943622
2025-11-10,120504,ICICI Pru Bluechip Fund - Direct - Growth,-0.0022741323825152815,-0.24090172703974355
2025-11-11,120504,ICICI Pru Bluechip Fund - Direct - Growth,0.01881230504830822,-0.005475845578649484
2025-11-12,120504,ICICI Pru Bluechip Fund - Direct - Growth,0.010706572914692458,0.30907958385569095
2025-11-13,120504,ICICI Pru Bluechip Fund - Direct - Growth,0.002013942446736472,0.430431711734363
2025-11-14,120504,ICICI Pru Bluechip Fund - Direct - Growth,0.002286499431005895,0.8003887373595777
2025-11-17,120504,ICICI Pru Bluechip Fund - Direct - Growth,0.013346482084201972,1.0693285594260253
2025-11-18,120504,ICICI Pru Bluechip Fund - Direct - Growth,0.005642893986858244,1.3378172079208854
2025-11-19,120504,ICICI Pru Bluechip Fund - Direct - Growth,0.014364013946759124,1.5578872186641828
2025-11-20,120504,ICICI Pru Bluechip Fund - Direct - Growth,-0.01865422326304178,1.3421355280126603
2025-11-21,120504,ICICI Pru Bluechip Fund - Direct - Growth,0.004593816164555342,1.3962797565084748
2025-11-24,120504,ICICI Pru Bluechip Fund - Direct - Growth,-0.0040216292271259,1.337698327617372
2025-11-25,120504,ICICI Pru Bluechip Fund - Direct - Growth,0.01613447836877513,1.3492146059011576
2025-11-26,120504,ICICI Pru Bluechip Fund - Direct - Growth,0.014254613989648446,1.4988456466921425
2025-11-27,120504,ICICI Pru Bluechip Fund - Direct - Growth,0.0008058052388810744,1.8094104675767628
2025-11-28,120504,ICICI Pru Bluechip Fund - Direct - Growth,0.0141582891715053,2.240490225523543
2025-12-01,120504,ICICI Pru Bluechip Fund - Direct - Growth,0.01637345693182568,2.479668790964515
2025-12-02,120504,ICICI Pru Bluechip Fund - Direct - Growth,0.0011730792217647945,2.6448962784108097
2025-12-03,120504,ICICI Pru Bluechip Fund - Direct - Growth,0.022567116190349124,3.5406806805185025
2025-12-04,120504,ICICI Pru Bluechip Fund - Direct - Growth,0.00023962306545111112,3.3432598470600814
2025-12-05,120504,ICICI Pru Bluechip Fund - Direct - Growth,-0.0013749575839836492,3.1981937867527437
2025-12-08,120504,ICICI Pru Bluechip Fund - Direct - Growth,0.008184990016812943,3.2474757219229073
2025-12-09,120504,ICICI Pru Bluechip Fund - Direct - Growth,-0.0026005751194120297,3.291962253770704
2025-12-10,120504,ICICI Pru Bluechip Fund - Direct - Growth,0.0012692104943026195,3.2388392472088565
2025-12-11,120504,ICICI Pru Bluechip Fund - Direct - Growth,0.013030377891083633,3.5605313380365926
2025-12-12,120504,ICICI Pru Bluechip Fund - Direct - Growth,0.0006856146845470867,3.530918582227709
2025-12-15,120504,ICICI Pru Bluechip Fund - Direct - Growth,-0.014329450179509262,3.3769623466175354
2025-12-16,120504,ICICI Pru Bluechip Fund - Direct - Growth,0.0037626211621433203,3.222280852282901
2025-12-17,120504,ICICI Pru Bluechip Fund - Direct - Growth,-0.005609315703863027,3.3915495561447404
2025-12-18,120504,ICICI Pru Bluechip Fund - Direct - Growth,0.008180234517652485,3.3428122927355597
2025-12-19,120504,ICICI Pru Bluechip Fund - Direct - Growth,0.006677975636263822,3.4434204641377137
2025-12-22,120504,ICICI Pru Bluechip Fund - Direct - Growth,0.01358343208050572,3.7350690122577865
2025-12-23,120504,ICICI Pru Bluechip Fund - Direct - Growth,0.008555971712990385,3.843764725202497
2025-12-24,120504,ICICI Pru Bluechip Fund - Direct - Growth,0.010182674971102479,3.8915685219564007
2025-12-25,120504,ICICI Pru Bluechip Fund - Direct - Growth,-0.005370636559589803,3.5810890142549496
2025-12-26,120504,ICICI Pru Bluechip Fund - Direct - Growth,0.007635580076206683,3.652795820507709
2025-12-29,120504,ICICI Pru Bluechip Fund - Direct - Growth,0.018036790051866758,4.069087626501064
2025-12-30,120504,ICICI Pru Bluechip Fund - Direct - Growth,-0.00554225072213177,3.9397372209389006
2025-12-31,120504,ICICI Pru Bluechip Fund - Direct - Growth,0.016523397698829045,3.9379962104856094
2026-01-01,120504,ICICI Pru Bluechip Fund - Direct - Growth,-0.00431992487087185,3.6543009989452044
2026-01-02,120504,ICICI Pru Bluechip Fund - Direct - Growth,-0.006973307762442316,3.371964406371224
2026-01-05,120504,ICICI Pru Bluechip Fund - Direct - Growth,0.0031331129769640587,3.2993781282638626
2026-01-06,120504,ICICI Pru Bluechip Fund - Direct - Growth,0.006852635512508476,3.3016960504292103
2026-01-07,120504,ICICI Pru Bluechip Fund - Direct - Growth,0.008594012528650774,3.2691020395429713
2026-01-08,120504,ICICI Pru Bluechip Fund - Direct - Growth,-0.007934623427061083,3.178673565982058
2026-01-09,120504,ICICI Pru Bluechip Fund - Direct - Growth,0.004357750310618913,3.489667704279683
2026-01-12,120504,ICICI Pru Bluechip Fund - Direct - Growth,-0.005514790743635811,3.36075301627048
2026-01-13,120504,ICICI Pru Bluechip Fund - Direct - Growth,-0.012536054329593371,3.2320265795267145
2026-01-14,120504,ICICI Pru Bluechip Fund - Direct - Growth,-0.007645454210495006,3.2555325263759034
2026-01-15,120504,ICICI Pru Bluechip Fund - Direct - Growth,-0.006087946825529378,3.2500403281648396
2026-01-16,120504,ICICI Pru Bluechip Fund - Direct - Growth,0.005128839303023991,3.01277145327484
2026-01-19,120504,ICICI Pru Bluechip Fund - Direct - Growth,0.010734635604233267,3.160757154159189
2026-01-20,120504,ICICI Pru Bluechip Fund - Direct - Growth,-0.012398973440824412,2.839126675771104
2026-01-21,120504,ICICI Pru Bluechip Fund - Direct - Growth,0.003626381880030838,3.1095791056926227
2026-01-22,120504,ICICI Pru Bluechip Fund - Direct - Growth,-0.009813227580913408,3.2454194755297667
2026-01-23,120504,ICICI Pru Bluechip Fund - Direct - Growth,0.006082459442734001,3.4882226322312695
2026-01-26,120504,ICICI Pru Bluechip Fund - Direct - Growth,-0.004963806779438973,3.1723148708403217
2026-01-27,120504,ICICI Pru Bluechip Fund - Direct - Growth,-0.008717574462346334,2.931479981207635
2026-01-28,120504,ICICI Pru Bluechip Fund - Direct - Growth,0.0075971548586706295,2.9606966303975786
2026-01-29,120504,ICICI Pru Bluechip Fund - Direct - Growth,-0.004649513148102358,2.747274909483608
2026-01-30,120504,ICICI Pru Bluechip Fund - Direct - Growth,-0.002268439099711861,2.7950703732686346
2026-02-02,120504,ICICI Pru Bluechip Fund - Direct - Growth,-0.018882236152202858,2.1849366884203247
2026-02-03,120504,ICICI Pru Bluechip Fund - Direct - Growth,0.008903411117726634,2.4310318203221555
2026-02-04,120504,ICICI Pru Bluechip Fund - Direct - Growth,0.007785811644740459,2.350892480618516
2026-02-05,120504,ICICI Pru Bluechip Fund - Direct - Growth,0.0005640834687024032,2.2830177334517705
2026-02-06,120504,ICICI Pru Bluechip Fund - Direct - Growth,-0.012872753248005964,2.3330693037562704
2026-02-09,120504,ICICI Pru Bluechip Fund - Direct - Growth,0.011244738623045869,2.6378234932092006
2026-02-10,120504,ICICI Pru Bluechip Fund - Direct - Growth,-0.005346022410463114,2.8511657214198327
2026-02-11,120504,ICICI Pru Bluechip Fund - Direct - Growth,-0.00347639321578197,2.6005310224808564
2026-02-12,120504,ICICI Pru Bluechip Fund - Direct - Growth,0.021126760563380254,2.914898181723072
2026-02-13,120504,ICICI Pru Bluechip Fund - Direct - Growth,-0.005673479788026681,3.2217197275743024
2026-02-16,120504,ICICI Pru Bluechip Fund - Direct - Growth,0.007086414947450548,3.2764466273508956
2026-02-17,120504,ICICI Pru Bluechip Fund - Direct - Growth,0.005487904257039267,3.4584723572737786
2026-02-18,120504,ICICI Pru Bluechip Fund - Direct - Growth,0.003964526838718951,3.8068915691059417
2026-02-19,120504,ICICI Pru Bluechip Fund - Direct - Growth,0.0030076003650216787,3.6165627513408465
2026-02-20,120504,ICICI Pru Bluechip Fund - Direct - Growth,0.003842867440796649,3.660403182289935
2026-02-23,120504,ICICI Pru Bluechip Fund - Direct - Growth,0.002918018510783771,3.757590356867874
2026-02-24,120504,ICICI Pru Bluechip Fund - Direct - Growth,5.8140012525242923e-05,3.8201783447410356
2026-02-25,120504,ICICI Pru Bluechip Fund - Direct - Growth,0.013940153392240973,4.345722373702745
2026-02-26,120504,ICICI Pru Bluechip Fund - Direct - Growth,-0.010999421017501065,4.343864426236406
2026-02-27,120504,ICICI Pru Bluechip Fund - Direct - Growth,0.009569661413204589,4.310311774376214
2026-03-02,120504,ICICI Pru Bluechip Fund - Direct - Growth,0.007798631275919288,4.529783746752466
2026-03-03,120504,ICICI Pru Bluechip Fund - Direct - Growth,0.006697139176375044,4.639139678805016
2026-03-04,120504,ICICI Pru Bluechip Fund - Direct - Growth,0.010420928482702374,5.28398324571477
2026-03-05,120504,ICICI Pru Bluechip Fund - Direct - Growth,-0.00030079381558167917,5.56227013315151
2026-03-06,120504,ICICI Pru Bluechip Fund - Direct - Growth,-0.015840280370587267,5.018109683256617
2026-03-09,120504,ICICI Pru Bluechip Fund - Direct - Growth,-0.00012130063992277229,4.9395576099638365
2026-03-10,120504,ICICI Pru Bluechip Fund - Direct - Growth,-0.008191881279307589,4.49346552757722
2026-03-11,120504,ICICI Pru Bluechip Fund - Direct - Growth,-0.005921158969513729,4.149475310189986
2026-03-12,120504,ICICI Pru Bluechip Fund - Direct - Growth,-0.010386709531854055,3.9408855405396177
2026-03-13,120504,ICICI Pru Bluechip Fund - Direct - Growth,-0.003686984412150651,3.774328711803782
2026-03-16,120504,ICICI Pru Bluechip Fund - Direct - Growth,-0.004734665186075571,3.7208868007318885
2026-03-17,120504,ICICI Pru Bluechip Fund - Direct - Growth,-0.0202449222958363,2.941837214116954
2026-03-18,120504,ICICI Pru Bluechip Fund - Direct - Growth,0.0067138416011356394,2.877380874168157
2026-03-19,120504,ICICI Pru Bluechip Fund - Direct - Growth,0.020300373926946502,3.1524938907730435
2026-03-20,120504,ICICI Pru Bluechip Fund - Direct - Growth,0.005879686696422137,3.215409070470565
2026-03-23,120504,ICICI Pru Bluechip Fund - Direct - Growth,-0.0012728371248794668,2.9694267778993257
2026-03-24,120504,ICICI Pru Bluechip Fund - Direct - Growth,3.290560268487397e-05,2.8679483896231277
2026-03-25,120504,ICICI Pru Bluechip Fund - Direct - Growth,-0.003191738434377478,2.565526159488257
2026-03-26,120504,ICICI Pru Bluechip Fund - Direct - Growth,0.0013108730732069862,3.0168205122977936
2026-03-27,120504,ICICI Pru Bluechip Fund - Direct - Growth,0.00018955831644329457,2.933627614957737
2026-03-30,120504,ICICI Pru Bluechip Fund - Direct - Growth,-0.006877951383386538,2.8711698918354163
2026-03-31,120504,ICICI Pru Bluechip Fund - Direct - Growth,0.015476139568636471,2.8621067779481026
2026-04-01,120504,ICICI Pru Bluechip Fund - Direct - Growth,-0.012520057547011576,2.344625976249423
2026-04-02,120504,ICICI Pru Bluechip Fund - Direct - Growth,0.006874046464735217,2.4556499292673934
2026-04-03,120504,ICICI Pru Bluechip Fund - Direct - Growth,-0.0003761235505811422,2.202172936222853
2026-04-06,120504,ICICI Pru Bluechip Fund - Direct - Growth,0.017429609974376037,2.217612091489525
2026-04-07,120504,ICICI Pru Bluechip Fund - Direct - Growth,0.0035278893451029525,2.2620954519349095
2026-04-08,120504,ICICI Pru Bluechip Fund - Direct - Growth,-0.0026545767603757264,1.8327028552256113
2026-04-09,120504,ICICI Pru Bluechip Fund - Direct - Growth,-0.0016674077367719864,1.794114739152349
2026-04-10,120504,ICICI Pru Bluechip Fund - Direct - Growth,0.0008683757578848983,1.8392437257326002
2026-04-13,120504,ICICI Pru Bluechip Fund - Direct - Growth,-0.00951712093573931,1.482920529225149
2026-04-14,120504,ICICI Pru Bluechip Fund - Direct - Growth,-0.006227716696304619,1.4076685245374267
2026-04-15,120504,ICICI Pru Bluechip Fund - Direct - Growth,-0.015110272598637287,1.067154747570212
2026-04-16,120504,ICICI Pru Bluechip Fund - Direct - Growth,-0.00759507791253633,0.6726632649262382
2026-04-17,120504,ICICI Pru Bluechip Fund - Direct - Growth,0.0013449794861557507,0.6854484492083156
2026-04-20,120504,ICICI Pru Bluechip Fund - Direct - Growth,0.003168262410317979,1.0409521593092461
2026-04-21,120504,ICICI Pru Bluechip Fund - Direct - Growth,-0.016797730119899268,0.6227050685117881
2026-04-22,120504,ICICI Pru Bluechip Fund - Direct - Growth,-0.0006939847676556976,0.7195045730081665
2026-04-23,120504,ICICI Pru Bluechip Fund - Direct - Growth,0.005499443313908836,0.6690834666682233
2026-04-24,120504,ICICI Pru Bluechip Fund - Direct - Growth,-0.000920457260253138,0.5227462269607462
2026-04-27,120504,ICICI Pru Bluechip Fund - Direct - Growth,-0.005060663457084114,0.1610267793620342
2026-04-28,120504,ICICI Pru Bluechip Fund - Direct - Growth,-0.0031139244485309803,-0.06914794036201541
2026-04-29,120504,ICICI Pru Bluechip Fund - Direct - Growth,-0.004244355585160675,-0.3568417138199195
2026-04-30,120504,ICICI Pru Bluechip Fund - Direct - Growth,-0.005086436433398567,-0.3512549693975528
2026-05-01,120504,ICICI Pru Bluechip Fund - Direct - Growth,0.0020509440443050586,-0.4643596341711542
2026-05-04,120504,ICICI Pru Bluechip Fund - Direct - Growth,0.02108684676004624,-0.399897294374407
2026-05-05,120504,ICICI Pru Bluechip Fund - Direct - Growth,-0.0060244516524144975,-0.40930082754917324
2026-05-06,120504,ICICI Pru Bluechip Fund - Direct - Growth,-0.0022872060552280304,-0.7980879965047409
2026-05-07,120504,ICICI Pru Bluechip Fund - Direct - Growth,5.946775703957741e-05,-0.7103142199806364
2026-05-08,120504,ICICI Pru Bluechip Fund - Direct - Growth,-0.005530172537723699,-0.681953501789617
2026-05-11,120504,ICICI Pru Bluechip Fund - Direct - Growth,0.010253182107001324,-0.5336781005079629
2026-05-12,120504,ICICI Pru Bluechip Fund - Direct - Growth,-0.02018637075252705,-1.0521745377775338
2026-05-13,120504,ICICI Pru Bluechip Fund - Direct - Growth,-0.004159483602699576,-1.3094345926013682
2026-05-14,120504,ICICI Pru Bluechip Fund - Direct - Growth,0.007763115004889576,-0.9982291020309066
2026-05-15,120504,ICICI Pru Bluechip Fund - Direct - Growth,-0.0020756480447039483,-1.1268751275610474
2026-05-18,120504,ICICI Pru Bluechip Fund - Direct - Growth,-0.006700563870776999,-1.149247389572922
2026-05-19,120504,ICICI Pru Bluechip Fund - Direct - Growth,0.004412206303342492,-0.8216901201438466
2026-05-20,120504,ICICI Pru Bluechip Fund - Direct - Growth,0.008545810406980658,-0.49851817600157516
2026-05-21,120504,ICICI Pru Bluechip Fund - Direct - Growth,0.002376082395449508,-0.3310406575631907
2026-05-22,120504,ICICI Pru Bluechip Fund - Direct - Growth,-0.006529088122645743,-0.5626421175681482
2026-05-25,120504,ICICI Pru Bluechip Fund - Direct - Growth,0.004549793380639322,-0.6905370732500871
2026-05-26,120504,ICICI Pru Bluechip Fund - Direct - Growth,-0.0030251647081677158,-0.5079003090547455
2026-05-27,120504,ICICI Pru Bluechip Fund - Direct - Growth,0.007112941140725804,-0.43609127986023727
2026-05-28,120504,ICICI Pru Bluechip Fund - Direct - Growth,0.01368993356375059,0.03781974228845668
2026-05-29,120504,ICICI Pru Bluechip Fund - Direct - Growth,-0.0222127475667101,-0.5126327587002838
2022-01-03,120505,ICICI Pru Midcap Fund - Regular - Growth,,
2022-01-04,120505,ICICI Pru Midcap Fund - Regular - Growth,-0.01989961139896379,
2022-01-05,120505,ICICI Pru Midcap Fund - Regular - Growth,0.030351840754774706,
2022-01-06,120505,ICICI Pru Midcap Fund - Regular - Growth,-0.00491654768854477,
2022-01-07,120505,ICICI Pru Midcap Fund - Regular - Growth,0.00965463194553795,
2022-01-10,120505,ICICI Pru Midcap Fund - Regular - Growth,0.00025171613094165934,
2022-01-11,120505,ICICI Pru Midcap Fund - Regular - Growth,-0.008897775302345923,
2022-01-12,120505,ICICI Pru Midcap Fund - Regular - Growth,-0.010307950666427534,
2022-01-13,120505,ICICI Pru Midcap Fund - Regular - Growth,0.019848017933824513,
2022-01-14,120505,ICICI Pru Midcap Fund - Regular - Growth,0.012189596287588644,
2022-01-17,120505,ICICI Pru Midcap Fund - Regular - Growth,0.02422598119019881,
2022-01-18,120505,ICICI Pru Midcap Fund - Regular - Growth,0.0013391505380027091,
2022-01-19,120505,ICICI Pru Midcap Fund - Regular - Growth,0.0041294033350884884,
2022-01-20,120505,ICICI Pru Midcap Fund - Regular - Growth,-0.0025204490906143295,
2022-01-21,120505,ICICI Pru Midcap Fund - Regular - Growth,-0.0027576060771919986,
2022-01-24,120505,ICICI Pru Midcap Fund - Regular - Growth,-0.011725840057052683,
2022-01-25,120505,ICICI Pru Midcap Fund - Regular - Growth,0.0016809469334393423,
2022-01-26,120505,ICICI Pru Midcap Fund - Regular - Growth,-0.008733177245005774,
2022-01-27,120505,ICICI Pru Midcap Fund - Regular - Growth,0.005981474884218185,
2022-01-28,120505,ICICI Pru Midcap Fund - Regular - Growth,0.002713374578137806,
2022-01-31,120505,ICICI Pru Midcap Fund - Regular - Growth,0.0041265047050065284,
2022-02-01,120505,ICICI Pru Midcap Fund - Regular - Growth,0.020940257518458516,
2022-02-02,120505,ICICI Pru Midcap Fund - Regular - Growth,0.0002232425847632502,
2022-02-03,120505,ICICI Pru Midcap Fund - Regular - Growth,0.009779149387597608,
2022-02-04,120505,ICICI Pru Midcap Fund - Regular - Growth,0.025549576493189008,
2022-02-07,120505,ICICI Pru Midcap Fund - Regular - Growth,0.016447062079094854,
2022-02-08,120505,ICICI Pru Midcap Fund - Regular - Growth,0.014582145804442614,
2022-02-09,120505,ICICI Pru Midcap Fund - Regular - Growth,-0.0029916500840151405,
2022-02-10,120505,ICICI Pru Midcap Fund - Regular - Growth,0.0034289182021858267,
2022-02-11,120505,ICICI Pru Midcap Fund - Regular - Growth,-0.01498990636224784,
2022-02-14,120505,ICICI Pru Midcap Fund - Regular - Growth,0.006668071803357822,
2022-02-15,120505,ICICI Pru Midcap Fund - Regular - Growth,0.003967709528809982,
2022-02-16,120505,ICICI Pru Midcap Fund - Regular - Growth,0.000954652701362857,
2022-02-17,120505,ICICI Pru Midcap Fund - Regular - Growth,0.013053456797871954,
2022-02-18,120505,ICICI Pru Midcap Fund - Regular - Growth,-0.013686835945109554,
2022-02-21,120505,ICICI Pru Midcap Fund - Regular - Growth,0.0204482993532078,
2022-02-22,120505,ICICI Pru Midcap Fund - Regular - Growth,0.011533728938649457,
2022-02-23,120505,ICICI Pru Midcap Fund - Regular - Growth,-0.000170641184249809,
2022-02-24,120505,ICICI Pru Midcap Fund - Regular - Growth,-0.0011049647490518621,
2022-02-25,120505,ICICI Pru Midcap Fund - Regular - Growth,0.0064480465842313706,
2022-02-28,120505,ICICI Pru Midcap Fund - Regular - Growth,0.01905668385115633,
2022-03-01,120505,ICICI Pru Midcap Fund - Regular - Growth,0.0018925091547834505,
2022-03-02,120505,ICICI Pru Midcap Fund - Regular - Growth,0.002401208428926216,
2022-03-03,120505,ICICI Pru Midcap Fund - Regular - Growth,0.0008921977520031099,
2022-03-04,120505,ICICI Pru Midcap Fund - Regular - Growth,0.022247284665075195,
2022-03-07,120505,ICICI Pru Midcap Fund - Regular - Growth,-0.0037335784239219683,
2022-03-08,120505,ICICI Pru Midcap Fund - Regular - Growth,0.0003212715893610163,
2022-03-09,120505,ICICI Pru Midcap Fund - Regular - Growth,0.018356837836867923,
2022-03-10,120505,ICICI Pru Midcap Fund - Regular - Growth,0.0024372868475190934,
2022-03-11,120505,ICICI Pru Midcap Fund - Regular - Growth,0.014386040355904406,
2022-03-14,120505,ICICI Pru Midcap Fund - Regular - Growth,-0.01018009515899676,
2022-03-15,120505,ICICI Pru Midcap Fund - Regular - Growth,-0.0017808462170437744,
2022-03-16,120505,ICICI Pru Midcap Fund - Regular - Growth,0.018612413341594802,
2022-03-17,120505,ICICI Pru Midcap Fund - Regular - Growth,-0.007393056621184391,
2022-03-18,120505,ICICI Pru Midcap Fund - Regular - Growth,-0.0011354583285636544,
2022-03-21,120505,ICICI Pru Midcap Fund - Regular - Growth,0.003754050102619866,
2022-03-22,120505,ICICI Pru Midcap Fund - Regular - Growth,-0.011102397619679127,
2022-03-23,120505,ICICI Pru Midcap Fund - Regular - Growth,-0.004268889295764522,
2022-03-24,120505,ICICI Pru Midcap Fund - Regular - Growth,0.002024425451425671,
2022-03-25,120505,ICICI Pru Midcap Fund - Regular - Growth,0.0012342922864914119,
2022-03-28,120505,ICICI Pru Midcap Fund - Regular - Growth,0.016127582426947118,
2022-03-29,120505,ICICI Pru Midcap Fund - Regular - Growth,0.019307875949826858,
2022-03-30,120505,ICICI Pru Midcap Fund - Regular - Growth,-0.0095257363383483,
2022-03-31,120505,ICICI Pru Midcap Fund - Regular - Growth,0.002008474282141126,
2022-04-01,120505,ICICI Pru Midcap Fund - Regular - Growth,0.008782663849460803,
2022-04-04,120505,ICICI Pru Midcap Fund - Regular - Growth,0.019001998255044894,
2022-04-05,120505,ICICI Pru Midcap Fund - Regular - Growth,0.009317199062258918,
2022-04-06,120505,ICICI Pru Midcap Fund - Regular - Growth,0.004164899366508434,
2022-04-07,120505,ICICI Pru Midcap Fund - Regular - Growth,0.008689846494275955,
2022-04-08,120505,ICICI Pru Midcap Fund - Regular - Growth,0.008777622223458792,
2022-04-11,120505,ICICI Pru Midcap Fund - Regular - Growth,-0.010375077531877719,
2022-04-12,120505,ICICI Pru Midcap Fund - Regular - Growth,0.002986570715369563,
2022-04-13,120505,ICICI Pru Midcap Fund - Regular - Growth,0.018304785113985922,
2022-04-14,120505,ICICI Pru Midcap Fund - Regular - Growth,-0.0018054702516052679,
2022-04-15,120505,ICICI Pru Midcap Fund - Regular - Growth,0.0022260139432459525,
2022-04-18,120505,ICICI Pru Midcap Fund - Regular - Growth,-0.0022253074828282315,
2022-04-19,120505,ICICI Pru Midcap Fund - Regular - Growth,-0.026658129949225673,
2022-04-20,120505,ICICI Pru Midcap Fund - Regular - Growth,0.000921777623602793,
2022-04-21,120505,ICICI Pru Midcap Fund - Regular - Growth,0.004295669346260356,
2022-04-22,120505,ICICI Pru Midcap Fund - Regular - Growth,-0.005444422559681694,
2022-04-25,120505,ICICI Pru Midcap Fund - Regular - Growth,-0.013059254656284103,
2022-04-26,120505,ICICI Pru Midcap Fund - Regular - Growth,-0.009816386366953145,
2022-04-27,120505,ICICI Pru Midcap Fund - Regular - Growth,0.009869041757245345,
2022-04-28,120505,ICICI Pru Midcap Fund - Regular - Growth,0.024580748019830567,
2022-04-29,120505,ICICI Pru Midcap Fund - Regular - Growth,0.01737022910854158,
2022-05-02,120505,ICICI Pru Midcap Fund - Regular - Growth,-0.0152975585955627,
2022-05-03,120505,ICICI Pru Midcap Fund - Regular - Growth,0.01096324222431666,
2022-05-04,120505,ICICI Pru Midcap Fund - Regular - Growth,-0.007236671770267544,
2022-05-05,120505,ICICI Pru Midcap Fund - Regular - Growth,-0.006274677733882461,
2022-05-06,120505,ICICI Pru Midcap Fund - Regular - Growth,-0.004842779759902105,
2022-05-09,120505,ICICI Pru Midcap Fund - Regular - Growth,0.00916726763440101,4.984502142307215
2022-05-10,120505,ICICI Pru Midcap Fund - Regular - Growth,0.012230105578422856,5.605425326324264
2022-05-11,120505,ICICI Pru Midcap Fund - Regular - Growth,-0.0004988047808764939,5.283950789251767
2022-05-12,120505,ICICI Pru Midcap Fund - Regular - Growth,-0.0002954993221053748,5.374977854361629
2022-05-13,120505,ICICI Pru Midcap Fund - Regular - Growth,0.006250382109563635,5.326602103439849
2022-05-16,120505,ICICI Pru Midcap Fund - Regular - Growth,0.0075012072304918576,5.44531253878575
2022-05-17,120505,ICICI Pru Midcap Fund - Regular - Growth,0.014861874396945973,5.848667497241024
2022-05-18,120505,ICICI Pru Midcap Fund - Regular - Growth,-0.014590495225290545,5.738276333751982
2022-05-19,120505,ICICI Pru Midcap Fund - Regular - Growth,0.0009150191079061454,5.494661161152542
2022-05-20,120505,ICICI Pru Midcap Fund - Regular - Growth,-0.012035777283112226,5.049724790438167
2022-05-23,120505,ICICI Pru Midcap Fund - Regular - Growth,6.522309746093136e-05,4.752480062773791
2022-05-24,120505,ICICI Pru Midcap Fund - Regular - Growth,-0.0020307981407857723,4.690089609226951
2022-05-25,120505,ICICI Pru Midcap Fund - Regular - Growth,0.00011529502775586842,4.620726041849435
2022-05-26,120505,ICICI Pru Midcap Fund - Regular - Growth,-0.008858099870108771,4.488858356537693
2022-05-27,120505,ICICI Pru Midcap Fund - Regular - Growth,-0.016980485841287196,4.174953291548926
2022-05-30,120505,ICICI Pru Midcap Fund - Regular - Growth,-0.024098264386248403,3.876208918539125
2022-05-31,120505,ICICI Pru Midcap Fund - Regular - Growth,-0.0008950745755799128,3.8328120307883116
2022-06-01,120505,ICICI Pru Midcap Fund - Regular - Growth,-0.004474349245299547,3.9154568669786074
2022-06-02,120505,ICICI Pru Midcap Fund - Regular - Growth,-0.007387967140623064,3.6850794884297726
2022-06-03,120505,ICICI Pru Midcap Fund - Regular - Growth,0.01664082307135084,3.873133173603491
2022-06-06,120505,ICICI Pru Midcap Fund - Regular - Growth,-0.009565558644990535,3.631607751841745
2022-06-07,120505,ICICI Pru Midcap Fund - Regular - Growth,0.017788846043385487,3.599088591655823
2022-06-08,120505,ICICI Pru Midcap Fund - Regular - Growth,0.02031352158470434,3.8640776968936335
2022-06-09,120505,ICICI Pru Midcap Fund - Regular - Growth,-0.022420330595151472,3.278993494675678
2022-06-10,120505,ICICI Pru Midcap Fund - Regular - Growth,0.0017821236225772363,2.9853195881280756
2022-06-13,120505,ICICI Pru Midcap Fund - Regular - Growth,-0.004101153307753402,2.6848478233225137
2022-06-14,120505,ICICI Pru Midcap Fund - Regular - Growth,-0.033599138768194314,1.840780391319465
2022-06-15,120505,ICICI Pru Midcap Fund - Regular - Growth,-0.016478689330367335,1.618640503728389
2022-06-16,120505,ICICI Pru Midcap Fund - Regular - Growth,0.009999276049378114,1.7112987682744827
2022-06-17,120505,ICICI Pru Midcap Fund - Regular - Growth,0.025153313590962956,2.279823874577622
2022-06-20,120505,ICICI Pru Midcap Fund - Regular - Growth,0.011545195422520305,2.3447224881380753
2022-06-21,120505,ICICI Pru Midcap Fund - Regular - Growth,0.004558123460093544,2.353076734385825
2022-06-22,120505,ICICI Pru Midcap Fund - Regular - Growth,0.00041950661361034314,2.345159213963267
2022-06-23,120505,ICICI Pru Midcap Fund - Regular - Growth,0.021032540838983094,2.438946388054902
2022-06-24,120505,ICICI Pru Midcap Fund - Regular - Growth,0.02673740433465599,2.983477336576512
2022-06-27,120505,ICICI Pru Midcap Fund - Regular - Growth,-0.006329067041973335,2.626765293425063
2022-06-28,120505,ICICI Pru Midcap Fund - Regular - Growth,-0.022994619945816086,2.088734484751486
2022-06-29,120505,ICICI Pru Midcap Fund - Regular - Growth,-0.024141856912477944,1.709955758361666
2022-06-30,120505,ICICI Pru Midcap Fund - Regular - Growth,0.016632729539151292,1.9400947296561186
2022-07-01,120505,ICICI Pru Midcap Fund - Regular - Growth,0.00011151713848134293,1.8546288083788245
2022-07-04,120505,ICICI Pru Midcap Fund - Regular - Growth,0.0028716580859311502,1.650039122007568
2022-07-05,120505,ICICI Pru Midcap Fund - Regular - Growth,-0.020543559762709496,1.3175683279743209
2022-07-06,120505,ICICI Pru Midcap Fund - Regular - Growth,-0.008305228905462259,1.168181187543538
2022-07-07,120505,ICICI Pru Midcap Fund - Regular - Growth,-0.0028577566835586987,1.1166332488352502
2022-07-08,120505,ICICI Pru Midcap Fund - Regular - Growth,0.003166792113104222,0.8704987660209774
2022-07-11,120505,ICICI Pru Midcap Fund - Regular - Growth,-0.004087486069232038,0.8655148932563095
2022-07-12,120505,ICICI Pru Midcap Fund - Regular - Growth,-0.011672609950755586,0.6963092186482056
2022-07-13,120505,ICICI Pru Midcap Fund - Regular - Growth,-0.00867773375530756,0.32767533574642194
2022-07-14,120505,ICICI Pru Midcap Fund - Regular - Growth,0.01525195184542838,0.5013630807703293
2022-07-15,120505,ICICI Pru Midcap Fund - Regular - Growth,0.0036111683318860166,0.35553347466785473
2022-07-18,120505,ICICI Pru Midcap Fund - Regular - Growth,0.008033239740722786,0.608599794184761
2022-07-19,120505,ICICI Pru Midcap Fund - Regular - Growth,-0.010032961346352787,0.4924507479847777
2022-07-20,120505,ICICI Pru Midcap Fund - Regular - Growth,-0.03408516917300719,-0.22880404348657543
2022-07-21,120505,ICICI Pru Midcap Fund - Regular - Growth,-0.005570545637003765,-0.20447781250003244
2022-07-22,120505,ICICI Pru Midcap Fund - Regular - Growth,-0.009650745352233092,-0.31802435768174026
2022-07-25,120505,ICICI Pru Midcap Fund - Regular - Growth,0.0048637342106332415,-0.30305141086854004
2022-07-26,120505,ICICI Pru Midcap Fund - Regular - Growth,0.040812044430152294,0.3743144190715008
2022-07-27,120505,ICICI Pru Midcap Fund - Regular - Growth,0.009035243216571898,0.5434523294082275
2022-07-28,120505,ICICI Pru Midcap Fund - Regular - Growth,0.03398584941701421,0.9216099594788595
2022-07-29,120505,ICICI Pru Midcap Fund - Regular - Growth,0.007510532864123398,0.9979740750522128
2022-08-01,120505,ICICI Pru Midcap Fund - Regular - Growth,-0.006841165649438041,0.71794188867908
2022-08-02,120505,ICICI Pru Midcap Fund - Regular - Growth,0.004850576850489174,0.5436369478810146
2022-08-03,120505,ICICI Pru Midcap Fund - Regular - Growth,0.022230424460380815,0.9318138869890266
2022-08-04,120505,ICICI Pru Midcap Fund - Regular - Growth,0.02282913642628448,1.174452270549999
2022-08-05,120505,ICICI Pru Midcap Fund - Regular - Growth,-0.006192338952587195,0.9914796832921514
2022-08-08,120505,ICICI Pru Midcap Fund - Regular - Growth,0.003711414958615933,0.8114544846234641
2022-08-09,120505,ICICI Pru Midcap Fund - Regular - Growth,-0.016297715302825422,0.49237732845088283
2022-08-10,120505,ICICI Pru Midcap Fund - Regular - Growth,0.010600843589004816,0.5700090657180944
2022-08-11,120505,ICICI Pru Midcap Fund - Regular - Growth,0.019453465263356895,0.6963683429158009
2022-08-12,120505,ICICI Pru Midcap Fund - Regular - Growth,0.0011516304893657292,0.6047786516864659
2022-08-15,120505,ICICI Pru Midcap Fund - Regular - Growth,-0.0072866416885007945,0.6433742909315036
2022-08-16,120505,ICICI Pru Midcap Fund - Regular - Growth,0.004997235274272649,0.667643497143679
2022-08-17,120505,ICICI Pru Midcap Fund - Regular - Growth,0.005687589916000935,0.5179045022002494
2022-08-18,120505,ICICI Pru Midcap Fund - Regular - Growth,0.0016468923367207733,0.5603697728808793
2022-08-19,120505,ICICI Pru Midcap Fund - Regular - Growth,0.0028174320417373444,0.5675981580289667
2022-08-22,120505,ICICI Pru Midcap Fund - Regular - Growth,-0.0014047582100765732,0.5777376901325648
2022-08-23,120505,ICICI Pru Midcap Fund - Regular - Growth,0.012674921689062701,1.078975196302255
2022-08-24,120505,ICICI Pru Midcap Fund - Regular - Growth,0.009531573368330548,1.184120880330256
2022-08-25,120505,ICICI Pru Midcap Fund - Regular - Growth,-0.011030593760046892,0.9893444572547521
2022-08-26,120505,ICICI Pru Midcap Fund - Regular - Growth,-0.011356362889942129,0.9131275939611867
2022-08-29,120505,ICICI Pru Midcap Fund - Regular - Growth,-0.002367217943604061,1.0509011654458842
2022-08-30,120505,ICICI Pru Midcap Fund - Regular - Growth,0.009539011836494193,1.2934919303914971
2022-08-31,120505,ICICI Pru Midcap Fund - Regular - Growth,0.0024499350069056014,1.2035536213285647
2022-09-01,120505,ICICI Pru Midcap Fund - Regular - Growth,-0.006998553892207937,0.8207407035494458
2022-09-02,120505,ICICI Pru Midcap Fund - Regular - Growth,0.003811883814311745,0.6541005542661932
2022-09-05,120505,ICICI Pru Midcap Fund - Regular - Growth,-0.0032796031954533955,0.8132959674274437
2022-09-06,120505,ICICI Pru Midcap Fund - Regular - Growth,0.011276253946663317,0.817162224726972
2022-09-07,120505,ICICI Pru Midcap Fund - Regular - Growth,0.004671844160951011,0.9716977241935003
2022-09-08,120505,ICICI Pru Midcap Fund - Regular - Growth,-0.0030940581638777553,1.0137229964146868
2022-09-09,120505,ICICI Pru Midcap Fund - Regular - Growth,0.00345147647892019,1.1215383818735403
2022-09-12,120505,ICICI Pru Midcap Fund - Regular - Growth,0.01654942983421992,1.2104230490166763
2022-09-13,120505,ICICI Pru Midcap Fund - Regular - Growth,-0.00612424655878141,0.9771298201800893
2022-09-14,120505,ICICI Pru Midcap Fund - Regular - Growth,0.005509094772714995,1.0537921770913101
2022-09-15,120505,ICICI Pru Midcap Fund - Regular - Growth,-0.0001688705424596204,1.0554291397796882
2022-09-16,120505,ICICI Pru Midcap Fund - Regular - Growth,0.005801831023893866,1.0498066754605315
2022-09-19,120505,ICICI Pru Midcap Fund - Regular - Growth,-0.0071338576645884055,0.861159299115692
2022-09-20,120505,ICICI Pru Midcap Fund - Regular - Growth,0.001996936843286834,0.7000243978321808
2022-09-21,120505,ICICI Pru Midcap Fund - Regular - Growth,0.01403164152438019,1.0719512801119364
2022-09-22,120505,ICICI Pru Midcap Fund - Regular - Growth,-0.010484944501634175,0.9207385449176867
2022-09-23,120505,ICICI Pru Midcap Fund - Regular - Growth,-0.015121324254570578,0.8785987801310087
2022-09-26,120505,ICICI Pru Midcap Fund - Regular - Growth,-0.014674264001905968,0.6841661845162382
2022-09-27,120505,ICICI Pru Midcap Fund - Regular - Growth,-0.013248017257852518,0.5379509287718879
2022-09-28,120505,ICICI Pru Midcap Fund - Regular - Growth,0.00783043844085718,0.6350066237717675
2022-09-29,120505,ICICI Pru Midcap Fund - Regular - Growth,-0.016022377097725582,0.5411919300234597
2022-09-30,120505,ICICI Pru Midcap Fund - Regular - Growth,-0.0028867122145272983,0.7252522066848327
2022-10-03,120505,ICICI Pru Midcap Fund - Regular - Growth,0.008107545102667757,1.154523273455264
2022-10-04,120505,ICICI Pru Midcap Fund - Regular - Growth,0.005677613773856116,1.2389389452106612
2022-10-05,120505,ICICI Pru Midcap Fund - Regular - Growth,-0.0039321139032046926,1.246170053490915
2022-10-06,120505,ICICI Pru Midcap Fund - Regular - Growth,0.0029640710553986427,1.3830290696066088
2022-10-07,120505,ICICI Pru Midcap Fund - Regular - Growth,0.0019587528401658894,1.2014454235836038
2022-10-10,120505,ICICI Pru Midcap Fund - Regular - Growth,-0.0020071368277614354,1.3043567063005757
2022-10-11,120505,ICICI Pru Midcap Fund - Regular - Growth,-0.0018475508922820572,1.056016494602766
2022-10-12,120505,ICICI Pru Midcap Fund - Regular - Growth,0.02781029452118844,1.1426753628961783
2022-10-13,120505,ICICI Pru Midcap Fund - Regular - Growth,0.010414849071932908,1.595353185570144
2022-10-14,120505,ICICI Pru Midcap Fund - Regular - Growth,0.03083095327162,1.9287676945868526
2022-10-17,120505,ICICI Pru Midcap Fund - Regular - Growth,-0.005259535037326013,1.9129539184069473
2022-10-18,120505,ICICI Pru Midcap Fund - Regular - Growth,-0.0003426133290097555,2.4360437873768332
2022-10-19,120505,ICICI Pru Midcap Fund - Regular - Growth,-0.01515352648222601,2.457630823777511
2022-10-20,120505,ICICI Pru Midcap Fund - Regular - Growth,-0.008974098191113056,2.1985509973795945
2022-10-21,120505,ICICI Pru Midcap Fund - Regular - Growth,0.02371486960753666,2.1838678656913393
2022-10-24,120505,ICICI Pru Midcap Fund - Regular - Growth,-0.005557904094267929,1.9565222769099102
2022-10-25,120505,ICICI Pru Midcap Fund - Regular - Growth,0.023928008041427473,2.183102447497158
2022-10-26,120505,ICICI Pru Midcap Fund - Regular - Growth,-0.014106613563434678,1.974775950007583
2022-10-27,120505,ICICI Pru Midcap Fund - Regular - Growth,-0.011863155493483268,1.5516981677431292
2022-10-28,120505,ICICI Pru Midcap Fund - Regular - Growth,-0.0034039349078419656,1.1762985335791087
2022-10-31,120505,ICICI Pru Midcap Fund - Regular - Growth,-8.845565708137659e-05,1.2628833869343459
2022-11-01,120505,ICICI Pru Midcap Fund - Regular - Growth,0.01179203554961239,1.7620910991546133
2022-11-02,120505,ICICI Pru Midcap Fund - Regular - Growth,0.006088391817286487,2.227686527680731
2022-11-03,120505,ICICI Pru Midcap Fund - Regular - Growth,-0.004299076279556169,1.9462544732803182
2022-11-04,120505,ICICI Pru Midcap Fund - Regular - Growth,-0.0009205239222902506,1.9313479476711992
2022-11-07,120505,ICICI Pru Midcap Fund - Regular - Growth,-0.0031391324912760643,1.8448646081454776
2022-11-08,120505,ICICI Pru Midcap Fund - Regular - Growth,-0.010220266620703189,2.0166919465173008
2022-11-09,120505,ICICI Pru Midcap Fund - Regular - Growth,-0.009904138195183987,1.9912366253935663
2022-11-10,120505,ICICI Pru Midcap Fund - Regular - Growth,0.013061930288283286,2.2102754967325304
2022-11-11,120505,ICICI Pru Midcap Fund - Regular - Growth,-0.020983297634514342,1.831878775584264
2022-11-14,120505,ICICI Pru Midcap Fund - Regular - Growth,0.020234505061615282,2.148720555911936
2022-11-15,120505,ICICI Pru Midcap Fund - Regular - Growth,-0.003424667567021311,2.275152115275321
2022-11-16,120505,ICICI Pru Midcap Fund - Regular - Growth,-0.008534747494938877,2.2773816910914504
2022-11-17,120505,ICICI Pru Midcap Fund - Regular - Growth,0.009574293553028967,2.207643018579259
2022-11-18,120505,ICICI Pru Midcap Fund - Regular - Growth,0.018621914682311447,2.3941887392643797
2022-11-21,120505,ICICI Pru Midcap Fund - Regular - Growth,0.014150907130377366,2.469395153684303
2022-11-22,120505,ICICI Pru Midcap Fund - Regular - Growth,0.00670357073645933,2.7121012704743657
2022-11-23,120505,ICICI Pru Midcap Fund - Regular - Growth,0.013777230763438064,3.5262377249934085
2022-11-24,120505,ICICI Pru Midcap Fund - Regular - Growth,-0.019674205884387508,3.2691993443064615
2022-11-25,120505,ICICI Pru Midcap Fund - Regular - Growth,-0.005555608175945803,3.3377691358283474
2022-11-28,120505,ICICI Pru Midcap Fund - Regular - Growth,-0.010178924093342867,3.1049943516960115
2022-11-29,120505,ICICI Pru Midcap Fund - Regular - Growth,0.015450418700428958,2.886011535739258
2022-11-30,120505,ICICI Pru Midcap Fund - Regular - Growth,-0.003907478934580655,2.693964317228432
2022-12-01,120505,ICICI Pru Midcap Fund - Regular - Growth,0.010851815683713406,2.443712123064826
2022-12-02,120505,ICICI Pru Midcap Fund - Regular - Growth,0.007112959882548786,2.4379974142597436
2022-12-05,120505,ICICI Pru Midcap Fund - Regular - Growth,-0.009599808620577743,2.3893316569983383
2022-12-06,120505,ICICI Pru Midcap Fund - Regular - Growth,-0.0063305978898006154,2.210584829547294
2022-12-07,120505,ICICI Pru Midcap Fund - Regular - Growth,0.016291709672855426,2.138164623635893
2022-12-08,120505,ICICI Pru Midcap Fund - Regular - Growth,-0.008570023091645895,1.6743179934298413
2022-12-09,120505,ICICI Pru Midcap Fund - Regular - Growth,0.0021712743420210234,1.8116937870892496
2022-12-12,120505,ICICI Pru Midcap Fund - Regular - Growth,-0.008653585748783166,1.6080434313360046
2022-12-13,120505,ICICI Pru Midcap Fund - Regular - Growth,-0.0030785516815835523,1.8420236784319928
2022-12-14,120505,ICICI Pru Midcap Fund - Regular - Growth,0.00012226637132450868,1.6803926943914023
2022-12-15,120505,ICICI Pru Midcap Fund - Regular - Growth,-0.008657969532281262,1.2411337945575018
2022-12-16,120505,ICICI Pru Midcap Fund - Regular - Growth,-0.01076235206504339,1.0398945110034836
2022-12-19,120505,ICICI Pru Midcap Fund - Regular - Growth,0.004109439535893156,1.2280003053311408
2022-12-20,120505,ICICI Pru Midcap Fund - Regular - Growth,-0.009391483464061712,0.9898579326833324
2022-12-21,120505,ICICI Pru Midcap Fund - Regular - Growth,-0.008987499427004164,0.7496970861984175
2022-12-22,120505,ICICI Pru Midcap Fund - Regular - Growth,-0.010509320951325618,0.5502430496844753
2022-12-23,120505,ICICI Pru Midcap Fund - Regular - Growth,-0.00025760391557949625,0.5009722253038895
2022-12-26,120505,ICICI Pru Midcap Fund - Regular - Growth,0.01204136055883609,0.7126860858366286
2022-12-27,120505,ICICI Pru Midcap Fund - Regular - Growth,0.01888202079302914,0.8048383729437553
2022-12-28,120505,ICICI Pru Midcap Fund - Regular - Growth,-0.007981884701178554,0.527777208829757
2022-12-29,120505,ICICI Pru Midcap Fund - Regular - Growth,0.026763301656586025,1.0994123000525937
2022-12-30,120505,ICICI Pru Midcap Fund - Regular - Growth,-0.011286168547063324,1.1005783650116978
2023-01-02,120505,ICICI Pru Midcap Fund - Regular - Growth,0.013736800657595971,1.3406557822854364
2023-01-03,120505,ICICI Pru Midcap Fund - Regular - Growth,-0.007931838919311707,1.0721938127083805
2023-01-04,120505,ICICI Pru Midcap Fund - Regular - Growth,-0.009701856875105719,0.8816152543944794
2023-01-05,120505,ICICI Pru Midcap Fund - Regular - Growth,-0.008205370910661425,0.862439658849908
2023-01-06,120505,ICICI Pru Midcap Fund - Regular - Growth,4.70402014289828e-05,0.8052618865839958
2023-01-09,120505,ICICI Pru Midcap Fund - Regular - Growth,0.007644885491593145,0.9708528784549658
2023-01-10,120505,ICICI Pru Midcap Fund - Regular - Growth,0.00873033136855561,0.9338611989581442
2023-01-11,120505,ICICI Pru Midcap Fund - Regular - Growth,-0.010567877297932515,0.697635091856992
2023-01-12,120505,ICICI Pru Midcap Fund - Regular - Growth,-0.011107960874055745,0.5727386230931428
2023-01-13,120505,ICICI Pru Midcap Fund - Regular - Growth,-0.010243890308603953,0.36376042453537927
2023-01-16,120505,ICICI Pru Midcap Fund - Regular - Growth,-0.0006581695791655351,0.1053884261025731
2023-01-17,120505,ICICI Pru Midcap Fund - Regular - Growth,-0.0018387645079998016,0.1709986701594278
2023-01-18,120505,ICICI Pru Midcap Fund - Regular - Growth,-0.010641019435936205,-0.07540643850592127
2023-01-19,120505,ICICI Pru Midcap Fund - Regular - Growth,0.003909128121162508,-0.01333103743005504
2023-01-20,120505,ICICI Pru Midcap Fund - Regular - Growth,0.028143927848118144,0.31667919675603207
2023-01-23,120505,ICICI Pru Midcap Fund - Regular - Growth,-0.0053518635037828055,0.3432809522968554
2023-01-24,120505,ICICI Pru Midcap Fund - Regular - Growth,-0.004503981036892979,0.24709998199913347
2023-01-25,120505,ICICI Pru Midcap Fund - Regular - Growth,0.007400254571492404,0.1500821584441708
2023-01-26,120505,ICICI Pru Midcap Fund - Regular - Growth,-0.005995598573196759,0.21734194205933813
2023-01-27,120505,ICICI Pru Midcap Fund - Regular - Growth,0.008718886987128194,0.5759766324191161
2023-01-30,120505,ICICI Pru Midcap Fund - Regular - Growth,-0.00789401660137079,0.6819757486593442
2023-01-31,120505,ICICI Pru Midcap Fund - Regular - Growth,0.022860100687382312,1.2118156808724327
2023-02-01,120505,ICICI Pru Midcap Fund - Regular - Growth,0.004812734591029599,1.1683910185239712
2023-02-02,120505,ICICI Pru Midcap Fund - Regular - Growth,-0.006723576954321131,1.319300825454729
2023-02-03,120505,ICICI Pru Midcap Fund - Regular - Growth,-0.006350855398441935,1.2651390493077015
2023-02-06,120505,ICICI Pru Midcap Fund - Regular - Growth,-0.005460261510201514,1.0617024000126538
2023-02-07,120505,ICICI Pru Midcap Fund - Regular - Growth,0.017251933106425366,1.2235788801650866
2023-02-08,120505,ICICI Pru Midcap Fund - Regular - Growth,-0.014406116365971333,1.0587200193526496
2023-02-09,120505,ICICI Pru Midcap Fund - Regular - Growth,-0.007293163989936513,0.9051039299167504
2023-02-10,120505,ICICI Pru Midcap Fund - Regular - Growth,-0.006029330671968647,0.7860843212694004
2023-02-13,120505,ICICI Pru Midcap Fund - Regular - Growth,0.0004868936720914263,0.8229918881981887
2023-02-14,120505,ICICI Pru Midcap Fund - Regular - Growth,-0.002567028787429204,0.8122761975597276
2023-02-15,120505,ICICI Pru Midcap Fund - Regular - Growth,-0.017026905476279164,0.15539551852465341
2023-02-16,120505,ICICI Pru Midcap Fund - Regular - Growth,-0.004102816859336222,-0.062282851723113763
2023-02-17,120505,ICICI Pru Midcap Fund - Regular - Growth,-0.0005164021417942699,-0.5558642121234398
2023-02-20,120505,ICICI Pru Midcap Fund - Regular - Growth,-0.006819730051726869,-0.5798490630651839
2023-02-21,120505,ICICI Pru Midcap Fund - Regular - Growth,0.008934331330188616,-0.43301128753248075
2023-02-22,120505,ICICI Pru Midcap Fund - Regular - Growth,0.011747224290873826,-0.013657189629538673
2023-02-23,120505,ICICI Pru Midcap Fund - Regular - Growth,-0.00026344520216459166,0.12308908149513556
2023-02-24,120505,ICICI Pru Midcap Fund - Regular - Growth,0.0034395073559565503,-0.20030587048428164
2023-02-27,120505,ICICI Pru Midcap Fund - Regular - Growth,-0.024876280046011168,-0.4981112967865378
2023-02-28,120505,ICICI Pru Midcap Fund - Regular - Growth,-0.004355875590504321,-0.9671206786845215
2023-03-01,120505,ICICI Pru Midcap Fund - Regular - Growth,0.012782379918569786,-0.534186964172051
2023-03-02,120505,ICICI Pru Midcap Fund - Regular - Growth,-0.004383734021126906,-0.4159453950318975
2023-03-03,120505,ICICI Pru Midcap Fund - Regular - Growth,-0.008116857021146617,-0.4911132069861123
2023-03-06,120505,ICICI Pru Midcap Fund - Regular - Growth,0.02833000930861962,-0.03062136173207652
2023-03-07,120505,ICICI Pru Midcap Fund - Regular - Growth,0.022700856755047738,0.1370702330170154
2023-03-08,120505,ICICI Pru Midcap Fund - Regular - Growth,0.00629073773985156,0.14015694721003813
2023-03-09,120505,ICICI Pru Midcap Fund - Regular - Growth,0.014408922630464671,0.4236177960785193
2023-03-10,120505,ICICI Pru Midcap Fund - Regular - Growth,-0.02563313876333495,0.04649391466525903
2023-03-13,120505,ICICI Pru Midcap Fund - Regular - Growth,-0.00871364231895122,-0.03593381538474829
2023-03-14,120505,ICICI Pru Midcap Fund - Regular - Growth,-0.004938006286067331,0.04219097470675904
2023-03-15,120505,ICICI Pru Midcap Fund - Regular - Growth,-0.0021474764084377096,0.1576716583942918
2023-03-16,120505,ICICI Pru Midcap Fund - Regular - Growth,-0.005175857149884444,-0.11413165388778457
2023-03-17,120505,ICICI Pru Midcap Fund - Regular - Growth,-0.02940548206121707,-0.23607947952697358
2023-03-20,120505,ICICI Pru Midcap Fund - Regular - Growth,0.005308957266995096,-0.46263574226989473
2023-03-21,120505,ICICI Pru Midcap Fund - Regular - Growth,0.007207613526374335,-0.3032969702710643
2023-03-22,120505,ICICI Pru Midcap Fund - Regular - Growth,0.020045754754715928,0.12110171254469279
2023-03-23,120505,ICICI Pru Midcap Fund - Regular - Growth,-0.008722523237948088,-0.1481425294915167
2023-03-24,120505,ICICI Pru Midcap Fund - Regular - Growth,-0.009692935949497272,-0.570942419854923
2023-03-27,120505,ICICI Pru Midcap Fund - Regular - Growth,-0.030913999430216887,-1.208265074426584
2023-03-28,120505,ICICI Pru Midcap Fund - Regular - Growth,-0.00283506290490243,-1.3492269925178886
2023-03-29,120505,ICICI Pru Midcap Fund - Regular - Growth,0.011525880585700143,-1.3851471471377221
2023-03-30,120505,ICICI Pru Midcap Fund - Regular - Growth,-0.006625359051384727,-1.2101214495977874
2023-03-31,120505,ICICI Pru Midcap Fund - Regular - Growth,0.026678706245488293,-0.7153807964091936
2023-04-03,120505,ICICI Pru Midcap Fund - Regular - Growth,-0.0023935623303992237,-0.6059026309586977
2023-04-04,120505,ICICI Pru Midcap Fund - Regular - Growth,0.0024371969607790422,-0.8002977307706611
2023-04-05,120505,ICICI Pru Midcap Fund - Regular - Growth,-0.015519011444212638,-0.9610778044203753
2023-04-06,120505,ICICI Pru Midcap Fund - Regular - Growth,0.00412111469753329,-1.0623581307463916
2023-04-07,120505,ICICI Pru Midcap Fund - Regular - Growth,-0.022753077513313236,-1.4714282126583131
2023-04-10,120505,ICICI Pru Midcap Fund - Regular - Growth,0.00901826347039858,-1.2052137064313524
2023-04-11,120505,ICICI Pru Midcap Fund - Regular - Growth,0.009388525606456533,-0.9790508969180723
2023-04-12,120505,ICICI Pru Midcap Fund - Regular - Growth,0.01708822925273301,-0.9667818083287723
2023-04-13,120505,ICICI Pru Midcap Fund - Regular - Growth,-0.011466668949793535,-1.00586192810631
2023-04-14,120505,ICICI Pru Midcap Fund - Regular - Growth,0.0025993306545251116,-0.9997123919127433
2023-04-17,120505,ICICI Pru Midcap Fund - Regular - Growth,0.007450525048083856,-0.771982657622247
2023-04-18,120505,ICICI Pru Midcap Fund - Regular - Growth,0.005986148331187158,-0.6430150039499746
2023-04-19,120505,ICICI Pru Midcap Fund - Regular - Growth,-0.009635261940038498,-0.7784591504827452
2023-04-20,120505,ICICI Pru Midcap Fund - Regular - Growth,-0.027567450441164265,-1.020853271358976
2023-04-21,120505,ICICI Pru Midcap Fund - Regular - Growth,0.004838669371129312,-0.8081887582302631
2023-04-24,120505,ICICI Pru Midcap Fund - Regular - Growth,-0.0011496992337065581,-0.88138484719966
2023-04-25,120505,ICICI Pru Midcap Fund - Regular - Growth,-0.0060891635297540825,-0.8371607967756012
2023-04-26,120505,ICICI Pru Midcap Fund - Regular - Growth,0.009866333491987955,-0.5758463115493118
2023-04-27,120505,ICICI Pru Midcap Fund - Regular - Growth,0.00013694970121713723,-0.43041723731215054
2023-04-28,120505,ICICI Pru Midcap Fund - Regular - Growth,-0.015000914595392323,-0.630002203751501
2023-05-01,120505,ICICI Pru Midcap Fund - Regular - Growth,-0.022192775243134344,-1.0896230377121117
2023-05-02,120505,ICICI Pru Midcap Fund - Regular - Growth,-0.01275573433994337,-1.5337140720847298
2023-05-03,120505,ICICI Pru Midcap Fund - Regular - Growth,0.029749968752887046,-0.9858539915457475
2023-05-04,120505,ICICI Pru Midcap Fund - Regular - Growth,0.009369285693553442,-1.2443650315436783
2023-05-05,120505,ICICI Pru Midcap Fund - Regular - Growth,0.0029362111269644053,-1.053893610917831
2023-05-08,120505,ICICI Pru Midcap Fund - Regular - Growth,-0.0014982132477707744,-1.2713154137049891
2023-05-09,120505,ICICI Pru Midcap Fund - Regular - Growth,-0.00228410508240795,-1.1954820499661656
2023-05-10,120505,ICICI Pru Midcap Fund - Regular - Growth,0.01475220770304686,-0.8535720935349315
2023-05-11,120505,ICICI Pru Midcap Fund - Regular - Growth,-0.005183506013733297,-0.8131501726095218
2023-05-12,120505,ICICI Pru Midcap Fund - Regular - Growth,0.0076084297129968,-0.7077472516196157
2023-05-15,120505,ICICI Pru Midcap Fund - Regular - Growth,-0.003489459599332112,-0.8619934868240182
2023-05-16,120505,ICICI Pru Midcap Fund - Regular - Growth,0.024183935436542958,-0.638573380060205
2023-05-17,120505,ICICI Pru Midcap Fund - Regular - Growth,0.009604736488472154,-0.36661973603463305
2023-05-18,120505,ICICI Pru Midcap Fund - Regular - Growth,0.01570466287097383,-0.005052394729514748
2023-05-19,120505,ICICI Pru Midcap Fund - Regular - Growth,-0.006300542462058134,0.047994539686095586
2023-05-22,120505,ICICI Pru Midcap Fund - Regular - Growth,0.013428900727637805,0.2361765369193138
2023-05-23,120505,ICICI Pru Midcap Fund - Regular - Growth,-0.003061855036075478,0.21976818803763346
2023-05-24,120505,ICICI Pru Midcap Fund - Regular - Growth,0.00199364989216555,0.3902199259982247
2023-05-25,120505,ICICI Pru Midcap Fund - Regular - Growth,0.02045044433162624,0.6046822368202398
2023-05-26,120505,ICICI Pru Midcap Fund - Regular - Growth,-0.011736680058034521,0.0774932292419783
2023-05-29,120505,ICICI Pru Midcap Fund - Regular - Growth,0.003112070891065688,0.19216490257705585
2023-05-30,120505,ICICI Pru Midcap Fund - Regular - Growth,0.005934342580526053,0.3334051165613166
2023-05-31,120505,ICICI Pru Midcap Fund - Regular - Growth,0.006922570162027686,0.3270098121297161
2023-06-01,120505,ICICI Pru Midcap Fund - Regular - Growth,-0.004710005841608855,0.3445821662350901
2023-06-02,120505,ICICI Pru Midcap Fund - Regular - Growth,0.025976595814000802,0.5674585197610459
2023-06-05,120505,ICICI Pru Midcap Fund - Regular - Growth,-0.014714913151191,0.47438291905026353
2023-06-06,120505,ICICI Pru Midcap Fund - Regular - Growth,0.018301257669365967,0.4165280722444165
2023-06-07,120505,ICICI Pru Midcap Fund - Regular - Growth,0.015334182310371869,0.5528965662642373
2023-06-08,120505,ICICI Pru Midcap Fund - Regular - Growth,0.023702526756739895,0.9409216007865626
2023-06-09,120505,ICICI Pru Midcap Fund - Regular - Growth,-0.01816787111115481,0.7797539851555044
2023-06-12,120505,ICICI Pru Midcap Fund - Regular - Growth,-0.009676873517420637,0.7238530712660496
2023-06-13,120505,ICICI Pru Midcap Fund - Regular - Growth,0.01870420433559139,0.7414317764429627
2023-06-14,120505,ICICI Pru Midcap Fund - Regular - Growth,-0.021555709166104164,0.6444415624442401
2023-06-15,120505,ICICI Pru Midcap Fund - Regular - Growth,-0.018381777076076244,0.4987107013311887
2023-06-16,120505,ICICI Pru Midcap Fund - Regular - Growth,-0.005156555957222531,0.5099011723297666
2023-06-19,120505,ICICI Pru Midcap Fund - Regular - Growth,0.0029770170686411745,0.5412969346074925
2023-06-20,120505,ICICI Pru Midcap Fund - Regular - Growth,0.019927663567185228,0.8172206573071819
2023-06-21,120505,ICICI Pru Midcap Fund - Regular - Growth,-0.0015420478617613753,1.0200720492922122
2023-06-22,120505,ICICI Pru Midcap Fund - Regular - Growth,-0.006583512682943549,0.9878699751971888
2023-06-23,120505,ICICI Pru Midcap Fund - Regular - Growth,0.004411255883617349,1.049724101399202
2023-06-26,120505,ICICI Pru Midcap Fund - Regular - Growth,0.006315303713043896,1.216531576695984
2023-06-27,120505,ICICI Pru Midcap Fund - Regular - Growth,0.005973490215111177,1.1804421316939333
2023-06-28,120505,ICICI Pru Midcap Fund - Regular - Growth,-0.001454695543504525,1.0168429548333713
2023-06-29,120505,ICICI Pru Midcap Fund - Regular - Growth,-0.022469484736742262,0.7240721938989133
2023-06-30,120505,ICICI Pru Midcap Fund - Regular - Growth,-0.010254981491043313,0.5514172380057478
2023-07-03,120505,ICICI Pru Midcap Fund - Regular - Growth,0.01783061062317426,1.0941340535431336
2023-07-04,120505,ICICI Pru Midcap Fund - Regular - Growth,0.0029176872664591347,1.1864481636106439
2023-07-05,120505,ICICI Pru Midcap Fund - Regular - Growth,-0.0031803089629002246,0.9890527995449594
2023-07-06,120505,ICICI Pru Midcap Fund - Regular - Growth,0.014157151047709426,1.2181095793047334
2023-07-07,120505,ICICI Pru Midcap Fund - Regular - Growth,-0.01276951214575639,1.1560736447530795
2023-07-10,120505,ICICI Pru Midcap Fund - Regular - Growth,-0.0020203450987994476,0.7925338129782008
2023-07-11,120505,ICICI Pru Midcap Fund - Regular - Growth,0.002326046113794167,0.5393288264782898
2023-07-12,120505,ICICI Pru Midcap Fund - Regular - Growth,-0.004597510543530969,0.3978916785575911
2023-07-13,120505,ICICI Pru Midcap Fund - Regular - Growth,0.0018821270000524137,0.2364147124374689
2023-07-14,120505,ICICI Pru Midcap Fund - Regular - Growth,-0.0015703191923645,0.5630410266016176
2023-07-17,120505,ICICI Pru Midcap Fund - Regular - Growth,-0.015945890819815123,0.46364083043543736
2023-07-18,120505,ICICI Pru Midcap Fund - Regular - Growth,0.0028509382852917042,0.5675312124778928
2023-07-19,120505,ICICI Pru Midcap Fund - Regular - Growth,-0.015109160162407154,0.3922911024764947
2023-07-20,120505,ICICI Pru Midcap Fund - Regular - Growth,0.0026607086302645744,0.4961040387394462
2023-07-21,120505,ICICI Pru Midcap Fund - Regular - Growth,0.01726887387971221,1.1352719937184554
2023-07-24,120505,ICICI Pru Midcap Fund - Regular - Growth,-0.0026855183036168517,1.027757532220282
2023-07-25,120505,ICICI Pru Midcap Fund - Regular - Growth,-0.01325792435412576,0.7481172636697223
2023-07-26,120505,ICICI Pru Midcap Fund - Regular - Growth,-0.0008449084674501117,0.4738106518596675
2023-07-27,120505,ICICI Pru Midcap Fund - Regular - Growth,-0.00924042231235156,0.46662626556183756
2023-07-28,120505,ICICI Pru Midcap Fund - Regular - Growth,0.007820609886471486,0.7055676325278404
2023-07-31,120505,ICICI Pru Midcap Fund - Regular - Growth,-0.0010958577538183745,1.1500904085382668
2023-08-01,120505,ICICI Pru Midcap Fund - Regular - Growth,0.021363318356219185,1.4699427333539008
2023-08-02,120505,ICICI Pru Midcap Fund - Regular - Growth,0.014701690927652278,1.510052352496068
2023-08-03,120505,ICICI Pru Midcap Fund - Regular - Growth,-0.0011569775215796163,1.5888474707236853
2023-08-04,120505,ICICI Pru Midcap Fund - Regular - Growth,0.009282345044798745,1.3757786940639265
2023-08-07,120505,ICICI Pru Midcap Fund - Regular - Growth,-0.004023734368134968,1.3520096861189028
2023-08-08,120505,ICICI Pru Midcap Fund - Regular - Growth,0.0010815539789765793,1.3329133685338224
2023-08-09,120505,ICICI Pru Midcap Fund - Regular - Growth,-0.0036448575683336593,1.5149855665009893
2023-08-10,120505,ICICI Pru Midcap Fund - Regular - Growth,0.009896725986137778,1.5935747173667372
2023-08-11,120505,ICICI Pru Midcap Fund - Regular - Growth,0.017985930201866118,2.199673154193063
2023-08-14,120505,ICICI Pru Midcap Fund - Regular - Growth,0.010285866831168278,2.2162746573196714
2023-08-15,120505,ICICI Pru Midcap Fund - Regular - Growth,0.01177816976847157,2.247140896312686
2023-08-16,120505,ICICI Pru Midcap Fund - Regular - Growth,0.011791050306952044,2.181965585357387
2023-08-17,120505,ICICI Pru Midcap Fund - Regular - Growth,0.0072992223348093965,2.46684031519669
2023-08-18,120505,ICICI Pru Midcap Fund - Regular - Growth,-0.012877698869354415,2.2236729530484487
2023-08-21,120505,ICICI Pru Midcap Fund - Regular - Growth,0.021256098384492716,2.3918032631304396
2023-08-22,120505,ICICI Pru Midcap Fund - Regular - Growth,0.022521282766787554,2.5889609944840246
2023-08-23,120505,ICICI Pru Midcap Fund - Regular - Growth,-0.002122657256149574,2.705900129095503
2023-08-24,120505,ICICI Pru Midcap Fund - Regular - Growth,-0.0037552695386370294,3.1389852077405305
2023-08-25,120505,ICICI Pru Midcap Fund - Regular - Growth,0.008036849463773477,3.182367146386809
2023-08-28,120505,ICICI Pru Midcap Fund - Regular - Growth,0.007293535252715699,3.3037672454034634
2023-08-29,120505,ICICI Pru Midcap Fund - Regular - Growth,-0.0017409188307514478,3.3741448850810634
2023-08-30,120505,ICICI Pru Midcap Fund - Regular - Growth,-0.014185000070841669,2.998848546988772
2023-08-31,120505,ICICI Pru Midcap Fund - Regular - Growth,0.004342518297080211,3.0596294915791677
2023-09-01,120505,ICICI Pru Midcap Fund - Regular - Growth,0.0073014973793652516,3.4179749774686123
2023-09-04,120505,ICICI Pru Midcap Fund - Regular - Growth,0.009405845237055566,3.968312061466965
2023-09-05,120505,ICICI Pru Midcap Fund - Regular - Growth,0.004867104615015272,4.273906545953122
2023-09-06,120505,ICICI Pru Midcap Fund - Regular - Growth,-0.0025671783447466234,3.8981504366097246
2023-09-07,120505,ICICI Pru Midcap Fund - Regular - Growth,0.012650867124595733,3.939862101021081
2023-09-08,120505,ICICI Pru Midcap Fund - Regular - Growth,0.0014641300375861643,3.9167637572265694
2023-09-11,120505,ICICI Pru Midcap Fund - Regular - Growth,-0.004878320935608138,3.8576973376966137
2023-09-12,120505,ICICI Pru Midcap Fund - Regular - Growth,-0.0014863444153023764,3.871267180562602
2023-09-13,120505,ICICI Pru Midcap Fund - Regular - Growth,-0.0200196971491593,3.282720270157349
2023-09-14,120505,ICICI Pru Midcap Fund - Regular - Growth,-0.0015055832043829875,3.3446370957351603
2023-09-15,120505,ICICI Pru Midcap Fund - Regular - Growth,0.008954554973821915,3.3629448722748925
2023-09-18,120505,ICICI Pru Midcap Fund - Regular - Growth,0.00475241803345039,3.493043507484931
2023-09-19,120505,ICICI Pru Midcap Fund - Regular - Growth,0.019054450080505658,3.443265965618452
2023-09-20,120505,ICICI Pru Midcap Fund - Regular - Growth,-0.002469546249764254,3.2613700974805253
2023-09-21,120505,ICICI Pru Midcap Fund - Regular - Growth,0.006528328850238685,3.1418777094531665
2023-09-22,120505,ICICI Pru Midcap Fund - Regular - Growth,0.010214358169225113,3.39992333922667
2023-09-25,120505,ICICI Pru Midcap Fund - Regular - Growth,0.029132461743182958,3.553709347004463
2023-09-26,120505,ICICI Pru Midcap Fund - Regular - Growth,0.002410090608531368,3.641428101624023
2023-09-27,120505,ICICI Pru Midcap Fund - Regular - Growth,-0.011753345962506878,3.4041718002678514
2023-09-28,120505,ICICI Pru Midcap Fund - Regular - Growth,0.010881941482020485,3.2944920070882926
2023-09-29,120505,ICICI Pru Midcap Fund - Regular - Growth,0.023271887792265744,3.7913521057989645
2023-10-02,120505,ICICI Pru Midcap Fund - Regular - Growth,-0.003180935009919561,3.6913373991649086
2023-10-03,120505,ICICI Pru Midcap Fund - Regular - Growth,0.010799573812107832,3.7560950367176567
2023-10-04,120505,ICICI Pru Midcap Fund - Regular - Growth,0.015499804945175999,3.8622251456213648
2023-10-05,120505,ICICI Pru Midcap Fund - Regular - Growth,0.012930882790397336,4.1185913022544645
2023-10-06,120505,ICICI Pru Midcap Fund - Regular - Growth,0.0021796890285938897,3.846852643670068
2023-10-09,120505,ICICI Pru Midcap Fund - Regular - Growth,-0.0076561100173520025,3.987348033953037
2023-10-10,120505,ICICI Pru Midcap Fund - Regular - Growth,-0.00029786913248375235,3.7390075889677292
2023-10-11,120505,ICICI Pru Midcap Fund - Regular - Growth,0.006182442187893766,3.620662858659462
2023-10-12,120505,ICICI Pru Midcap Fund - Regular - Growth,0.011611838064542468,3.4886976638853273
2023-10-13,120505,ICICI Pru Midcap Fund - Regular - Growth,0.004682563603286338,3.927373339163958
2023-10-16,120505,ICICI Pru Midcap Fund - Regular - Growth,-0.0038650648140254873,4.042421058460264
2023-10-17,120505,ICICI Pru Midcap Fund - Regular - Growth,0.00734882565397732,3.9017888307846462
2023-10-18,120505,ICICI Pru Midcap Fund - Regular - Growth,0.011029033526584131,4.555747395397145
2023-10-19,120505,ICICI Pru Midcap Fund - Regular - Growth,0.005231874582506846,5.0751356851209755
2023-10-20,120505,ICICI Pru Midcap Fund - Regular - Growth,-0.009290128246730478,4.980513981773758
2023-10-23,120505,ICICI Pru Midcap Fund - Regular - Growth,-0.0014956453259213909,4.897836997100439
2023-10-24,120505,ICICI Pru Midcap Fund - Regular - Growth,0.012091477633333625,4.815319598426877
2023-10-25,120505,ICICI Pru Midcap Fund - Regular - Growth,-0.0157532132806677,4.488217188629811
2023-10-26,120505,ICICI Pru Midcap Fund - Regular - Growth,-0.02408354737749374,4.0561971388324665
2023-10-27,120505,ICICI Pru Midcap Fund - Regular - Growth,0.018900940425764512,4.2423118366833705
2023-10-30,120505,ICICI Pru Midcap Fund - Regular - Growth,0.006819134901451029,4.249776192804212
2023-10-31,120505,ICICI Pru Midcap Fund - Regular - Growth,0.007967797028897827,4.278978428606143
2023-11-01,120505,ICICI Pru Midcap Fund - Regular - Growth,-0.01213920501401955,4.064762916034162
2023-11-02,120505,ICICI Pru Midcap Fund - Regular - Growth,0.009547332904618955,4.717698775365532
2023-11-03,120505,ICICI Pru Midcap Fund - Regular - Growth,0.003976652946425796,4.999703629115336
2023-11-06,120505,ICICI Pru Midcap Fund - Regular - Growth,-0.018121807738442297,4.345208585222402
2023-11-07,120505,ICICI Pru Midcap Fund - Regular - Growth,0.01787972451434805,4.543569332420496
2023-11-08,120505,ICICI Pru Midcap Fund - Regular - Growth,0.0025772318877772538,4.646861898909965
2023-11-09,120505,ICICI Pru Midcap Fund - Regular - Growth,-0.004057959742126083,4.363170344038813
2023-11-10,120505,ICICI Pru Midcap Fund - Regular - Growth,-0.003841980066289663,4.555716315827524
2023-11-13,120505,ICICI Pru Midcap Fund - Regular - Growth,-0.023172502168401943,4.071666498464135
2023-11-14,120505,ICICI Pru Midcap Fund - Regular - Growth,0.007806472159688438,4.155307860872286
2023-11-15,120505,ICICI Pru Midcap Fund - Regular - Growth,0.0038159898008605087,4.302112558152504
2023-11-16,120505,ICICI Pru Midcap Fund - Regular - Growth,-0.0016472373435340026,4.241110191976724
2023-11-17,120505,ICICI Pru Midcap Fund - Regular - Growth,0.016105123240962804,4.4947587001963685
2023-11-20,120505,ICICI Pru Midcap Fund - Regular - Growth,-0.015763123731847628,4.499135896704596
2023-11-21,120505,ICICI Pru Midcap Fund - Regular - Growth,-0.006447188027754902,4.331899212282876
2023-11-22,120505,ICICI Pru Midcap Fund - Regular - Growth,-0.009454178242957911,4.457911341088168
2023-11-23,120505,ICICI Pru Midcap Fund - Regular - Growth,-0.0026587692595632095,4.365674681055623
2023-11-24,120505,ICICI Pru Midcap Fund - Regular - Growth,0.0014832395039923174,4.1515691730165285
2023-11-27,120505,ICICI Pru Midcap Fund - Regular - Growth,0.0058385637669557955,4.294457654828367
2023-11-28,120505,ICICI Pru Midcap Fund - Regular - Growth,-0.0034723566657486327,4.501334729425076
2023-11-29,120505,ICICI Pru Midcap Fund - Regular - Growth,-0.009778176587799003,4.323538020661598
2023-11-30,120505,ICICI Pru Midcap Fund - Regular - Growth,0.021073205401563433,4.778896314057007
2023-12-01,120505,ICICI Pru Midcap Fund - Regular - Growth,0.02997968363902137,4.978346594225333
2023-12-04,120505,ICICI Pru Midcap Fund - Regular - Growth,0.002392414388558084,5.037529619718074
2023-12-05,120505,ICICI Pru Midcap Fund - Regular - Growth,-0.008348022725836346,4.609463101937738
2023-12-06,120505,ICICI Pru Midcap Fund - Regular - Growth,0.018503331697405923,4.648335057029731
2023-12-07,120505,ICICI Pru Midcap Fund - Regular - Growth,-0.016503954155644207,4.335708521792122
2023-12-08,120505,ICICI Pru Midcap Fund - Regular - Growth,-0.003326416555020084,4.14013971126845
2023-12-11,120505,ICICI Pru Midcap Fund - Regular - Growth,-0.007628056436339015,4.073173556433363
2023-12-12,120505,ICICI Pru Midcap Fund - Regular - Growth,-0.013117089529380954,3.8127351364201947
2023-12-13,120505,ICICI Pru Midcap Fund - Regular - Growth,-0.0026734249536080057,3.8294413818019932
2023-12-14,120505,ICICI Pru Midcap Fund - Regular - Growth,-0.009621732325781562,3.516386455937518
2023-12-15,120505,ICICI Pru Midcap Fund - Regular - Growth,0.0008264362813592552,3.2880692789659896
2023-12-18,120505,ICICI Pru Midcap Fund - Regular - Growth,0.0010001366487071284,3.1535859284376064
2023-12-19,120505,ICICI Pru Midcap Fund - Regular - Growth,-0.006739236490692857,2.8696717606410544
2023-12-20,120505,ICICI Pru Midcap Fund - Regular - Growth,-0.003752842266768197,2.637067491656971
2023-12-21,120505,ICICI Pru Midcap Fund - Regular - Growth,-0.0020863553616856656,2.493426180144451
2023-12-22,120505,ICICI Pru Midcap Fund - Regular - Growth,0.010421712624026469,2.872358590099713
2023-12-25,120505,ICICI Pru Midcap Fund - Regular - Growth,-0.0011015187239842295,2.565386798359278
2023-12-26,120505,ICICI Pru Midcap Fund - Regular - Growth,0.010601369768947322,2.415626118958374
2023-12-27,120505,ICICI Pru Midcap Fund - Regular - Growth,0.007715554250694812,2.571408805626154
2023-12-28,120505,ICICI Pru Midcap Fund - Regular - Growth,0.007543619834156301,2.752900527067244
2023-12-29,120505,ICICI Pru Midcap Fund - Regular - Growth,0.017435755753405724,2.8769136656263
2024-01-01,120505,ICICI Pru Midcap Fund - Regular - Growth,-0.01264272885685358,2.538310110293331
2024-01-02,120505,ICICI Pru Midcap Fund - Regular - Growth,-0.004976425302855247,2.4834980974508007
2024-01-03,120505,ICICI Pru Midcap Fund - Regular - Growth,0.02201845570423333,3.0351212650099137
2024-01-04,120505,ICICI Pru Midcap Fund - Regular - Growth,-0.0024024676264160494,2.927415866592174
2024-01-05,120505,ICICI Pru Midcap Fund - Regular - Growth,-0.032480167376770064,2.19538114314361
2024-01-08,120505,ICICI Pru Midcap Fund - Regular - Growth,-0.0017530405090278034,2.0330104098689254
2024-01-09,120505,ICICI Pru Midcap Fund - Regular - Growth,0.002292408002812607,1.9953834391832985
2024-01-10,120505,ICICI Pru Midcap Fund - Regular - Growth,-0.030184409697433967,1.5233068815024435
2024-01-11,120505,ICICI Pru Midcap Fund - Regular - Growth,0.01677963432665841,1.5761817262440794
2024-01-12,120505,ICICI Pru Midcap Fund - Regular - Growth,-0.007837138782175512,1.4384945688978672
2024-01-15,120505,ICICI Pru Midcap Fund - Regular - Growth,0.004618034248721203,1.5756873194172607
2024-01-16,120505,ICICI Pru Midcap Fund - Regular - Growth,-0.0020280569406051496,1.5677492055884932
2024-01-17,120505,ICICI Pru Midcap Fund - Regular - Growth,-0.014637601031066927,1.6570425467915575
2024-01-18,120505,ICICI Pru Midcap Fund - Regular - Growth,-0.012064562014551194,1.4953949909010484
2024-01-19,120505,ICICI Pru Midcap Fund - Regular - Growth,-0.010462452559957591,1.2141296010196891
2024-01-22,120505,ICICI Pru Midcap Fund - Regular - Growth,0.013763038779451175,1.3355470447453641
2024-01-23,120505,ICICI Pru Midcap Fund - Regular - Growth,-0.0010906698871725462,1.0619471413414163
2024-01-24,120505,ICICI Pru Midcap Fund - Regular - Growth,-0.0055563580226553055,1.016432700555356
2024-01-25,120505,ICICI Pru Midcap Fund - Regular - Growth,-0.010456557517356746,0.7698868594667339
2024-01-26,120505,ICICI Pru Midcap Fund - Regular - Growth,0.015104320170749475,0.8362544530062221
2024-01-29,120505,ICICI Pru Midcap Fund - Regular - Growth,0.018365960483069044,0.6956382806614844
2024-01-30,120505,ICICI Pru Midcap Fund - Regular - Growth,0.014965651229068566,0.8712549399312097
2024-01-31,120505,ICICI Pru Midcap Fund - Regular - Growth,0.006590004211698197,1.140873022034368
2024-02-01,120505,ICICI Pru Midcap Fund - Regular - Growth,0.004152023445690878,1.047008287622524
2024-02-02,120505,ICICI Pru Midcap Fund - Regular - Growth,-0.01378285143001634,0.5147774774368348
2024-02-05,120505,ICICI Pru Midcap Fund - Regular - Growth,-0.0022650286066223657,0.528359450801693
2024-02-06,120505,ICICI Pru Midcap Fund - Regular - Growth,-0.007482074734356137,0.2600569891928322
2024-02-07,120505,ICICI Pru Midcap Fund - Regular - Growth,-0.02095232710433681,-0.27484152034042497
2024-02-08,120505,ICICI Pru Midcap Fund - Regular - Growth,0.01341558213596139,-0.2676216821156585
2024-02-09,120505,ICICI Pru Midcap Fund - Regular - Growth,-0.00762449556184408,-0.41011586968520336
2024-02-12,120505,ICICI Pru Midcap Fund - Regular - Growth,0.015101320860283929,-0.07767585382033197
2024-02-13,120505,ICICI Pru Midcap Fund - Regular - Growth,0.011291571143597245,0.0897776538519791
2024-02-14,120505,ICICI Pru Midcap Fund - Regular - Growth,0.00736503146505707,0.10676323106152504
2024-02-15,120505,ICICI Pru Midcap Fund - Regular - Growth,0.008042193201873715,0.055476462696739726
2024-02-16,120505,ICICI Pru Midcap Fund - Regular - Growth,-0.006667567852596035,-0.10839673120487243
2024-02-19,120505,ICICI Pru Midcap Fund - Regular - Growth,0.023175354049667307,0.2765594420376891
2024-02-20,120505,ICICI Pru Midcap Fund - Regular - Growth,0.0011913205115723358,0.18971316885341363
2024-02-21,120505,ICICI Pru Midcap Fund - Regular - Growth,0.004297683019254928,0.09457085126021256
2024-02-22,120505,ICICI Pru Midcap Fund - Regular - Growth,-0.007069147783630325,-0.08051549547178796
2024-02-23,120505,ICICI Pru Midcap Fund - Regular - Growth,-0.010415636133110806,-0.09645058659595353
2024-02-26,120505,ICICI Pru Midcap Fund - Regular - Growth,0.006407623606791368,0.015876750761879863
2024-02-27,120505,ICICI Pru Midcap Fund - Regular - Growth,0.0032834669049772724,-0.10970006228488184
2024-02-28,120505,ICICI Pru Midcap Fund - Regular - Growth,-0.008734762330966483,-0.009634920553716878
2024-02-29,120505,ICICI Pru Midcap Fund - Regular - Growth,-0.016405749963490424,0.10177975361157589
2024-03-01,120505,ICICI Pru Midcap Fund - Regular - Growth,-0.014419640009414314,-0.38453724541201567
2024-03-04,120505,ICICI Pru Midcap Fund - Regular - Growth,0.01510375110892892,-0.26160349159569757
2024-03-05,120505,ICICI Pru Midcap Fund - Regular - Growth,-0.0066430683654512546,-0.4741035079431004
2024-03-06,120505,ICICI Pru Midcap Fund - Regular - Growth,-0.0033760242518944272,-0.348553585285275
2024-03-07,120505,ICICI Pru Midcap Fund - Regular - Growth,0.018196865784836147,-0.22023255152040433
2024-03-08,120505,ICICI Pru Midcap Fund - Regular - Growth,-0.012675161365840681,-0.458713203567189
2024-03-11,120505,ICICI Pru Midcap Fund - Regular - Growth,-0.007994406529544529,-0.31605812866845584
2024-03-12,120505,ICICI Pru Midcap Fund - Regular - Growth,-0.008490482353373463,-0.7064795013135032
2024-03-13,120505,ICICI Pru Midcap Fund - Regular - Growth,0.02024305289104933,-0.44001700907482016
2024-03-14,120505,ICICI Pru Midcap Fund - Regular - Growth,0.024836792192882484,-0.022057427974554407
2024-03-15,120505,ICICI Pru Midcap Fund - Regular - Growth,0.009716791385955714,0.1689993652056752
2024-03-18,120505,ICICI Pru Midcap Fund - Regular - Growth,0.010101593881887583,0.6483979483724756
2024-03-19,120505,ICICI Pru Midcap Fund - Regular - Growth,-0.006252024949128243,0.44720974551193415
2024-03-20,120505,ICICI Pru Midcap Fund - Regular - Growth,0.024271765783853594,0.7254997625944072
2024-03-21,120505,ICICI Pru Midcap Fund - Regular - Growth,0.003886210487836994,0.8030342169047855
2024-03-22,120505,ICICI Pru Midcap Fund - Regular - Growth,0.010944658707685129,0.7340802300731274
2024-03-25,120505,ICICI Pru Midcap Fund - Regular - Growth,-0.0005882015135568741,0.9574040342696382
2024-03-26,120505,ICICI Pru Midcap Fund - Regular - Growth,-0.002530313096495429,1.0147265211887877
2024-03-27,120505,ICICI Pru Midcap Fund - Regular - Growth,0.020792542921965973,1.4312890235749298
2024-03-28,120505,ICICI Pru Midcap Fund - Regular - Growth,0.007159994590434149,1.5687251660189123
2024-03-29,120505,ICICI Pru Midcap Fund - Regular - Growth,0.018210048150995917,1.7864936173717811
2024-04-01,120505,ICICI Pru Midcap Fund - Regular - Growth,0.0037374705354271676,1.758030819150605
2024-04-02,120505,ICICI Pru Midcap Fund - Regular - Growth,-0.009434754921186728,1.669246457527931
2024-04-03,120505,ICICI Pru Midcap Fund - Regular - Growth,-0.0062873019948543885,1.7218169463434807
2024-04-04,120505,ICICI Pru Midcap Fund - Regular - Growth,0.0019088686591581805,1.4747943661806324
2024-04-05,120505,ICICI Pru Midcap Fund - Regular - Growth,-0.006800874985608774,0.982379643723528
2024-04-08,120505,ICICI Pru Midcap Fund - Regular - Growth,-0.012501593872904171,0.7603670869940181
2024-04-09,120505,ICICI Pru Midcap Fund - Regular - Growth,0.015168223534257175,1.095618168322909
2024-04-10,120505,ICICI Pru Midcap Fund - Regular - Growth,-0.0058298153792685214,0.7527413653419841
2024-04-11,120505,ICICI Pru Midcap Fund - Regular - Growth,0.002331178170468906,1.0386895142987387
2024-04-12,120505,ICICI Pru Midcap Fund - Regular - Growth,0.004227804111300637,1.1501912305168025
2024-04-15,120505,ICICI Pru Midcap Fund - Regular - Growth,-0.006344720573791318,1.1700196252690205
2024-04-16,120505,ICICI Pru Midcap Fund - Regular - Growth,0.01820279843189998,1.6257850033575911
2024-04-17,120505,ICICI Pru Midcap Fund - Regular - Growth,-0.012615910431016952,1.469745386400125
2024-04-18,120505,ICICI Pru Midcap Fund - Regular - Growth,0.003813104348783014,1.6728330065255823
2024-04-19,120505,ICICI Pru Midcap Fund - Regular - Growth,0.0036267633803568344,1.7135088615061866
2024-04-22,120505,ICICI Pru Midcap Fund - Regular - Growth,2.5258862334176513e-05,1.6991289562827463
2024-04-23,120505,ICICI Pru Midcap Fund - Regular - Growth,-0.014738337916990307,1.5703491717148625
2024-04-24,120505,ICICI Pru Midcap Fund - Regular - Growth,0.011159342411826811,1.7822550455850001
2024-04-25,120505,ICICI Pru Midcap Fund - Regular - Growth,0.009619373744690796,1.9479394875769573
2024-04-26,120505,ICICI Pru Midcap Fund - Regular - Growth,-0.007383781509727627,1.6905858072265227
2024-04-29,120505,ICICI Pru Midcap Fund - Regular - Growth,0.009184295032911072,1.8356057875837688
2024-04-30,120505,ICICI Pru Midcap Fund - Regular - Growth,0.005175431399895958,1.7619386892335327
2024-05-01,120505,ICICI Pru Midcap Fund - Regular - Growth,-0.014546278977498162,1.42844886866957
2024-05-02,120505,ICICI Pru Midcap Fund - Regular - Growth,-0.009500386674217265,1.1805821207317904
2024-05-03,120505,ICICI Pru Midcap Fund - Regular - Growth,0.014401200913028323,1.1409557791721372
2024-05-06,120505,ICICI Pru Midcap Fund - Regular - Growth,0.004387479932014049,1.3949437141837684
2024-05-07,120505,ICICI Pru Midcap Fund - Regular - Growth,-0.006060860681298075,1.3785022676419094
2024-05-08,120505,ICICI Pru Midcap Fund - Regular - Growth,-0.009554341525686794,0.9337359837782401
2024-05-09,120505,ICICI Pru Midcap Fund - Regular - Growth,-0.00547911307311999,0.8876664017421956
2024-05-10,120505,ICICI Pru Midcap Fund - Regular - Growth,-0.004634770257369025,1.353059693995579
2024-05-13,120505,ICICI Pru Midcap Fund - Regular - Growth,-0.009405943406599171,1.2308564345400903
2024-05-14,120505,ICICI Pru Midcap Fund - Regular - Growth,-0.01997023054459479,0.8762767986718475
2024-05-15,120505,ICICI Pru Midcap Fund - Regular - Growth,0.014422438086032052,1.5950144885561903
2024-05-16,120505,ICICI Pru Midcap Fund - Regular - Growth,0.012367594289968808,1.5346885262273615
2024-05-17,120505,ICICI Pru Midcap Fund - Regular - Growth,-0.014459354685597225,1.4217940169707888
2024-05-20,120505,ICICI Pru Midcap Fund - Regular - Growth,0.0023090870688062815,1.3868403789928792
2024-05-21,120505,ICICI Pru Midcap Fund - Regular - Growth,-0.010073256344268144,1.2565547905113805
2024-05-22,120505,ICICI Pru Midcap Fund - Regular - Growth,-0.0024530144551657695,1.4582554463002892
2024-05-23,120505,ICICI Pru Midcap Fund - Regular - Growth,-0.0034459640331798713,1.602665931752471
2024-05-24,120505,ICICI Pru Midcap Fund - Regular - Growth,-0.004436141119286807,1.704636203207385
2024-05-27,120505,ICICI Pru Midcap Fund - Regular - Growth,0.02495377839537416,1.8472958383507123
2024-05-28,120505,ICICI Pru Midcap Fund - Regular - Growth,-0.0045849857935728044,1.7911877840204333
2024-05-29,120505,ICICI Pru Midcap Fund - Regular - Growth,-0.00895895515294387,1.7344808003455459
2024-05-30,120505,ICICI Pru Midcap Fund - Regular - Growth,-0.008417184319620019,1.7691033578668922
2024-05-31,120505,ICICI Pru Midcap Fund - Regular - Growth,0.01325459616802327,1.7442026601826013
2024-06-03,120505,ICICI Pru Midcap Fund - Regular - Growth,-0.01891811356186801,1.1642741943118415
2024-06-04,120505,ICICI Pru Midcap Fund - Regular - Growth,-0.008417507247424516,0.809319151448193
2024-06-05,120505,ICICI Pru Midcap Fund - Regular - Growth,0.018154437307419613,0.9764984154502222
2024-06-06,120505,ICICI Pru Midcap Fund - Regular - Growth,0.0036011872696550817,0.9682353741194202
2024-06-07,120505,ICICI Pru Midcap Fund - Regular - Growth,0.0029760445051900675,1.2348378135241793
2024-06-10,120505,ICICI Pru Midcap Fund - Regular - Growth,0.026540099278731466,1.6342465848597414
2024-06-11,120505,ICICI Pru Midcap Fund - Regular - Growth,0.003629697561846612,1.8060523191345252
2024-06-12,120505,ICICI Pru Midcap Fund - Regular - Growth,-0.007771178893779429,2.039139937857698
2024-06-13,120505,ICICI Pru Midcap Fund - Regular - Growth,-0.002697878427208922,1.8024129492688872
2024-06-14,120505,ICICI Pru Midcap Fund - Regular - Growth,-0.012832231081456813,1.7135686807571886
2024-06-17,120505,ICICI Pru Midcap Fund - Regular - Growth,0.01583078043834596,1.7232204104356184
2024-06-18,120505,ICICI Pru Midcap Fund - Regular - Growth,0.007580138845451945,1.6707766249510474
2024-06-19,120505,ICICI Pru Midcap Fund - Regular - Growth,0.014232897799268729,1.7662476686546862
2024-06-20,120505,ICICI Pru Midcap Fund - Regular - Growth,0.015308699194256592,1.8652836429408957
2024-06-21,120505,ICICI Pru Midcap Fund - Regular - Growth,-0.004274069121414037,1.904131722038135
2024-06-24,120505,ICICI Pru Midcap Fund - Regular - Growth,-0.010576604297465986,1.4124616673459074
2024-06-25,120505,ICICI Pru Midcap Fund - Regular - Growth,5.56276169523251e-05,1.394929799341298
2024-06-26,120505,ICICI Pru Midcap Fund - Regular - Growth,-0.009723820972801,1.1740206117876097
2024-06-27,120505,ICICI Pru Midcap Fund - Regular - Growth,0.002652579491476459,1.326398092603233
2024-06-28,120505,ICICI Pru Midcap Fund - Regular - Growth,0.01432617260874558,1.703418592796158
2024-07-01,120505,ICICI Pru Midcap Fund - Regular - Growth,-0.0013369118603087093,1.5860590684693388
2024-07-02,120505,ICICI Pru Midcap Fund - Regular - Growth,0.0024727753967792587,1.5738044029158151
2024-07-03,120505,ICICI Pru Midcap Fund - Regular - Growth,-0.00044848652025408775,1.7079739985709248
2024-07-04,120505,ICICI Pru Midcap Fund - Regular - Growth,0.010335402210257971,2.1419522714744392
2024-07-05,120505,ICICI Pru Midcap Fund - Regular - Growth,-0.007291302141727685,2.2706323470239584
2024-07-08,120505,ICICI Pru Midcap Fund - Regular - Growth,-0.025289092419908066,1.5999010851749609
2024-07-09,120505,ICICI Pru Midcap Fund - Regular - Growth,0.006330217431228746,1.8016844625293604
2024-07-10,120505,ICICI Pru Midcap Fund - Regular - Growth,0.012576505507604585,2.0379154143323475
2024-07-11,120505,ICICI Pru Midcap Fund - Regular - Growth,0.006035297265604145,1.8725843185185385
2024-07-12,120505,ICICI Pru Midcap Fund - Regular - Growth,-0.006963843798158509,1.971861328579867
2024-07-15,120505,ICICI Pru Midcap Fund - Regular - Growth,-0.012827434790338987,1.8873049506372304
2024-07-16,120505,ICICI Pru Midcap Fund - Regular - Growth,0.006615036095684479,2.1277349505893506
2024-07-17,120505,ICICI Pru Midcap Fund - Regular - Growth,0.0023709767754585,1.8793689084402305
2024-07-18,120505,ICICI Pru Midcap Fund - Regular - Growth,-0.0008309249501511351,1.5127864610705741
2024-07-19,120505,ICICI Pru Midcap Fund - Regular - Growth,0.022742418347080573,1.6923211833638563
2024-07-22,120505,ICICI Pru Midcap Fund - Regular - Growth,-0.010601054400434462,1.3600379284565323
2024-07-23,120505,ICICI Pru Midcap Fund - Regular - Growth,0.022161710222025288,1.779220985924596
2024-07-24,120505,ICICI Pru Midcap Fund - Regular - Growth,0.0010556492924518324,1.4520655972499692
2024-07-25,120505,ICICI Pru Midcap Fund - Regular - Growth,-0.02106982700353144,1.031759408992193
2024-07-26,120505,ICICI Pru Midcap Fund - Regular - Growth,-0.0014691895461488302,0.8416334575899099
2024-07-29,120505,ICICI Pru Midcap Fund - Regular - Growth,0.012232975497775467,1.0367032050414056
2024-07-30,120505,ICICI Pru Midcap Fund - Regular - Growth,-0.0036881572939735374,1.0182465615587744
2024-07-31,120505,ICICI Pru Midcap Fund - Regular - Growth,-0.016833328944385162,0.43372801819688955
2024-08-01,120505,ICICI Pru Midcap Fund - Regular - Growth,-0.0012938250151479647,0.3018893678430082
2024-08-02,120505,ICICI Pru Midcap Fund - Regular - Growth,-0.00953882644143711,-0.1351533907687649
2024-08-05,120505,ICICI Pru Midcap Fund - Regular - Growth,0.006582486306849988,-0.08989072627768482
2024-08-06,120505,ICICI Pru Midcap Fund - Regular - Growth,0.009981061407557723,0.21766956257154574
2024-08-07,120505,ICICI Pru Midcap Fund - Regular - Growth,-0.011896587453527396,0.12822592685776069
2024-08-08,120505,ICICI Pru Midcap Fund - Regular - Growth,-0.007743077744379545,-0.023877918836966435
2024-08-09,120505,ICICI Pru Midcap Fund - Regular - Growth,0.00977831166761689,0.2363358593713233
2024-08-12,120505,ICICI Pru Midcap Fund - Regular - Growth,-0.009558623545086298,0.28335039092821757
2024-08-13,120505,ICICI Pru Midcap Fund - Regular - Growth,-0.01220279717963313,-0.1479480567672259
2024-08-14,120505,ICICI Pru Midcap Fund - Regular - Growth,-0.013343129696628986,-0.26492612633514073
2024-08-15,120505,ICICI Pru Midcap Fund - Regular - Growth,0.0049002997346605515,-0.22441189987480314
2024-08-16,120505,ICICI Pru Midcap Fund - Regular - Growth,0.0043842990482252375,-0.22194421195867944
2024-08-19,120505,ICICI Pru Midcap Fund - Regular - Growth,-0.007484383681578666,-0.23964993888982408
2024-08-20,120505,ICICI Pru Midcap Fund - Regular - Growth,0.0007355575580576534,-0.5212615772357166
2024-08-21,120505,ICICI Pru Midcap Fund - Regular - Growth,0.01913349371709705,-0.015951147256989012
2024-08-22,120505,ICICI Pru Midcap Fund - Regular - Growth,-0.010923717277417255,-0.24698467297719956
2024-08-23,120505,ICICI Pru Midcap Fund - Regular - Growth,-0.022430109602780357,-0.6422536335429402
2024-08-26,120505,ICICI Pru Midcap Fund - Regular - Growth,0.0061400267400471,-0.5473134466841254
2024-08-27,120505,ICICI Pru Midcap Fund - Regular - Growth,-0.0006466398663906858,-0.33418552054159495
2024-08-28,120505,ICICI Pru Midcap Fund - Regular - Growth,-0.007793100120891294,-0.6295081519763152
2024-08-29,120505,ICICI Pru Midcap Fund - Regular - Growth,0.008515416518087182,-0.6472378513538065
2024-08-30,120505,ICICI Pru Midcap Fund - Regular - Growth,0.010777007318489185,-0.36387811488237076
2024-09-02,120505,ICICI Pru Midcap Fund - Regular - Growth,-0.025427197899786647,-0.8799118238031891
2024-09-03,120505,ICICI Pru Midcap Fund - Regular - Growth,-0.007111044769901986,-1.0656905483728714
2024-09-04,120505,ICICI Pru Midcap Fund - Regular - Growth,0.02882025840443747,-0.39832952483465767
2024-09-05,120505,ICICI Pru Midcap Fund - Regular - Growth,0.007686875696219619,-0.14515566870113863
2024-09-06,120505,ICICI Pru Midcap Fund - Regular - Growth,0.008805185853158815,-0.2288950529702903
2024-09-09,120505,ICICI Pru Midcap Fund - Regular - Growth,0.014821448628873135,-0.07357874380957347
2024-09-10,120505,ICICI Pru Midcap Fund - Regular - Growth,0.0008795205130864847,0.02856171166105476
2024-09-11,120505,ICICI Pru Midcap Fund - Regular - Growth,0.010262258447249817,0.3203826786758039
2024-09-12,120505,ICICI Pru Midcap Fund - Regular - Growth,0.009311974605127116,0.537214648061578
2024-09-13,120505,ICICI Pru Midcap Fund - Regular - Growth,0.007151940816866764,0.7099595185707082
2024-09-16,120505,ICICI Pru Midcap Fund - Regular - Growth,-0.0031746560789246425,0.8041739546905599
2024-09-17,120505,ICICI Pru Midcap Fund - Regular - Growth,0.002737883355109494,1.1583001730444173
2024-09-18,120505,ICICI Pru Midcap Fund - Regular - Growth,-0.006347332498008895,0.8517079305029877
2024-09-19,120505,ICICI Pru Midcap Fund - Regular - Growth,0.0008282913610857534,0.6816739331493579
2024-09-20,120505,ICICI Pru Midcap Fund - Regular - Growth,-0.0132226720804407,0.7014566902587064
2024-09-23,120505,ICICI Pru Midcap Fund - Regular - Growth,-0.008749618143532256,0.5317578158327873
2024-09-24,120505,ICICI Pru Midcap Fund - Regular - Growth,-0.002700791878507136,0.6460082993828962
2024-09-25,120505,ICICI Pru Midcap Fund - Regular - Growth,-0.01056438923354397,0.5203189404391492
2024-09-26,120505,ICICI Pru Midcap Fund - Regular - Growth,-0.005355461983334697,0.4910693490057885
2024-09-27,120505,ICICI Pru Midcap Fund - Regular - Growth,-0.0012865491969897835,0.539123248113296
2024-09-30,120505,ICICI Pru Midcap Fund - Regular - Growth,0.0055042163460665705,0.25103543994574995
2024-10-01,120505,ICICI Pru Midcap Fund - Regular - Growth,0.012108935945939425,0.5072762705663741
2024-10-02,120505,ICICI Pru Midcap Fund - Regular - Growth,-0.004864396923158432,0.5719047786083454
2024-10-03,120505,ICICI Pru Midcap Fund - Regular - Growth,0.01679384598629774,0.9542542706982297
2024-10-04,120505,ICICI Pru Midcap Fund - Regular - Growth,0.011979739656347466,0.9359048463056808
2024-10-07,120505,ICICI Pru Midcap Fund - Regular - Growth,0.006730508292452031,1.3505251150134108
2024-10-08,120505,ICICI Pru Midcap Fund - Regular - Growth,0.0025167626585758107,1.5269530273974505
2024-10-09,120505,ICICI Pru Midcap Fund - Regular - Growth,0.004504220788666968,1.3298799203271896
2024-10-10,120505,ICICI Pru Midcap Fund - Regular - Growth,0.01499385229139416,1.4977537899901734
2024-10-11,120505,ICICI Pru Midcap Fund - Regular - Growth,0.015437157741674312,1.6786855631955842
2024-10-14,120505,ICICI Pru Midcap Fund - Regular - Growth,0.01679195912983844,1.5542756073600752
2024-10-15,120505,ICICI Pru Midcap Fund - Regular - Growth,0.0011699202923465268,1.515695424269758
2024-10-16,120505,ICICI Pru Midcap Fund - Regular - Growth,0.007343804605288717,1.7588864538687732
2024-10-17,120505,ICICI Pru Midcap Fund - Regular - Growth,0.016896384741034165,2.0494443782028453
2024-10-18,120505,ICICI Pru Midcap Fund - Regular - Growth,-0.006767558129273099,2.1581539100867144
2024-10-21,120505,ICICI Pru Midcap Fund - Regular - Growth,-0.003131628584019608,1.8738112622133853
2024-10-22,120505,ICICI Pru Midcap Fund - Regular - Growth,0.0008670961968304525,1.7698216522711885
2024-10-23,120505,ICICI Pru Midcap Fund - Regular - Growth,0.011507535916410072,1.7313027062204465
2024-10-24,120505,ICICI Pru Midcap Fund - Regular - Growth,0.011695992819556134,1.6802932818634981
2024-10-25,120505,ICICI Pru Midcap Fund - Regular - Growth,-0.00208653529135705,1.7170833220286341
2024-10-28,120505,ICICI Pru Midcap Fund - Regular - Growth,-0.017231399347768628,1.5947921652708201
2024-10-29,120505,ICICI Pru Midcap Fund - Regular - Growth,0.0036277185928990097,1.6514918136146832
2024-10-30,120505,ICICI Pru Midcap Fund - Regular - Growth,-0.010263783447639008,1.6419540803080412
2024-10-31,120505,ICICI Pru Midcap Fund - Regular - Growth,-0.017011911035649252,1.3086109756501767
2024-11-01,120505,ICICI Pru Midcap Fund - Regular - Growth,-0.014348544195016522,0.8556671811753721
2024-11-04,120505,ICICI Pru Midcap Fund - Regular - Growth,0.0045917557548551535,0.9482839979741122
2024-11-05,120505,ICICI Pru Midcap Fund - Regular - Growth,0.017109350409524327,1.1644087489291894
2024-11-06,120505,ICICI Pru Midcap Fund - Regular - Growth,0.00114065413047304,1.1891468130843565
2024-11-07,120505,ICICI Pru Midcap Fund - Regular - Growth,0.0032096708726299106,1.0825849190651167
2024-11-08,120505,ICICI Pru Midcap Fund - Regular - Growth,0.014943304983312533,1.4207873707011545
2024-11-11,120505,ICICI Pru Midcap Fund - Regular - Growth,-0.01765309593085873,1.5625012498936013
2024-11-12,120505,ICICI Pru Midcap Fund - Regular - Growth,0.006924388124972092,1.5713829247917972
2024-11-13,120505,ICICI Pru Midcap Fund - Regular - Growth,0.0005360511678109692,1.3903935012860849
2024-11-14,120505,ICICI Pru Midcap Fund - Regular - Growth,0.007477284057855194,1.4121328579269055
2024-11-15,120505,ICICI Pru Midcap Fund - Regular - Growth,-0.0050989050537105784,1.4433064270725773
2024-11-18,120505,ICICI Pru Midcap Fund - Regular - Growth,-0.00907384605065198,1.5088288604160356
2024-11-19,120505,ICICI Pru Midcap Fund - Regular - Growth,0.0023591904474391523,1.4431676407430714
2024-11-20,120505,ICICI Pru Midcap Fund - Regular - Growth,0.020623196973885705,1.7041928390626813
2024-11-21,120505,ICICI Pru Midcap Fund - Regular - Growth,0.011039168192827908,1.8822575917777897
2024-11-22,120505,ICICI Pru Midcap Fund - Regular - Growth,-0.005387154037721498,1.4715972306464715
2024-11-25,120505,ICICI Pru Midcap Fund - Regular - Growth,-0.015257908083609939,1.3895201471394678
2024-11-26,120505,ICICI Pru Midcap Fund - Regular - Growth,-0.01926983435698104,0.7377987880914807
2024-11-27,120505,ICICI Pru Midcap Fund - Regular - Growth,0.01656249334659443,0.971968382329784
2024-11-28,120505,ICICI Pru Midcap Fund - Regular - Growth,-0.010698799967925776,1.1518440965734171
2024-11-29,120505,ICICI Pru Midcap Fund - Regular - Growth,-0.0032164055737722297,1.1235324721109412
2024-12-02,120505,ICICI Pru Midcap Fund - Regular - Growth,0.016624841353568343,1.1868092345158825
2024-12-03,120505,ICICI Pru Midcap Fund - Regular - Growth,-0.018469285307540884,0.9387632269199707
2024-12-04,120505,ICICI Pru Midcap Fund - Regular - Growth,0.018707962879626283,1.4909732029558902
2024-12-05,120505,ICICI Pru Midcap Fund - Regular - Growth,-0.0023583061267008487,1.4740331676556186
2024-12-06,120505,ICICI Pru Midcap Fund - Regular - Growth,-0.0129874326267021,1.4152223725867257
2024-12-09,120505,ICICI Pru Midcap Fund - Regular - Growth,-0.0022834358297848523,1.2791267512614841
2024-12-10,120505,ICICI Pru Midcap Fund - Regular - Growth,-0.007942413099664702,1.001706819519926
2024-12-11,120505,ICICI Pru Midcap Fund - Regular - Growth,0.005968515613108849,1.2861847558222264
2024-12-12,120505,ICICI Pru Midcap Fund - Regular - Growth,-0.007057681008527106,1.2975213858955024
2024-12-13,120505,ICICI Pru Midcap Fund - Regular - Growth,-0.021960953603545774,0.7875088778829991
2024-12-16,120505,ICICI Pru Midcap Fund - Regular - Growth,-0.00196333580879382,0.9075243033519175
2024-12-17,120505,ICICI Pru Midcap Fund - Regular - Growth,-0.015441389872714817,0.8543269866566806
2024-12-18,120505,ICICI Pru Midcap Fund - Regular - Growth,0.0031251644970338166,1.1155913179375887
2024-12-19,120505,ICICI Pru Midcap Fund - Regular - Growth,-0.013442837647578143,0.82594324695224
2024-12-20,120505,ICICI Pru Midcap Fund - Regular - Growth,-0.005152990797793189,0.6793345339152308
2024-12-23,120505,ICICI Pru Midcap Fund - Regular - Growth,0.0028638114744934384,0.8398420353722686
2024-12-24,120505,ICICI Pru Midcap Fund - Regular - Growth,-0.0018662750590883181,0.7997103003770384
2024-12-25,120505,ICICI Pru Midcap Fund - Regular - Growth,0.0036786711205216704,0.5708511003875536
2024-12-26,120505,ICICI Pru Midcap Fund - Regular - Growth,0.008855602748310432,0.8811141952443257
2024-12-27,120505,ICICI Pru Midcap Fund - Regular - Growth,-0.013097909833183041,1.042686549749257
2024-12-30,120505,ICICI Pru Midcap Fund - Regular - Growth,-9.620960087608488e-05,0.9450848405354518
2024-12-31,120505,ICICI Pru Midcap Fund - Regular - Growth,-0.0384182138086695,0.32406691878213584
2025-01-01,120505,ICICI Pru Midcap Fund - Regular - Growth,0.003641353621324228,0.495315712127868
2025-01-02,120505,ICICI Pru Midcap Fund - Regular - Growth,-0.0029215138967451093,0.32548407920779143
2025-01-03,120505,ICICI Pru Midcap Fund - Regular - Growth,-0.01103482825583979,-0.0005784249416677449
2025-01-06,120505,ICICI Pru Midcap Fund - Regular - Growth,0.004463386004760483,0.45796414520861284
2025-01-07,120505,ICICI Pru Midcap Fund - Regular - Growth,0.01481918560059814,0.7894124646549907
2025-01-08,120505,ICICI Pru Midcap Fund - Regular - Growth,-0.005010199406069948,0.28308573236264284
2025-01-09,120505,ICICI Pru Midcap Fund - Regular - Growth,-0.010577352322197586,-0.004916784420994167
2025-01-10,120505,ICICI Pru Midcap Fund - Regular - Growth,0.0026531857735507813,-0.10200906132207731
2025-01-13,120505,ICICI Pru Midcap Fund - Regular - Growth,-0.01519455622855348,-0.5757329873651715
2025-01-14,120505,ICICI Pru Midcap Fund - Regular - Growth,-0.007203105519002384,-0.7019097756986343
2025-01-15,120505,ICICI Pru Midcap Fund - Regular - Growth,0.015422931540497009,-0.616840206890428
2025-01-16,120505,ICICI Pru Midcap Fund - Regular - Growth,0.0014197637521295992,-0.7434344004197402
2025-01-17,120505,ICICI Pru Midcap Fund - Regular - Growth,-0.02158411710635888,-1.1756147191702646
2025-01-20,120505,ICICI Pru Midcap Fund - Regular - Growth,-0.020617850299457507,-1.4220549177997548
2025-01-21,120505,ICICI Pru Midcap Fund - Regular - Growth,0.002618124581817316,-1.423929840262589
2025-01-22,120505,ICICI Pru Midcap Fund - Regular - Growth,0.011057238637426359,-1.1536151944417268
2025-01-23,120505,ICICI Pru Midcap Fund - Regular - Growth,-0.018513185516531916,-1.4285389566156466
2025-01-24,120505,ICICI Pru Midcap Fund - Regular - Growth,0.006075671577486341,-1.1446391046105906
2025-01-27,120505,ICICI Pru Midcap Fund - Regular - Growth,0.01673572177190752,-0.754650845160963
2025-01-28,120505,ICICI Pru Midcap Fund - Regular - Growth,0.023543004621571217,-0.3563766838900259
2025-01-29,120505,ICICI Pru Midcap Fund - Regular - Growth,0.004649594515674149,-0.13554008431754616
2025-01-30,120505,ICICI Pru Midcap Fund - Regular - Growth,0.006763275515754952,0.04125769784666443
2025-01-31,120505,ICICI Pru Midcap Fund - Regular - Growth,-0.02455062430752819,-0.29135991538219286
2025-02-03,120505,ICICI Pru Midcap Fund - Regular - Growth,0.026141956921681864,0.0028297360180279496
2025-02-04,120505,ICICI Pru Midcap Fund - Regular - Growth,-0.006193880272526764,-0.2530472408579544
2025-02-05,120505,ICICI Pru Midcap Fund - Regular - Growth,-0.01044304408686636,-0.3300779090190502
2025-02-06,120505,ICICI Pru Midcap Fund - Regular - Growth,-0.002377126984192235,-0.6035086104345002
2025-02-07,120505,ICICI Pru Midcap Fund - Regular - Growth,0.01894459718746888,-0.501449644495054
2025-02-10,120505,ICICI Pru Midcap Fund - Regular - Growth,0.027473040167649065,-0.2064084574083863
2025-02-11,120505,ICICI Pru Midcap Fund - Regular - Growth,0.0021779335302425373,-0.21103934080683587
2025-02-12,120505,ICICI Pru Midcap Fund - Regular - Growth,0.012700611296454944,-0.09882912424718755
2025-02-13,120505,ICICI Pru Midcap Fund - Regular - Growth,0.0011923355854510653,-0.28827098598823075
2025-02-14,120505,ICICI Pru Midcap Fund - Regular - Growth,-0.011677813284049043,-0.6617171965610096
2025-02-17,120505,ICICI Pru Midcap Fund - Regular - Growth,0.018519129131472134,-0.6366466481317896
2025-02-18,120505,ICICI Pru Midcap Fund - Regular - Growth,-0.006748767320259974,-0.7442357346703128
2025-02-19,120505,ICICI Pru Midcap Fund - Regular - Growth,0.019235671914118235,-0.5751625170924038
2025-02-20,120505,ICICI Pru Midcap Fund - Regular - Growth,0.016348882544569676,-0.5829329723690636
2025-02-21,120505,ICICI Pru Midcap Fund - Regular - Growth,0.0080563436268406,-0.38180553448198146
2025-02-24,120505,ICICI Pru Midcap Fund - Regular - Growth,0.022821935808457372,-0.03019967088166657
2025-02-25,120505,ICICI Pru Midcap Fund - Regular - Growth,0.027771776947162152,0.3199481533475506
2025-02-26,120505,ICICI Pru Midcap Fund - Regular - Growth,-0.001421665524081961,0.1526072961938418
2025-02-27,120505,ICICI Pru Midcap Fund - Regular - Growth,-0.008965475823184521,-0.11697256216715947
2025-02-28,120505,ICICI Pru Midcap Fund - Regular - Growth,-0.021406245451310202,-0.36432134667039207
2025-03-03,120505,ICICI Pru Midcap Fund - Regular - Growth,0.027923745702036706,0.21435898370518505
2025-03-04,120505,ICICI Pru Midcap Fund - Regular - Growth,-0.004577291554572316,0.11012490609633784
2025-03-05,120505,ICICI Pru Midcap Fund - Regular - Growth,0.014361949245012218,0.42167725427907915
2025-03-06,120505,ICICI Pru Midcap Fund - Regular - Growth,-0.008163914701510011,0.5373134360482197
2025-03-07,120505,ICICI Pru Midcap Fund - Regular - Growth,0.019269131203890844,0.9624608807853763
2025-03-10,120505,ICICI Pru Midcap Fund - Regular - Growth,-0.007675403702917194,0.8052969983616343
2025-03-11,120505,ICICI Pru Midcap Fund - Regular - Growth,-0.013497002269616365,0.418086729389524
2025-03-12,120505,ICICI Pru Midcap Fund - Regular - Growth,-0.0018192569948747295,0.38041823809313274
2025-03-13,120505,ICICI Pru Midcap Fund - Regular - Growth,-0.005674075087272357,0.26730100116658223
2025-03-14,120505,ICICI Pru Midcap Fund - Regular - Growth,0.007842242825470302,0.17794743521923642
2025-03-17,120505,ICICI Pru Midcap Fund - Regular - Growth,5.938284385331727e-05,0.4077970383641443
2025-03-18,120505,ICICI Pru Midcap Fund - Regular - Growth,0.008221229021892595,0.4242634517639331
2025-03-19,120505,ICICI Pru Midcap Fund - Regular - Growth,-0.002804697311276305,0.3811435684779233
2025-03-20,120505,ICICI Pru Midcap Fund - Regular - Growth,-0.007259480135892615,0.1914634182867058
2025-03-21,120505,ICICI Pru Midcap Fund - Regular - Growth,-0.00629023894146874,0.17605984724322324
2025-03-24,120505,ICICI Pru Midcap Fund - Regular - Growth,0.02546915452700893,0.6105579129094033
2025-03-25,120505,ICICI Pru Midcap Fund - Regular - Growth,0.0033754266846055536,0.6233373215333544
2025-03-26,120505,ICICI Pru Midcap Fund - Regular - Growth,-0.022804821034927425,0.07339426321695058
2025-03-27,120505,ICICI Pru Midcap Fund - Regular - Growth,-0.005536387327304659,-0.13603723487893346
2025-03-28,120505,ICICI Pru Midcap Fund - Regular - Growth,0.0018358773873408119,-0.044721195441449244
2025-03-31,120505,ICICI Pru Midcap Fund - Regular - Growth,0.02302282300979952,0.4361799055591293
2025-04-01,120505,ICICI Pru Midcap Fund - Regular - Growth,0.013071671263773066,0.8479018512716497
2025-04-02,120505,ICICI Pru Midcap Fund - Regular - Growth,-0.010303700082397338,0.5103598997376788
2025-04-03,120505,ICICI Pru Midcap Fund - Regular - Growth,0.030062644399544203,1.0062991177547687
2025-04-04,120505,ICICI Pru Midcap Fund - Regular - Growth,0.00030168841384203837,1.0505046433613028
2025-04-07,120505,ICICI Pru Midcap Fund - Regular - Growth,0.015713732276579462,1.0399840622085834
2025-04-08,120505,ICICI Pru Midcap Fund - Regular - Growth,-0.013063325079080257,1.1128809020232089
2025-04-09,120505,ICICI Pru Midcap Fund - Regular - Growth,-0.027639711284954793,0.5262053508959296
2025-04-10,120505,ICICI Pru Midcap Fund - Regular - Growth,-0.016052288638131573,0.3546934884232216
2025-04-11,120505,ICICI Pru Midcap Fund - Regular - Growth,-0.03750689351716041,0.05258736405130687
2025-04-14,120505,ICICI Pru Midcap Fund - Regular - Growth,0.026293613284898987,0.3848565257237668
2025-04-15,120505,ICICI Pru Midcap Fund - Regular - Growth,0.0032475978585333465,0.5160954695858291
2025-04-16,120505,ICICI Pru Midcap Fund - Regular - Growth,-0.010338484963656636,0.32502653694191125
2025-04-17,120505,ICICI Pru Midcap Fund - Regular - Growth,0.006110507770334728,0.4787204974431727
2025-04-18,120505,ICICI Pru Midcap Fund - Regular - Growth,0.0029451363927832652,0.7787522530697119
2025-04-21,120505,ICICI Pru Midcap Fund - Regular - Growth,0.008139587960962036,0.8969658365083605
2025-04-22,120505,ICICI Pru Midcap Fund - Regular - Growth,0.015266585303680857,1.2611868322395
2025-04-23,120505,ICICI Pru Midcap Fund - Regular - Growth,-0.0027916588477051585,1.1909530524461207
2025-04-24,120505,ICICI Pru Midcap Fund - Regular - Growth,-0.00980745194429844,1.236771348636227
2025-04-25,120505,ICICI Pru Midcap Fund - Regular - Growth,0.010638372751875957,1.4219693274042053
2025-04-28,120505,ICICI Pru Midcap Fund - Regular - Growth,0.010330510161619122,1.5072724815214207
2025-04-29,120505,ICICI Pru Midcap Fund - Regular - Growth,0.0018821779035818054,1.5519153606953675
2025-04-30,120505,ICICI Pru Midcap Fund - Regular - Growth,0.027097969759397156,1.7992813453120629
2025-05-01,120505,ICICI Pru Midcap Fund - Regular - Growth,-0.00455524914309946,1.6440701292884132
2025-05-02,120505,ICICI Pru Midcap Fund - Regular - Growth,-0.010044975829697544,1.6828373089997326
2025-05-05,120505,ICICI Pru Midcap Fund - Regular - Growth,0.005694885988982934,1.7496730846726265
2025-05-06,120505,ICICI Pru Midcap Fund - Regular - Growth,-0.007376130851829088,2.194948036620396
2025-05-07,120505,ICICI Pru Midcap Fund - Regular - Growth,0.006627129550920152,2.229984080765599
2025-05-08,120505,ICICI Pru Midcap Fund - Regular - Growth,-0.009252471032121568,2.1476067004743142
2025-05-09,120505,ICICI Pru Midcap Fund - Regular - Growth,-0.004107274487529455,2.2389903742214403
2025-05-12,120505,ICICI Pru Midcap Fund - Regular - Growth,0.02357946446068704,2.44125675218255
2025-05-13,120505,ICICI Pru Midcap Fund - Regular - Growth,-0.004171263494299748,2.2210104252705682
2025-05-14,120505,ICICI Pru Midcap Fund - Regular - Growth,-0.008847184009824649,2.1710935451888465
2025-05-15,120505,ICICI Pru Midcap Fund - Regular - Growth,0.014794548281627407,2.4751246720787803
2025-05-16,120505,ICICI Pru Midcap Fund - Regular - Growth,-0.011834561891612916,2.289923994290285
2025-05-19,120505,ICICI Pru Midcap Fund - Regular - Growth,-0.007590185262780325,2.3932454868438575
2025-05-20,120505,ICICI Pru Midcap Fund - Regular - Growth,0.007604196500416105,2.5748021490275232
2025-05-21,120505,ICICI Pru Midcap Fund - Regular - Growth,0.011977383541622588,2.538617242774273
2025-05-22,120505,ICICI Pru Midcap Fund - Regular - Growth,0.015399825342696793,2.694967691672147
2025-05-23,120505,ICICI Pru Midcap Fund - Regular - Growth,-0.008234614194041256,2.8899225487911084
2025-05-26,120505,ICICI Pru Midcap Fund - Regular - Growth,0.007838680730857472,3.280670961407516
2025-05-27,120505,ICICI Pru Midcap Fund - Regular - Growth,-0.004892198125924896,3.183066007790116
2025-05-28,120505,ICICI Pru Midcap Fund - Regular - Growth,-0.006552883961450151,2.965461319588376
2025-05-29,120505,ICICI Pru Midcap Fund - Regular - Growth,0.01518984880969576,3.4072333455598884
2025-05-30,120505,ICICI Pru Midcap Fund - Regular - Growth,-0.005885450648414503,3.2530730301237227
2025-06-02,120505,ICICI Pru Midcap Fund - Regular - Growth,0.004012448193297491,3.112438385986133
2025-06-03,120505,ICICI Pru Midcap Fund - Regular - Growth,0.002539932608327522,2.886987463938207
2025-06-04,120505,ICICI Pru Midcap Fund - Regular - Growth,-0.01206794596407823,2.661366453536579
2025-06-05,120505,ICICI Pru Midcap Fund - Regular - Growth,0.012313045518834498,2.724605874010271
2025-06-06,120505,ICICI Pru Midcap Fund - Regular - Growth,0.00740785896228191,3.187385320693351
2025-06-09,120505,ICICI Pru Midcap Fund - Regular - Growth,-0.022834327524305587,2.558162930693834
2025-06-10,120505,ICICI Pru Midcap Fund - Regular - Growth,0.004002953549354871,2.6929639647018577
2025-06-11,120505,ICICI Pru Midcap Fund - Regular - Growth,-0.008540436663637019,2.720738406122747
2025-06-12,120505,ICICI Pru Midcap Fund - Regular - Growth,0.01390102403931448,2.9188143006198777
2025-06-13,120505,ICICI Pru Midcap Fund - Regular - Growth,-0.016487740400356943,2.4634191198618827
2025-06-16,120505,ICICI Pru Midcap Fund - Regular - Growth,-0.003585362455637453,2.1082608659154705
2025-06-17,120505,ICICI Pru Midcap Fund - Regular - Growth,0.005020049313280817,2.1442614177137616
2025-06-18,120505,ICICI Pru Midcap Fund - Regular - Growth,0.001325847204071584,2.0048042540705264
2025-06-19,120505,ICICI Pru Midcap Fund - Regular - Growth,0.00985452289177613,2.1127157543383075
2025-06-20,120505,ICICI Pru Midcap Fund - Regular - Growth,-0.01734690438289077,2.0282688079923727
2025-06-23,120505,ICICI Pru Midcap Fund - Regular - Growth,0.02065660990149798,2.0510673923710794
2025-06-24,120505,ICICI Pru Midcap Fund - Regular - Growth,0.006984452458978385,2.230159696702685
2025-06-25,120505,ICICI Pru Midcap Fund - Regular - Growth,0.0170932829645718,2.207245618154156
2025-06-26,120505,ICICI Pru Midcap Fund - Regular - Growth,0.01120060201285944,2.1489302429364914
2025-06-27,120505,ICICI Pru Midcap Fund - Regular - Growth,0.0005356612344304956,2.0542025301038564
2025-06-30,120505,ICICI Pru Midcap Fund - Regular - Growth,-0.014588289335069615,1.580091620392605
2025-07-01,120505,ICICI Pru Midcap Fund - Regular - Growth,-0.0060521061113458785,1.1641433270022903
2025-07-02,120505,ICICI Pru Midcap Fund - Regular - Growth,0.019895026216305567,1.4311246341382167
2025-07-03,120505,ICICI Pru Midcap Fund - Regular - Growth,0.01740652815990451,1.768764447919074
2025-07-04,120505,ICICI Pru Midcap Fund - Regular - Growth,-0.006718622409078723,1.9888645050417437
2025-07-07,120505,ICICI Pru Midcap Fund - Regular - Growth,-0.03251687198672204,1.172186161353226
2025-07-08,120505,ICICI Pru Midcap Fund - Regular - Growth,-0.0018693104835438845,1.2084181047216749
2025-07-09,120505,ICICI Pru Midcap Fund - Regular - Growth,-0.002765041800124046,0.9896154598137971
2025-07-10,120505,ICICI Pru Midcap Fund - Regular - Growth,-0.0023122310349749098,1.0688983816729691
2025-07-11,120505,ICICI Pru Midcap Fund - Regular - Growth,0.007025125677722288,0.9163344179286186
2025-07-14,120505,ICICI Pru Midcap Fund - Regular - Growth,0.011224603660610954,1.166370773217132
2025-07-15,120505,ICICI Pru Midcap Fund - Regular - Growth,0.012606136683916969,1.5170353975650241
2025-07-16,120505,ICICI Pru Midcap Fund - Regular - Growth,0.006027381968088941,1.6208815720375471
2025-07-17,120505,ICICI Pru Midcap Fund - Regular - Growth,-0.020662313174057534,1.4020789304218044
2025-07-18,120505,ICICI Pru Midcap Fund - Regular - Growth,-0.0034032049206863535,1.2553779964609866
2025-07-21,120505,ICICI Pru Midcap Fund - Regular - Growth,0.028654764176672343,1.5942307600996637
2025-07-22,120505,ICICI Pru Midcap Fund - Regular - Growth,0.005166786358357767,1.5565114393786799
2025-07-23,120505,ICICI Pru Midcap Fund - Regular - Growth,0.005089961842303481,1.658198929756678
2025-07-24,120505,ICICI Pru Midcap Fund - Regular - Growth,0.004989689035265199,1.8192046998883478
2025-07-25,120505,ICICI Pru Midcap Fund - Regular - Growth,0.00566211877697631,1.975942470313793
2025-07-28,120505,ICICI Pru Midcap Fund - Regular - Growth,-0.027464363850696505,1.2832886131700512
2025-07-29,120505,ICICI Pru Midcap Fund - Regular - Growth,-0.002189712933748811,1.211842991473771
2025-07-30,120505,ICICI Pru Midcap Fund - Regular - Growth,0.0002209656571032781,1.5328685500105466
2025-07-31,120505,ICICI Pru Midcap Fund - Regular - Growth,0.016141533348751347,1.8059357358907595
2025-08-01,120505,ICICI Pru Midcap Fund - Regular - Growth,0.0012459125028678741,1.798290918985964
2025-08-04,120505,ICICI Pru Midcap Fund - Regular - Growth,-0.018852295153929832,1.2581708699383585
2025-08-05,120505,ICICI Pru Midcap Fund - Regular - Growth,0.005839424213035738,1.168612890573427
2025-08-06,120505,ICICI Pru Midcap Fund - Regular - Growth,-0.00890649201525684,1.1879012241669316
2025-08-07,120505,ICICI Pru Midcap Fund - Regular - Growth,-0.013792919428345707,0.628474512247779
2025-08-08,120505,ICICI Pru Midcap Fund - Regular - Growth,-0.009266163568024899,0.4996101144896418
2025-08-11,120505,ICICI Pru Midcap Fund - Regular - Growth,0.007193496059293647,0.3888875505725936
2025-08-12,120505,ICICI Pru Midcap Fund - Regular - Growth,0.015865260385979907,0.7737817613075806
2025-08-13,120505,ICICI Pru Midcap Fund - Regular - Growth,0.0064754123301074,1.2603591003097787
2025-08-14,120505,ICICI Pru Midcap Fund - Regular - Growth,0.008273367463161874,1.6063636342038488
2025-08-15,120505,ICICI Pru Midcap Fund - Regular - Growth,0.00635649890731238,2.334802595027601
2025-08-18,120505,ICICI Pru Midcap Fund - Regular - Growth,0.0018890504333082259,2.027179175821254
2025-08-19,120505,ICICI Pru Midcap Fund - Regular - Growth,0.00905702351043658,2.1092700392275314
2025-08-20,120505,ICICI Pru Midcap Fund - Regular - Growth,-0.027879569071888266,1.7971291742299136
2025-08-21,120505,ICICI Pru Midcap Fund - Regular - Growth,0.002006188229068284,1.7392111347058532
2025-08-22,120505,ICICI Pru Midcap Fund - Regular - Growth,-0.011762226741675708,1.5167340941674552
2025-08-25,120505,ICICI Pru Midcap Fund - Regular - Growth,0.014700329520704658,1.6031218304905748
2025-08-26,120505,ICICI Pru Midcap Fund - Regular - Growth,-0.0010861947401074046,1.3789476567067245
2025-08-27,120505,ICICI Pru Midcap Fund - Regular - Growth,0.0010457778870569534,1.435096396942143
2025-08-28,120505,ICICI Pru Midcap Fund - Regular - Growth,-0.017190063657785637,1.3179610079721353
2025-08-29,120505,ICICI Pru Midcap Fund - Regular - Growth,0.012927849222131416,1.3482794469732173
2025-09-01,120505,ICICI Pru Midcap Fund - Regular - Growth,0.008216465473510182,1.319769847927956
2025-09-02,120505,ICICI Pru Midcap Fund - Regular - Growth,0.007367623278936586,1.3962262018834797
2025-09-03,120505,ICICI Pru Midcap Fund - Regular - Growth,-0.00901527746473818,0.9000870984457419
2025-09-04,120505,ICICI Pru Midcap Fund - Regular - Growth,-0.008548374485422783,0.8399010107106054
2025-09-05,120505,ICICI Pru Midcap Fund - Regular - Growth,0.003356538869695447,1.0395584338379849
2025-09-08,120505,ICICI Pru Midcap Fund - Regular - Growth,-0.0076086024235043626,0.8434122310400526
2025-09-09,120505,ICICI Pru Midcap Fund - Regular - Growth,0.00589690293523315,1.0388767669475214
2025-09-10,120505,ICICI Pru Midcap Fund - Regular - Growth,-0.024874350070519413,0.5647200760334762
2025-09-11,120505,ICICI Pru Midcap Fund - Regular - Growth,-0.005147657570289232,0.6248568633397363
2025-09-12,120505,ICICI Pru Midcap Fund - Regular - Growth,0.022427694944301635,0.9886429245778863
2025-09-15,120505,ICICI Pru Midcap Fund - Regular - Growth,0.005952262820000609,0.7537326167169413
2025-09-16,120505,ICICI Pru Midcap Fund - Regular - Growth,0.0026745866281332464,0.8525876572262179
2025-09-17,120505,ICICI Pru Midcap Fund - Regular - Growth,0.024736418913385405,1.3118590129378975
2025-09-18,120505,ICICI Pru Midcap Fund - Regular - Growth,-0.02691517189108339,0.7086923668265974
2025-09-19,120505,ICICI Pru Midcap Fund - Regular - Growth,-0.0090427321893215,0.7489055138777007
2025-09-22,120505,ICICI Pru Midcap Fund - Regular - Growth,-0.004118363461115271,0.7982790258799807
2025-09-23,120505,ICICI Pru Midcap Fund - Regular - Growth,0.011008174328022147,0.8438120666194316
2025-09-24,120505,ICICI Pru Midcap Fund - Regular - Growth,0.011217841643865079,0.8337680100728714
2025-09-25,120505,ICICI Pru Midcap Fund - Regular - Growth,-0.009643755358522799,0.48857394832089523
2025-09-26,120505,ICICI Pru Midcap Fund - Regular - Growth,0.012698804948650944,0.7780133212123974
2025-09-29,120505,ICICI Pru Midcap Fund - Regular - Growth,-0.004143841500500178,0.6122906922296946
2025-09-30,120505,ICICI Pru Midcap Fund - Regular - Growth,0.015292150461635678,0.8871345172755302
2025-10-01,120505,ICICI Pru Midcap Fund - Regular - Growth,-0.011616812007131938,0.8144239901297254
2025-10-02,120505,ICICI Pru Midcap Fund - Regular - Growth,-0.0008011009732663554,0.5986736765088936
2025-10-03,120505,ICICI Pru Midcap Fund - Regular - Growth,-0.005178606914362671,0.6086540138726158
2025-10-06,120505,ICICI Pru Midcap Fund - Regular - Growth,0.013403207750383395,0.7349921285117961
2025-10-07,120505,ICICI Pru Midcap Fund - Regular - Growth,-0.005567066171571988,0.6224329015900208
2025-10-08,120505,ICICI Pru Midcap Fund - Regular - Growth,0.00016662814652113056,0.7953924781084988
2025-10-09,120505,ICICI Pru Midcap Fund - Regular - Growth,0.006763238743090927,0.72097492616438
2025-10-10,120505,ICICI Pru Midcap Fund - Regular - Growth,0.007226796555899639,0.7185186484759875
2025-10-13,120505,ICICI Pru Midcap Fund - Regular - Growth,0.011354446005193086,1.2129086670692786
2025-10-14,120505,ICICI Pru Midcap Fund - Regular - Growth,0.003206642510558577,1.201842779120654
2025-10-15,120505,ICICI Pru Midcap Fund - Regular - Growth,-0.004321973326811834,1.2642921759432282
2025-10-16,120505,ICICI Pru Midcap Fund - Regular - Growth,-0.003504959535727714,1.023380292258698
2025-10-17,120505,ICICI Pru Midcap Fund - Regular - Growth,0.0009825819241537914,1.286431189097932
2025-10-20,120505,ICICI Pru Midcap Fund - Regular - Growth,0.0036686372852856586,1.3916244441989858
2025-10-21,120505,ICICI Pru Midcap Fund - Regular - Growth,-0.0010863286070895706,1.3042105869265093
2025-10-22,120505,ICICI Pru Midcap Fund - Regular - Growth,0.0009048453156399461,1.2981477201661187
2025-10-23,120505,ICICI Pru Midcap Fund - Regular - Growth,-0.0173333504453399,0.8979500998551652
2025-10-24,120505,ICICI Pru Midcap Fund - Regular - Growth,0.008699783798383098,1.28264544388683
2025-10-27,120505,ICICI Pru Midcap Fund - Regular - Growth,0.0028464317445504594,1.0410170152214626
2025-10-28,120505,ICICI Pru Midcap Fund - Regular - Growth,0.01274624813016545,1.120842422276467
2025-10-29,120505,ICICI Pru Midcap Fund - Regular - Growth,0.0006769451847778996,0.8906828612093404
2025-10-30,120505,ICICI Pru Midcap Fund - Regular - Growth,-0.019930766435837022,0.4270859776677885
2025-10-31,120505,ICICI Pru Midcap Fund - Regular - Growth,-0.00360902896790416,0.366533378872986
2025-11-03,120505,ICICI Pru Midcap Fund - Regular - Growth,-0.0017168582433462198,0.5585010113116833
2025-11-04,120505,ICICI Pru Midcap Fund - Regular - Growth,0.009612122523720679,0.7871240670247682
2025-11-05,120505,ICICI Pru Midcap Fund - Regular - Growth,-0.02381602049095244,0.1456084428108876
2025-11-06,120505,ICICI Pru Midcap Fund - Regular - Growth,0.0011681926984907776,-0.0915001586965294
2025-11-07,120505,ICICI Pru Midcap Fund - Regular - Growth,0.006846018488620542,0.1079824715336814
2025-11-10,120505,ICICI Pru Midcap Fund - Regular - Growth,-0.007216461213691461,0.5003128507798779
2025-11-11,120505,ICICI Pru Midcap Fund - Regular - Growth,0.001569057892167658,0.5530973475666507
2025-11-12,120505,ICICI Pru Midcap Fund - Regular - Growth,-0.006807208211194848,0.4902670602395084
2025-11-13,120505,ICICI Pru Midcap Fund - Regular - Growth,-0.008025211818972533,0.4017825379387885
2025-11-14,120505,ICICI Pru Midcap Fund - Regular - Growth,-0.0042047227600726655,0.23065550566399115
2025-11-17,120505,ICICI Pru Midcap Fund - Regular - Growth,-0.007800943524200243,-0.06018651203203084
2025-11-18,120505,ICICI Pru Midcap Fund - Regular - Growth,0.008895957067609483,-0.11742326100281021
2025-11-19,120505,ICICI Pru Midcap Fund - Regular - Growth,-0.008089032430486864,-0.334064733118928
2025-11-20,120505,ICICI Pru Midcap Fund - Regular - Growth,-0.010080963313778613,-0.17398092364780246
2025-11-21,120505,ICICI Pru Midcap Fund - Regular - Growth,0.02207467058105328,0.21822055141417107
2025-11-24,120505,ICICI Pru Midcap Fund - Regular - Growth,0.01224816315135313,-0.03302261128661222
2025-11-25,120505,ICICI Pru Midcap Fund - Regular - Growth,-0.02137396320525642,-0.44161328426949026
2025-11-26,120505,ICICI Pru Midcap Fund - Regular - Growth,-0.00844299434170881,-0.6492910294214115
2025-11-27,120505,ICICI Pru Midcap Fund - Regular - Growth,0.0035829422432991365,-0.671332440445799
2025-11-28,120505,ICICI Pru Midcap Fund - Regular - Growth,0.004560043615203568,-0.6886725867602586
2025-12-01,120505,ICICI Pru Midcap Fund - Regular - Growth,-0.017018541505652518,-0.5383072315088597
2025-12-02,120505,ICICI Pru Midcap Fund - Regular - Growth,0.014647498124696678,-0.2709550873262107
2025-12-03,120505,ICICI Pru Midcap Fund - Regular - Growth,0.010607489196679865,-0.10868908330727756
2025-12-04,120505,ICICI Pru Midcap Fund - Regular - Growth,0.006463307711754407,-0.2611418775899369
2025-12-05,120505,ICICI Pru Midcap Fund - Regular - Growth,0.01705710892799317,-0.013634674214285606
2025-12-08,120505,ICICI Pru Midcap Fund - Regular - Growth,0.00610653889929913,0.3771522855251882
2025-12-09,120505,ICICI Pru Midcap Fund - Regular - Growth,0.006061902277319842,0.38059478172679
2025-12-10,120505,ICICI Pru Midcap Fund - Regular - Growth,0.019506097147881096,0.8156858817574908
2025-12-11,120505,ICICI Pru Midcap Fund - Regular - Growth,0.013951213525924988,1.246995113672085
2025-12-12,120505,ICICI Pru Midcap Fund - Regular - Growth,-0.009353210045089932,1.245549986816515
2025-12-15,120505,ICICI Pru Midcap Fund - Regular - Growth,0.00828746786629142,1.261685553753437
2025-12-16,120505,ICICI Pru Midcap Fund - Regular - Growth,-0.007249499111346869,0.9101428941764138
2025-12-17,120505,ICICI Pru Midcap Fund - Regular - Growth,0.00673116756965908,0.9140100505372881
2025-12-18,120505,ICICI Pru Midcap Fund - Regular - Growth,0.00639966959061522,0.8857635397724725
2025-12-19,120505,ICICI Pru Midcap Fund - Regular - Growth,-0.01575859941111435,0.5350630026655496
2025-12-22,120505,ICICI Pru Midcap Fund - Regular - Growth,-0.0007833796547289662,0.4937738518145176
2025-12-23,120505,ICICI Pru Midcap Fund - Regular - Growth,0.003856944635042492,0.41453061459206597
2025-12-24,120505,ICICI Pru Midcap Fund - Regular - Growth,-0.0045370348570955565,0.803931056797259
2025-12-25,120505,ICICI Pru Midcap Fund - Regular - Growth,0.004451158183577553,0.8426670409597694
2025-12-26,120505,ICICI Pru Midcap Fund - Regular - Growth,0.010373599464065686,1.2012335161326815
2025-12-29,120505,ICICI Pru Midcap Fund - Regular - Growth,0.0003087169178626059,0.9786313164986887
2025-12-30,120505,ICICI Pru Midcap Fund - Regular - Growth,0.0033682845671894057,1.0507574572151477
2025-12-31,120505,ICICI Pru Midcap Fund - Regular - Growth,0.01738208199003899,1.2990867754823756
2026-01-01,120505,ICICI Pru Midcap Fund - Regular - Growth,0.006358265045174116,1.7005759033866736
2026-01-02,120505,ICICI Pru Midcap Fund - Regular - Growth,0.0030829659971503,1.550620384944884
2026-01-05,120505,ICICI Pru Midcap Fund - Regular - Growth,-0.010734487174625218,1.2355529895914152
2026-01-06,120505,ICICI Pru Midcap Fund - Regular - Growth,0.008744025849466652,1.25678860855714
2026-01-07,120505,ICICI Pru Midcap Fund - Regular - Growth,0.004637039310692481,1.4851365988178893
2026-01-08,120505,ICICI Pru Midcap Fund - Regular - Growth,0.016168670170525257,1.877317966182108
2026-01-09,120505,ICICI Pru Midcap Fund - Regular - Growth,0.0012365461181353954,1.8432601435443852
2026-01-12,120505,ICICI Pru Midcap Fund - Regular - Growth,-0.020843745315352935,1.597435563438164
2026-01-13,120505,ICICI Pru Midcap Fund - Regular - Growth,-0.019481655883550553,1.1718628951252823
2026-01-14,120505,ICICI Pru Midcap Fund - Regular - Growth,0.009524897043235558,1.7577895966801118
2026-01-15,120505,ICICI Pru Midcap Fund - Regular - Growth,-0.0061311707600153476,1.7408658483123713
2026-01-16,120505,ICICI Pru Midcap Fund - Regular - Growth,0.00591984909790777,1.506023782526001
2026-01-19,120505,ICICI Pru Midcap Fund - Regular - Growth,0.0020439018307309986,1.4435096744454425
2026-01-20,120505,ICICI Pru Midcap Fund - Regular - Growth,-0.0013215308648883983,1.3776823862937804
2026-01-21,120505,ICICI Pru Midcap Fund - Regular - Growth,-0.00047853369607187,0.9913438533983749
2026-01-22,120505,ICICI Pru Midcap Fund - Regular - Growth,-0.009636484528609213,1.3294976151865827
2026-01-23,120505,ICICI Pru Midcap Fund - Regular - Growth,0.00048590418525629175,1.5046587259282855
2026-01-26,120505,ICICI Pru Midcap Fund - Regular - Growth,-0.006301278074202665,1.4640097263877998
2026-01-27,120505,ICICI Pru Midcap Fund - Regular - Growth,-0.003773623545213267,1.2095902261210112
2026-01-28,120505,ICICI Pru Midcap Fund - Regular - Growth,-0.0031940343930895176,0.9601643174907596
2026-01-29,120505,ICICI Pru Midcap Fund - Regular - Growth,-0.002036588169077702,1.1015148761846227
2026-01-30,120505,ICICI Pru Midcap Fund - Regular - Growth,0.011780774968751295,1.086443511733511
2026-02-02,120505,ICICI Pru Midcap Fund - Regular - Growth,-0.0008784759202451475,1.146239782003383
2026-02-03,120505,ICICI Pru Midcap Fund - Regular - Growth,0.013011229798415958,1.109340414046262
2026-02-04,120505,ICICI Pru Midcap Fund - Regular - Growth,0.01926407640170935,1.6468642798322717
2026-02-05,120505,ICICI Pru Midcap Fund - Regular - Growth,0.010967066688718052,1.84627915353173
2026-02-06,120505,ICICI Pru Midcap Fund - Regular - Growth,0.007096732746970202,2.064195232410766
2026-02-09,120505,ICICI Pru Midcap Fund - Regular - Growth,0.0045968752630722864,1.9232651083154573
2026-02-10,120505,ICICI Pru Midcap Fund - Regular - Growth,0.011092961443496696,2.214158539670193
2026-02-11,120505,ICICI Pru Midcap Fund - Regular - Growth,0.0017458200007749447,2.242419905937763
2026-02-12,120505,ICICI Pru Midcap Fund - Regular - Growth,0.012536671038758662,2.332497428690791
2026-02-13,120505,ICICI Pru Midcap Fund - Regular - Growth,0.00805704493692816,2.3458264375210516
2026-02-16,120505,ICICI Pru Midcap Fund - Regular - Growth,-0.0036256321852202733,2.0897381670327193
2026-02-17,120505,ICICI Pru Midcap Fund - Regular - Growth,0.011462104679645257,2.223844031360007
2026-02-18,120505,ICICI Pru Midcap Fund - Regular - Growth,0.0017710407090143487,2.335762980801936
2026-02-19,120505,ICICI Pru Midcap Fund - Regular - Growth,-0.0005954849889384661,2.3900048823939835
2026-02-20,120505,ICICI Pru Midcap Fund - Regular - Growth,-0.005012250584015776,2.2784638791186733
2026-02-23,120505,ICICI Pru Midcap Fund - Regular - Growth,0.0026651055398170254,2.2611792738331227
2026-02-24,120505,ICICI Pru Midcap Fund - Regular - Growth,0.012680836430729148,2.4879044261079204
2026-02-25,120505,ICICI Pru Midcap Fund - Regular - Growth,0.011378567463913747,2.6578280282627067
2026-02-26,120505,ICICI Pru Midcap Fund - Regular - Growth,0.004916233781334212,3.108075475838342
2026-02-27,120505,ICICI Pru Midcap Fund - Regular - Growth,0.00788263345677298,3.09536092310763
2026-03-02,120505,ICICI Pru Midcap Fund - Regular - Growth,0.016022443753949567,3.2934375597921957
2026-03-03,120505,ICICI Pru Midcap Fund - Regular - Growth,-0.0011197714228650124,3.0672486801488525
2026-03-04,120505,ICICI Pru Midcap Fund - Regular - Growth,-0.012595660551472765,2.7990967592623885
2026-03-05,120505,ICICI Pru Midcap Fund - Regular - Growth,0.016380303747407954,3.4887817744324074
2026-03-06,120505,ICICI Pru Midcap Fund - Regular - Growth,-0.005650199049397675,3.4469782645148084
2026-03-09,120505,ICICI Pru Midcap Fund - Regular - Growth,-0.007559206152728759,3.32817809427521
2026-03-10,120505,ICICI Pru Midcap Fund - Regular - Growth,-0.020608672572532516,2.7252196558541417
2026-03-11,120505,ICICI Pru Midcap Fund - Regular - Growth,0.007540487415009567,3.3834165584437925
2026-03-12,120505,ICICI Pru Midcap Fund - Regular - Growth,-0.018557790649760708,2.9595487390552897
2026-03-13,120505,ICICI Pru Midcap Fund - Regular - Growth,-0.008270953182482721,2.684416371036043
2026-03-16,120505,ICICI Pru Midcap Fund - Regular - Growth,0.0077451127846797085,2.951959096898649
2026-03-17,120505,ICICI Pru Midcap Fund - Regular - Growth,0.009358555910718325,3.0784375046270185
2026-03-18,120505,ICICI Pru Midcap Fund - Regular - Growth,-0.007100144234205907,3.0724712725674106
2026-03-19,120505,ICICI Pru Midcap Fund - Regular - Growth,-0.0009305342396902505,3.21187079305929
2026-03-20,120505,ICICI Pru Midcap Fund - Regular - Growth,-0.00972190419747776,3.0986835419703804
2026-03-23,120505,ICICI Pru Midcap Fund - Regular - Growth,-0.005871774428832688,3.1380140546275603
2026-03-24,120505,ICICI Pru Midcap Fund - Regular - Growth,0.0038683158163812514,3.0579540408466963
2026-03-25,120505,ICICI Pru Midcap Fund - Regular - Growth,-0.005315361052714018,3.114565123280397
2026-03-26,120505,ICICI Pru Midcap Fund - Regular - Growth,-0.002245751535476126,3.274862752108232
2026-03-27,120505,ICICI Pru Midcap Fund - Regular - Growth,-0.016715109126568595,2.601066675791397
2026-03-30,120505,ICICI Pru Midcap Fund - Regular - Growth,0.01433658801262827,2.630772084506853
2026-03-31,120505,ICICI Pru Midcap Fund - Regular - Growth,0.006802730455000683,3.221553847917063
2026-04-01,120505,ICICI Pru Midcap Fund - Regular - Growth,0.010216520115077454,3.569816977374826
2026-04-02,120505,ICICI Pru Midcap Fund - Regular - Growth,0.016250203908776184,3.757009379194928
2026-04-03,120505,ICICI Pru Midcap Fund - Regular - Growth,-0.0091599928243985,3.4847505356559267
2026-04-06,120505,ICICI Pru Midcap Fund - Regular - Growth,-0.0036086449734186177,3.798847254574069
2026-04-07,120505,ICICI Pru Midcap Fund - Regular - Growth,-0.021764018935910845,3.0603076563540976
2026-04-08,120505,ICICI Pru Midcap Fund - Regular - Growth,0.03900336757923939,3.3283109352419644
2026-04-09,120505,ICICI Pru Midcap Fund - Regular - Growth,-0.0011151246749212529,3.2036391321412303
2026-04-10,120505,ICICI Pru Midcap Fund - Regular - Growth,0.013193317553538142,3.155291739390675
2026-04-13,120505,ICICI Pru Midcap Fund - Regular - Growth,-0.014045306750015363,2.7853499639390034
2026-04-14,120505,ICICI Pru Midcap Fund - Regular - Growth,0.012679960380944433,2.88059533131411
2026-04-15,120505,ICICI Pru Midcap Fund - Regular - Growth,0.023172284956636924,2.920667073478216
2026-04-16,120505,ICICI Pru Midcap Fund - Regular - Growth,-4.686528989716887e-05,2.710830489584558
2026-04-17,120505,ICICI Pru Midcap Fund - Regular - Growth,-0.011359480254556797,2.671542391591971
2026-04-20,120505,ICICI Pru Midcap Fund - Regular - Growth,-0.0009862178437459734,2.5239325815248117
2026-04-21,120505,ICICI Pru Midcap Fund - Regular - Growth,-0.025642709073429026,2.1537022821723766
2026-04-22,120505,ICICI Pru Midcap Fund - Regular - Growth,0.00022126998295890488,2.0526322037214455
2026-04-23,120505,ICICI Pru Midcap Fund - Regular - Growth,0.01055591178194315,2.1131658725369427
2026-04-24,120505,ICICI Pru Midcap Fund - Regular - Growth,0.0002466315324904933,2.4001493668854317
2026-04-27,120505,ICICI Pru Midcap Fund - Regular - Growth,-0.0027223959019551103,2.3674730404838775
2026-04-28,120505,ICICI Pru Midcap Fund - Regular - Growth,0.007013475559915827,2.4155640414931323
2026-04-29,120505,ICICI Pru Midcap Fund - Regular - Growth,0.007935327659975178,2.616132635441408
2026-04-30,120505,ICICI Pru Midcap Fund - Regular - Growth,-0.019009494969161378,2.1964272161676655
2026-05-01,120505,ICICI Pru Midcap Fund - Regular - Growth,0.0017390499218745692,2.0676111626653646
2026-05-04,120505,ICICI Pru Midcap Fund - Regular - Growth,0.030280040288476195,2.452553152507821
2026-05-05,120505,ICICI Pru Midcap Fund - Regular - Growth,-0.015187399542809121,2.1440057310115392
2026-05-06,120505,ICICI Pru Midcap Fund - Regular - Growth,-0.0003478215387834327,1.8960402724466277
2026-05-07,120505,ICICI Pru Midcap Fund - Regular - Growth,0.02420337286274754,2.124624720660176
2026-05-08,120505,ICICI Pru Midcap Fund - Regular - Growth,0.013987276244448621,2.273795802989555
2026-05-11,120505,ICICI Pru Midcap Fund - Regular - Growth,-0.005455217965210202,2.361972009175643
2026-05-12,120505,ICICI Pru Midcap Fund - Regular - Growth,0.0031466685691334817,2.282835734614996
2026-05-13,120505,ICICI Pru Midcap Fund - Regular - Growth,0.0006495368762093889,2.223953381607479
2026-05-14,120505,ICICI Pru Midcap Fund - Regular - Growth,-0.008244836095770425,1.8681094380857743
2026-05-15,120505,ICICI Pru Midcap Fund - Regular - Growth,-0.00021393009298864563,1.8461389638402268
2026-05-18,120505,ICICI Pru Midcap Fund - Regular - Growth,-0.0026726837218228328,2.16171786847172
2026-05-19,120505,ICICI Pru Midcap Fund - Regular - Growth,0.002025991721671838,2.539868888919303
2026-05-20,120505,ICICI Pru Midcap Fund - Regular - Growth,-0.008248433391831345,2.258505516811967
2026-05-21,120505,ICICI Pru Midcap Fund - Regular - Growth,-0.014498859536882125,2.1097071341813196
2026-05-22,120505,ICICI Pru Midcap Fund - Regular - Growth,0.0001804255045672054,2.0225585792710055
2026-05-25,120505,ICICI Pru Midcap Fund - Regular - Growth,0.021428990081643562,2.283826711535157
2026-05-26,120505,ICICI Pru Midcap Fund - Regular - Growth,0.0016598215851189035,2.3300601866682142
2026-05-27,120505,ICICI Pru Midcap Fund - Regular - Growth,-0.0032886815251418344,2.285378606395733
2026-05-28,120505,ICICI Pru Midcap Fund - Regular - Growth,0.00974724515633918,2.5873378522013404
2026-05-29,120505,ICICI Pru Midcap Fund - Regular - Growth,-0.001219372335258262,2.5605138169975112
2022-01-03,120843,Kotak Flexicap Fund - Regular - Growth,,
2022-01-04,120843,Kotak Flexicap Fund - Regular - Growth,0.018159561317569795,
2022-01-05,120843,Kotak Flexicap Fund - Regular - Growth,-0.01230433199854375,
2022-01-06,120843,Kotak Flexicap Fund - Regular - Growth,0.008508951233409334,
2022-01-07,120843,Kotak Flexicap Fund - Regular - Growth,-0.01347654050765179,
2022-01-10,120843,Kotak Flexicap Fund - Regular - Growth,-0.002583146272159609,
2022-01-11,120843,Kotak Flexicap Fund - Regular - Growth,0.0015378407190509424,
2022-01-12,120843,Kotak Flexicap Fund - Regular - Growth,-0.004301747760425023,
2022-01-13,120843,Kotak Flexicap Fund - Regular - Growth,-0.0012340931830947532,
2022-01-14,120843,Kotak Flexicap Fund - Regular - Growth,-0.01329549211058878,
2022-01-17,120843,Kotak Flexicap Fund - Regular - Growth,-0.009313356975927056,
2022-01-18,120843,Kotak Flexicap Fund - Regular - Growth,0.005633535620977792,
2022-01-19,120843,Kotak Flexicap Fund - Regular - Growth,0.0008940197053426413,
2022-01-20,120843,Kotak Flexicap Fund - Regular - Growth,-0.006344738292349605,
2022-01-21,120843,Kotak Flexicap Fund - Regular - Growth,0.014040542323678684,
2022-01-24,120843,Kotak Flexicap Fund - Regular - Growth,-0.011631973389395589,
2022-01-25,120843,Kotak Flexicap Fund - Regular - Growth,-0.003044559598282759,
2022-01-26,120843,Kotak Flexicap Fund - Regular - Growth,-0.004492058939444821,
2022-01-27,120843,Kotak Flexicap Fund - Regular - Growth,0.0068172019831860275,
2022-01-28,120843,Kotak Flexicap Fund - Regular - Growth,0.0010828727006968464,
2022-01-31,120843,Kotak Flexicap Fund - Regular - Growth,-0.000495608415883253,
2022-02-01,120843,Kotak Flexicap Fund - Regular - Growth,-0.017832232578235963,
2022-02-02,120843,Kotak Flexicap Fund - Regular - Growth,0.009357658637137778,
2022-02-03,120843,Kotak Flexicap Fund - Regular - Growth,-0.0015980740095054013,
2022-02-04,120843,Kotak Flexicap Fund - Regular - Growth,0.0017627738743608568,
2022-02-07,120843,Kotak Flexicap Fund - Regular - Growth,-0.0069266332993019875,
2022-02-08,120843,Kotak Flexicap Fund - Regular - Growth,-0.008498234323087495,
2022-02-09,120843,Kotak Flexicap Fund - Regular - Growth,0.01583130138271005,
2022-02-10,120843,Kotak Flexicap Fund - Regular - Growth,-0.017130172297542656,
2022-02-11,120843,Kotak Flexicap Fund - Regular - Growth,-0.009979778705583864,
2022-02-14,120843,Kotak Flexicap Fund - Regular - Growth,0.015638658507984626,
2022-02-15,120843,Kotak Flexicap Fund - Regular - Growth,0.007078605691014372,
2022-02-16,120843,Kotak Flexicap Fund - Regular - Growth,-0.002682719906949016,
2022-02-17,120843,Kotak Flexicap Fund - Regular - Growth,0.01324694325425857,
2022-02-18,120843,Kotak Flexicap Fund - Regular - Growth,0.0051135754185334115,
2022-02-21,120843,Kotak Flexicap Fund - Regular - Growth,0.0029429450383464673,
2022-02-22,120843,Kotak Flexicap Fund - Regular - Growth,0.0028729222980923286,
2022-02-23,120843,Kotak Flexicap Fund - Regular - Growth,0.005298864529029501,
2022-02-24,120843,Kotak Flexicap Fund - Regular - Growth,0.005709333430755192,
2022-02-25,120843,Kotak Flexicap Fund - Regular - Growth,0.02298820419159875,
2022-02-28,120843,Kotak Flexicap Fund - Regular - Growth,-0.0013690901271636857,
2022-03-01,120843,Kotak Flexicap Fund - Regular - Growth,-0.0010568694539047074,
2022-03-02,120843,Kotak Flexicap Fund - Regular - Growth,-0.011802000090967213,
2022-03-03,120843,Kotak Flexicap Fund - Regular - Growth,7.40430930801228e-05,
2022-03-04,120843,Kotak Flexicap Fund - Regular - Growth,0.019559936447715476,
2022-03-07,120843,Kotak Flexicap Fund - Regular - Growth,0.010572675120358088,
2022-03-08,120843,Kotak Flexicap Fund - Regular - Growth,-0.004872715125808891,
2022-03-09,120843,Kotak Flexicap Fund - Regular - Growth,0.0008977378956633864,
2022-03-10,120843,Kotak Flexicap Fund - Regular - Growth,-0.012393269885095037,
2022-03-11,120843,Kotak Flexicap Fund - Regular - Growth,-0.009131239104210653,
2022-03-14,120843,Kotak Flexicap Fund - Regular - Growth,0.002104097011624173,
2022-03-15,120843,Kotak Flexicap Fund - Regular - Growth,-0.0043783080881387715,
2022-03-16,120843,Kotak Flexicap Fund - Regular - Growth,-0.009883530511331395,
2022-03-17,120843,Kotak Flexicap Fund - Regular - Growth,0.005546781555640257,
2022-03-18,120843,Kotak Flexicap Fund - Regular - Growth,-0.00023468857628272666,
2022-03-21,120843,Kotak Flexicap Fund - Regular - Growth,-0.01508779814452188,
2022-03-22,120843,Kotak Flexicap Fund - Regular - Growth,-0.02011627717479869,
2022-03-23,120843,Kotak Flexicap Fund - Regular - Growth,-0.005136989861149632,
2022-03-24,120843,Kotak Flexicap Fund - Regular - Growth,-0.015294117647058791,
2022-03-25,120843,Kotak Flexicap Fund - Regular - Growth,-0.01807606036105447,
2022-03-28,120843,Kotak Flexicap Fund - Regular - Growth,0.012046344062085934,
2022-03-29,120843,Kotak Flexicap Fund - Regular - Growth,-0.0003886505497696646,
2022-03-30,120843,Kotak Flexicap Fund - Regular - Growth,-0.002078593477958912,
2022-03-31,120843,Kotak Flexicap Fund - Regular - Growth,-0.0013037000248324881,
2022-04-01,120843,Kotak Flexicap Fund - Regular - Growth,-0.010814043466238488,
2022-04-04,120843,Kotak Flexicap Fund - Regular - Growth,0.004749955577513898,
2022-04-05,120843,Kotak Flexicap Fund - Regular - Growth,-0.0007224966031875724,
2022-04-06,120843,Kotak Flexicap Fund - Regular - Growth,-0.007014363257686229,
2022-04-07,120843,Kotak Flexicap Fund - Regular - Growth,-0.005514198463327347,
2022-04-08,120843,Kotak Flexicap Fund - Regular - Growth,-0.011705875667689547,
2022-04-11,120843,Kotak Flexicap Fund - Regular - Growth,-0.003494091005590616,
2022-04-12,120843,Kotak Flexicap Fund - Regular - Growth,-0.0018175281616999994,
2022-04-13,120843,Kotak Flexicap Fund - Regular - Growth,-0.0037550606612375415,
2022-04-14,120843,Kotak Flexicap Fund - Regular - Growth,0.0011515183975148169,
2022-04-15,120843,Kotak Flexicap Fund - Regular - Growth,-0.000196157104007888,
2022-04-18,120843,Kotak Flexicap Fund - Regular - Growth,0.002925097874844962,
2022-04-19,120843,Kotak Flexicap Fund - Regular - Growth,0.010152408390464274,
2022-04-20,120843,Kotak Flexicap Fund - Regular - Growth,0.006593150253844993,
2022-04-21,120843,Kotak Flexicap Fund - Regular - Growth,0.010268754085529963,
2022-04-22,120843,Kotak Flexicap Fund - Regular - Growth,-0.00791596696847463,
2022-04-25,120843,Kotak Flexicap Fund - Regular - Growth,-0.004521797550856466,
2022-04-26,120843,Kotak Flexicap Fund - Regular - Growth,0.007209015432551702,
2022-04-27,120843,Kotak Flexicap Fund - Regular - Growth,0.0073901967310834316,
2022-04-28,120843,Kotak Flexicap Fund - Regular - Growth,-0.006225975035632492,
2022-04-29,120843,Kotak Flexicap Fund - Regular - Growth,0.006782172946496745,
2022-05-02,120843,Kotak Flexicap Fund - Regular - Growth,-0.008873338542363607,
2022-05-03,120843,Kotak Flexicap Fund - Regular - Growth,0.005457471574761508,
2022-05-04,120843,Kotak Flexicap Fund - Regular - Growth,0.00033138903990326263,
2022-05-05,120843,Kotak Flexicap Fund - Regular - Growth,-0.013270657318673384,
2022-05-06,120843,Kotak Flexicap Fund - Regular - Growth,-0.0037720778465583082,
2022-05-09,120843,Kotak Flexicap Fund - Regular - Growth,0.02284591562077365,-1.276328488690435
2022-05-10,120843,Kotak Flexicap Fund - Regular - Growth,0.0026444430088077286,-1.6024078801298587
2022-05-11,120843,Kotak Flexicap Fund - Regular - Growth,0.024065825025021637,-0.8787914955774937
2022-05-12,120843,Kotak Flexicap Fund - Regular - Growth,-0.01386107050500951,-1.2867091217904933
2022-05-13,120843,Kotak Flexicap Fund - Regular - Growth,0.008194489933942117,-0.891513087639614
2022-05-16,120843,Kotak Flexicap Fund - Regular - Growth,-0.024638907112585873,-1.2568386454752778
2022-05-17,120843,Kotak Flexicap Fund - Regular - Growth,0.0005926028457914345,-1.2740426949858175
2022-05-18,120843,Kotak Flexicap Fund - Regular - Growth,0.006981655322377378,-1.068831030730272
2022-05-19,120843,Kotak Flexicap Fund - Regular - Growth,0.009081913233491612,-0.8796194251882979
2022-05-20,120843,Kotak Flexicap Fund - Regular - Growth,-0.007432429557840514,-0.7805002289922239
2022-05-23,120843,Kotak Flexicap Fund - Regular - Growth,0.011129256249357011,-0.41322086183524603
2022-05-24,120843,Kotak Flexicap Fund - Regular - Growth,-0.004773198869862494,-0.5995301733688954
2022-05-25,120843,Kotak Flexicap Fund - Regular - Growth,-0.001058462482083855,-0.6344587711168856
2022-05-26,120843,Kotak Flexicap Fund - Regular - Growth,-0.0037650409762670645,-0.5891833453108528
2022-05-27,120843,Kotak Flexicap Fund - Regular - Growth,-0.010798525956266736,-1.0400051466865723
2022-05-30,120843,Kotak Flexicap Fund - Regular - Growth,0.01655200761509179,-0.5274908284818944
2022-05-31,120843,Kotak Flexicap Fund - Regular - Growth,0.0010789736343108647,-0.45410901264850007
2022-06-01,120843,Kotak Flexicap Fund - Regular - Growth,0.011622073223100493,-0.16553511800444895
2022-06-02,120843,Kotak Flexicap Fund - Regular - Growth,0.011185945593813251,-0.08775335176510136
2022-06-03,120843,Kotak Flexicap Fund - Regular - Growth,-0.009119096901834656,-0.26647436552040366
2022-06-06,120843,Kotak Flexicap Fund - Regular - Growth,0.012936241610738142,-0.03037229747257865
2022-06-07,120843,Kotak Flexicap Fund - Regular - Growth,0.00568567689784838,0.3848415359127999
2022-06-08,120843,Kotak Flexicap Fund - Regular - Growth,-0.00984735873374043,0.045331646049105646
2022-06-09,120843,Kotak Flexicap Fund - Regular - Growth,0.00513171328111528,0.16397982111486276
2022-06-10,120843,Kotak Flexicap Fund - Regular - Growth,-0.009666962488544706,-0.03743751358725093
2022-06-13,120843,Kotak Flexicap Fund - Regular - Growth,0.01692826376674761,0.37634385160730355
2022-06-14,120843,Kotak Flexicap Fund - Regular - Growth,0.008834706160261385,0.6768660650890304
2022-06-15,120843,Kotak Flexicap Fund - Regular - Growth,-0.00012013088157747376,0.4057144463333604
2022-06-16,120843,Kotak Flexicap Fund - Regular - Growth,0.013431838915678451,0.9498006341367778
2022-06-17,120843,Kotak Flexicap Fund - Regular - Growth,-0.015233046930885785,0.8501945376282272
2022-06-20,120843,Kotak Flexicap Fund - Regular - Growth,-0.006933462834149751,0.4583529861862963
2022-06-21,120843,Kotak Flexicap Fund - Regular - Growth,-0.001945801117346102,0.29899047936195206
2022-06-22,120843,Kotak Flexicap Fund - Regular - Growth,0.023397194395378795,0.7409138245298422
2022-06-23,120843,Kotak Flexicap Fund - Regular - Growth,-0.010142685578758748,0.33794161344183044
2022-06-24,120843,Kotak Flexicap Fund - Regular - Growth,-0.016475465639702036,-0.035617574466586664
2022-06-27,120843,Kotak Flexicap Fund - Regular - Growth,-0.013864839510866589,-0.3199393953933701
2022-06-28,120843,Kotak Flexicap Fund - Regular - Growth,0.009776887488265995,-0.20207789881545443
2022-06-29,120843,Kotak Flexicap Fund - Regular - Growth,-0.005380628078868965,-0.3821736381795488
2022-06-30,120843,Kotak Flexicap Fund - Regular - Growth,-0.0010076754408839816,-0.4963305674002057
2022-07-01,120843,Kotak Flexicap Fund - Regular - Growth,0.008320141676308124,-0.762843843812211
2022-07-04,120843,Kotak Flexicap Fund - Regular - Growth,-0.0009982975092270863,-0.7564439901436966
2022-07-05,120843,Kotak Flexicap Fund - Regular - Growth,0.0026558029605672218,-0.691798365762762
2022-07-06,120843,Kotak Flexicap Fund - Regular - Growth,0.0060088374987852244,-0.385416380507616
2022-07-07,120843,Kotak Flexicap Fund - Regular - Growth,-0.0037387442012468686,-0.45144326036719606
2022-07-08,120843,Kotak Flexicap Fund - Regular - Growth,-0.001081063238073221,-0.8284412989877749
2022-07-11,120843,Kotak Flexicap Fund - Regular - Growth,0.0030381012177189692,-0.9685075376106259
2022-07-12,120843,Kotak Flexicap Fund - Regular - Growth,0.009389381350959125,-0.7101543683794599
2022-07-13,120843,Kotak Flexicap Fund - Regular - Growth,-0.007364115745132294,-0.8550448728181876
2022-07-14,120843,Kotak Flexicap Fund - Regular - Growth,-0.029407835924414982,-1.1142668012070989
2022-07-15,120843,Kotak Flexicap Fund - Regular - Growth,0.007472024899691787,-0.8306321602942772
2022-07-18,120843,Kotak Flexicap Fund - Regular - Growth,0.009995292377013243,-0.6918760629331577
2022-07-19,120843,Kotak Flexicap Fund - Regular - Growth,0.002615589496025583,-0.5730800023922542
2022-07-20,120843,Kotak Flexicap Fund - Regular - Growth,0.0033040218995219472,-0.35008009116695527
2022-07-21,120843,Kotak Flexicap Fund - Regular - Growth,-0.0050783051906277965,-0.5319754446276609
2022-07-22,120843,Kotak Flexicap Fund - Regular - Growth,0.005653112226440493,-0.4304848460353682
2022-07-25,120843,Kotak Flexicap Fund - Regular - Growth,0.009235196705348114,-0.01544720346934439
2022-07-26,120843,Kotak Flexicap Fund - Regular - Growth,0.001165601442150166,0.35829419805290696
2022-07-27,120843,Kotak Flexicap Fund - Regular - Growth,0.026038970472388456,0.876179401206713
2022-07-28,120843,Kotak Flexicap Fund - Regular - Growth,-0.015052198103518655,0.8806404638357385
2022-07-29,120843,Kotak Flexicap Fund - Regular - Growth,0.0022413126357794244,1.2490512962346099
2022-08-01,120843,Kotak Flexicap Fund - Regular - Growth,-0.01117948179243411,0.8462851396567643
2022-08-02,120843,Kotak Flexicap Fund - Regular - Growth,0.009508049358502912,1.0132977915461034
2022-08-03,120843,Kotak Flexicap Fund - Regular - Growth,-0.015226638927902214,0.7766271783801494
2022-08-04,120843,Kotak Flexicap Fund - Regular - Growth,-0.01276792503236679,0.5764084387249225
2022-08-05,120843,Kotak Flexicap Fund - Regular - Growth,-0.00577022754097134,0.6644759966042403
2022-08-08,120843,Kotak Flexicap Fund - Regular - Growth,0.0032808165401725375,0.6399358139110141
2022-08-09,120843,Kotak Flexicap Fund - Regular - Growth,-0.005392410557772176,0.5598400724297822
2022-08-10,120843,Kotak Flexicap Fund - Regular - Growth,-0.005291560359876546,0.5896813248067314
2022-08-11,120843,Kotak Flexicap Fund - Regular - Growth,-0.0012276253675492788,0.6634226262095995
2022-08-12,120843,Kotak Flexicap Fund - Regular - Growth,-0.0018437014259646833,0.8370555619114712
2022-08-15,120843,Kotak Flexicap Fund - Regular - Growth,0.01570993015693012,1.1527382770743813
2022-08-16,120843,Kotak Flexicap Fund - Regular - Growth,0.0075366207275817665,1.3083540412674013
2022-08-17,120843,Kotak Flexicap Fund - Regular - Growth,-0.002673288206519242,1.327216879404364
2022-08-18,120843,Kotak Flexicap Fund - Regular - Growth,0.021970185392873987,1.6419765257385004
2022-08-19,120843,Kotak Flexicap Fund - Regular - Growth,0.005566160018986688,1.7356268650377946
2022-08-22,120843,Kotak Flexicap Fund - Regular - Growth,-0.009130098865697156,1.529084460512724
2022-08-23,120843,Kotak Flexicap Fund - Regular - Growth,0.003186094377612303,1.420168974116442
2022-08-24,120843,Kotak Flexicap Fund - Regular - Growth,0.0060110154597958765,1.4110040686203116
2022-08-25,120843,Kotak Flexicap Fund - Regular - Growth,-0.006316014556487004,1.13960875632921
2022-08-26,120843,Kotak Flexicap Fund - Regular - Growth,-0.009963600781984328,1.103625888553921
2022-08-29,120843,Kotak Flexicap Fund - Regular - Growth,0.0014681608005167046,1.2040157863067074
2022-08-30,120843,Kotak Flexicap Fund - Regular - Growth,-0.003030296825763945,1.036365509985201
2022-08-31,120843,Kotak Flexicap Fund - Regular - Growth,0.015624711195450613,1.1623709459196463
2022-09-01,120843,Kotak Flexicap Fund - Regular - Growth,0.008096592919727641,1.3969732031002124
2022-09-02,120843,Kotak Flexicap Fund - Regular - Growth,-0.00584514966912919,1.1894475715115422
2022-09-05,120843,Kotak Flexicap Fund - Regular - Growth,0.0049009420542796,1.4205119694336532
2022-09-06,120843,Kotak Flexicap Fund - Regular - Growth,0.013456534309945978,1.5418902581159335
2022-09-07,120843,Kotak Flexicap Fund - Regular - Growth,-0.013363051015354177,1.3053550734355146
2022-09-08,120843,Kotak Flexicap Fund - Regular - Growth,-0.009666569612754916,1.369443201365266
2022-09-09,120843,Kotak Flexicap Fund - Regular - Growth,0.00048257166087783965,1.4400800056372807
2022-09-12,120843,Kotak Flexicap Fund - Regular - Growth,0.0009545446254679568,1.1100071999779362
2022-09-13,120843,Kotak Flexicap Fund - Regular - Growth,6.883984612260363e-05,1.0672955580474255
2022-09-14,120843,Kotak Flexicap Fund - Regular - Growth,-0.002534751606489971,0.6420030525217283
2022-09-15,120843,Kotak Flexicap Fund - Regular - Growth,-0.002687331788049807,0.842124321396506
2022-09-16,120843,Kotak Flexicap Fund - Regular - Growth,0.004479422335649241,0.7796581222808201
2022-09-19,120843,Kotak Flexicap Fund - Regular - Growth,0.012095818331749664,1.4580347371416096
2022-09-20,120843,Kotak Flexicap Fund - Regular - Growth,-0.004241995960194478,1.3696767888441994
2022-09-21,120843,Kotak Flexicap Fund - Regular - Growth,0.02549003839890629,1.6469621532543244
2022-09-22,120843,Kotak Flexicap Fund - Regular - Growth,0.020566999092315408,1.8148184408150405
2022-09-23,120843,Kotak Flexicap Fund - Regular - Growth,0.014090053401974778,2.170580893920538
2022-09-26,120843,Kotak Flexicap Fund - Regular - Growth,0.006893155148082641,2.105971072382971
2022-09-27,120843,Kotak Flexicap Fund - Regular - Growth,0.021053364286601317,2.500117300242464
2022-09-28,120843,Kotak Flexicap Fund - Regular - Growth,-0.0023270596689053402,2.477908991534755
2022-09-29,120843,Kotak Flexicap Fund - Regular - Growth,-0.007765724437746813,2.4041118185589725
2022-09-30,120843,Kotak Flexicap Fund - Regular - Growth,-0.00469590174155976,2.5199526845275795
2022-10-03,120843,Kotak Flexicap Fund - Regular - Growth,-0.009467904868406873,2.09620313711988
2022-10-04,120843,Kotak Flexicap Fund - Regular - Growth,0.0018237047637208459,2.1087055226924503
2022-10-05,120843,Kotak Flexicap Fund - Regular - Growth,0.0036238097302023764,1.984504341550237
2022-10-06,120843,Kotak Flexicap Fund - Regular - Growth,0.002623080100642161,1.8491311495859262
2022-10-07,120843,Kotak Flexicap Fund - Regular - Growth,0.0004700576991143457,2.023189982807512
2022-10-10,120843,Kotak Flexicap Fund - Regular - Growth,0.0019392469133028278,1.8487681642044718
2022-10-11,120843,Kotak Flexicap Fund - Regular - Growth,0.01826201650026893,2.0359089048444448
2022-10-12,120843,Kotak Flexicap Fund - Regular - Growth,0.006867398479741826,2.3310310634871985
2022-10-13,120843,Kotak Flexicap Fund - Regular - Growth,0.009942017048664153,2.405722688265586
2022-10-14,120843,Kotak Flexicap Fund - Regular - Growth,0.0025223820813440323,2.6302217941808035
2022-10-17,120843,Kotak Flexicap Fund - Regular - Growth,-0.015565946051011803,2.068636112624027
2022-10-18,120843,Kotak Flexicap Fund - Regular - Growth,-0.017532409362562618,1.5948072196731695
2022-10-19,120843,Kotak Flexicap Fund - Regular - Growth,0.021823716916916203,1.9221761800617818
2022-10-20,120843,Kotak Flexicap Fund - Regular - Growth,-0.004754837241065291,1.6323028343594774
2022-10-21,120843,Kotak Flexicap Fund - Regular - Growth,-0.005604613971462724,1.8115214442728522
2022-10-24,120843,Kotak Flexicap Fund - Regular - Growth,0.003076634323977645,1.9852743628696639
2022-10-25,120843,Kotak Flexicap Fund - Regular - Growth,0.006160077633855066,2.1199226437108316
2022-10-26,120843,Kotak Flexicap Fund - Regular - Growth,0.007446019096376988,1.8963523314868875
2022-10-27,120843,Kotak Flexicap Fund - Regular - Growth,0.018651199406404695,2.3696937212171116
2022-10-28,120843,Kotak Flexicap Fund - Regular - Growth,0.015845548980139235,2.9398025768263816
2022-10-31,120843,Kotak Flexicap Fund - Regular - Growth,-0.00754997464103957,3.0740913685725273
2022-11-01,120843,Kotak Flexicap Fund - Regular - Growth,0.010412830213948565,3.0833628528168453
2022-11-02,120843,Kotak Flexicap Fund - Regular - Growth,-0.003270071261392893,3.124292589937167
2022-11-03,120843,Kotak Flexicap Fund - Regular - Growth,-0.0007908914501484343,3.1282537283087533
2022-11-04,120843,Kotak Flexicap Fund - Regular - Growth,-0.010377284149512667,2.7884790377078397
2022-11-07,120843,Kotak Flexicap Fund - Regular - Growth,-0.016334323667693607,2.483015629041206
2022-11-08,120843,Kotak Flexicap Fund - Regular - Growth,0.00027702923917716227,2.442711651462278
2022-11-09,120843,Kotak Flexicap Fund - Regular - Growth,-0.008999158352096637,2.1788556871999676
2022-11-10,120843,Kotak Flexicap Fund - Regular - Growth,0.009997314208562758,2.404529338021184
2022-11-11,120843,Kotak Flexicap Fund - Regular - Growth,-0.0022351708809700277,2.3842464196828352
2022-11-14,120843,Kotak Flexicap Fund - Regular - Growth,0.003711420406149246,2.3952515875108746
2022-11-15,120843,Kotak Flexicap Fund - Regular - Growth,0.014482196873194741,2.467551444543774
2022-11-16,120843,Kotak Flexicap Fund - Regular - Growth,-0.01427191986502696,2.3322106684541826
2022-11-17,120843,Kotak Flexicap Fund - Regular - Growth,-0.006684894936272778,2.836993099493806
2022-11-18,120843,Kotak Flexicap Fund - Regular - Growth,0.002420301634606714,2.7541918876302733
2022-11-21,120843,Kotak Flexicap Fund - Regular - Growth,0.0037532207787527305,2.6551046418941877
2022-11-22,120843,Kotak Flexicap Fund - Regular - Growth,0.011786606064196237,2.7995936467333573
2022-11-23,120843,Kotak Flexicap Fund - Regular - Growth,0.009378343230330044,2.8962686985091177
2022-11-24,120843,Kotak Flexicap Fund - Regular - Growth,0.001573142329832633,3.019122630772716
2022-11-25,120843,Kotak Flexicap Fund - Regular - Growth,0.003660805166543879,2.9863680305941354
2022-11-28,120843,Kotak Flexicap Fund - Regular - Growth,0.003939458582354449,2.902419833558248
2022-11-29,120843,Kotak Flexicap Fund - Regular - Growth,-0.014118040473109383,2.601219063291349
2022-11-30,120843,Kotak Flexicap Fund - Regular - Growth,-0.0009804735598963887,2.2086973622894837
2022-12-01,120843,Kotak Flexicap Fund - Regular - Growth,0.0031052276046954486,2.5701463477496334
2022-12-02,120843,Kotak Flexicap Fund - Regular - Growth,0.005230461133813202,2.621981368374104
2022-12-05,120843,Kotak Flexicap Fund - Regular - Growth,-0.008684352207302126,2.675879434912243
2022-12-06,120843,Kotak Flexicap Fund - Regular - Growth,-0.012118124291266574,2.26941041644068
2022-12-07,120843,Kotak Flexicap Fund - Regular - Growth,-0.0017674900030264507,2.550528219161447
2022-12-08,120843,Kotak Flexicap Fund - Regular - Growth,0.020633906916000422,3.1311304567591765
2022-12-09,120843,Kotak Flexicap Fund - Regular - Growth,-0.007631816695785387,3.0917175380855935
2022-12-12,120843,Kotak Flexicap Fund - Regular - Growth,0.012504605095360777,3.237134852530326
2022-12-13,120843,Kotak Flexicap Fund - Regular - Growth,0.016705967966525126,3.6002801748736486
2022-12-14,120843,Kotak Flexicap Fund - Regular - Growth,0.001054710754608612,3.724687205958954
2022-12-15,120843,Kotak Flexicap Fund - Regular - Growth,-0.006237377860660143,3.6230651842519914
2022-12-16,120843,Kotak Flexicap Fund - Regular - Growth,0.005780146873151537,3.759358897904032
2022-12-19,120843,Kotak Flexicap Fund - Regular - Growth,0.0025639350125876703,3.562869666960846
2022-12-20,120843,Kotak Flexicap Fund - Regular - Growth,-0.00803232827746625,3.269910357295027
2022-12-21,120843,Kotak Flexicap Fund - Regular - Growth,-0.006025908814253245,3.20223664731353
2022-12-22,120843,Kotak Flexicap Fund - Regular - Growth,0.00518047285296519,2.9707480702523337
2022-12-23,120843,Kotak Flexicap Fund - Regular - Growth,0.010053147211372293,3.04271693783278
2022-12-26,120843,Kotak Flexicap Fund - Regular - Growth,-0.0026540424029963816,3.1794401294019927
2022-12-27,120843,Kotak Flexicap Fund - Regular - Growth,-0.00010135907052011284,3.118933867205307
2022-12-28,120843,Kotak Flexicap Fund - Regular - Growth,0.007360445337869059,3.1411375866083473
2022-12-29,120843,Kotak Flexicap Fund - Regular - Growth,-0.0011427323925404798,3.2470153111958573
2022-12-30,120843,Kotak Flexicap Fund - Regular - Growth,-0.002417851117743841,3.410864638777149
2023-01-02,120843,Kotak Flexicap Fund - Regular - Growth,-0.0069938448687840715,3.2386940764439682
2023-01-03,120843,Kotak Flexicap Fund - Regular - Growth,-0.0071672107863247625,3.1515891539415293
2023-01-04,120843,Kotak Flexicap Fund - Regular - Growth,0.027877510486402413,3.281051397225716
2023-01-05,120843,Kotak Flexicap Fund - Regular - Growth,-0.001381661067392237,3.1170956970517816
2023-01-06,120843,Kotak Flexicap Fund - Regular - Growth,0.014456474122285456,3.4606000903782514
2023-01-09,120843,Kotak Flexicap Fund - Regular - Growth,0.0177234606599197,3.640089871297682
2023-01-10,120843,Kotak Flexicap Fund - Regular - Growth,-0.0012532765399737578,3.4043280724905207
2023-01-11,120843,Kotak Flexicap Fund - Regular - Growth,0.004317337423212164,3.766243731621359
2023-01-12,120843,Kotak Flexicap Fund - Regular - Growth,0.001630007823384183,4.001289430813479
2023-01-13,120843,Kotak Flexicap Fund - Regular - Growth,-0.01553325234604952,3.646163121776923
2023-01-16,120843,Kotak Flexicap Fund - Regular - Growth,-0.014933605415585194,3.3114222725780973
2023-01-17,120843,Kotak Flexicap Fund - Regular - Growth,0.0010879014263782683,3.3297064447414058
2023-01-18,120843,Kotak Flexicap Fund - Regular - Growth,-0.0036800644977073027,3.3076347723776354
2023-01-19,120843,Kotak Flexicap Fund - Regular - Growth,0.019854040685863827,3.642904706257594
2023-01-20,120843,Kotak Flexicap Fund - Regular - Growth,-0.0017869068163635093,3.5333948139660447
2023-01-23,120843,Kotak Flexicap Fund - Regular - Growth,0.020464500103498207,3.6320243531812357
2023-01-24,120843,Kotak Flexicap Fund - Regular - Growth,-0.004196464648923426,3.6329060245519305
2023-01-25,120843,Kotak Flexicap Fund - Regular - Growth,0.020066911432794488,3.582415294013456
2023-01-26,120843,Kotak Flexicap Fund - Regular - Growth,0.005716011061391857,3.3869407781470886
2023-01-27,120843,Kotak Flexicap Fund - Regular - Growth,0.006291905664303599,3.273930699105012
2023-01-30,120843,Kotak Flexicap Fund - Regular - Growth,-0.004552486187845317,3.0702729053145865
2023-01-31,120843,Kotak Flexicap Fund - Regular - Growth,0.006430220609689563,2.8701168999455997
2023-02-01,120843,Kotak Flexicap Fund - Regular - Growth,0.01781395400136443,3.1865131146915187
2023-02-02,120843,Kotak Flexicap Fund - Regular - Growth,-0.0008638078445518671,3.32434036684908
2023-02-03,120843,Kotak Flexicap Fund - Regular - Growth,-0.0028229723636892246,3.3616304055262205
2023-02-06,120843,Kotak Flexicap Fund - Regular - Growth,-0.0018893810878546358,3.519545259869042
2023-02-07,120843,Kotak Flexicap Fund - Regular - Growth,0.017067752626556576,3.744626831187678
2023-02-08,120843,Kotak Flexicap Fund - Regular - Growth,0.009260038723798214,3.8340835552452552
2023-02-09,120843,Kotak Flexicap Fund - Regular - Growth,0.015301905534618854,4.020203090849822
2023-02-10,120843,Kotak Flexicap Fund - Regular - Growth,0.0037625936354064304,4.078194570232588
2023-02-13,120843,Kotak Flexicap Fund - Regular - Growth,0.0009925536157522341,4.061239330436251
2023-02-14,120843,Kotak Flexicap Fund - Regular - Growth,0.004880543385993974,3.880107019183021
2023-02-15,120843,Kotak Flexicap Fund - Regular - Growth,0.01144604514508396,3.9473157327514765
2023-02-16,120843,Kotak Flexicap Fund - Regular - Growth,-0.0018941305355782978,3.7471416364180126
2023-02-17,120843,Kotak Flexicap Fund - Regular - Growth,0.01449451638051813,3.926158288319144
2023-02-20,120843,Kotak Flexicap Fund - Regular - Growth,0.004291572714784531,4.35247308092399
2023-02-21,120843,Kotak Flexicap Fund - Regular - Growth,-0.02337981008488943,4.184106869115573
2023-02-22,120843,Kotak Flexicap Fund - Regular - Growth,0.009544876826759197,4.04166920931055
2023-02-23,120843,Kotak Flexicap Fund - Regular - Growth,-0.012153456535820006,3.873709384975637
2023-02-24,120843,Kotak Flexicap Fund - Regular - Growth,0.009297751025248324,4.141971347926628
2023-02-27,120843,Kotak Flexicap Fund - Regular - Growth,0.00972859715940766,4.247726765829721
2023-02-28,120843,Kotak Flexicap Fund - Regular - Growth,0.003928427556666003,4.2108441797332175
2023-03-01,120843,Kotak Flexicap Fund - Regular - Growth,0.006092588289124512,4.189571623573426
2023-03-02,120843,Kotak Flexicap Fund - Regular - Growth,0.01173981033814897,4.107968017245272
2023-03-03,120843,Kotak Flexicap Fund - Regular - Growth,-0.004390162972038314,3.7756440311340502
2023-03-06,120843,Kotak Flexicap Fund - Regular - Growth,0.008628191597696677,4.081313261164821
2023-03-07,120843,Kotak Flexicap Fund - Regular - Growth,0.012393829208882101,4.108582487885429
2023-03-08,120843,Kotak Flexicap Fund - Regular - Growth,0.018504725560428037,4.444998555551105
2023-03-09,120843,Kotak Flexicap Fund - Regular - Growth,-0.010494112040360548,4.233193237556891
2023-03-10,120843,Kotak Flexicap Fund - Regular - Growth,0.004723509319692898,4.542659085056067
2023-03-13,120843,Kotak Flexicap Fund - Regular - Growth,-0.00905410561608011,4.734101077205039
2023-03-14,120843,Kotak Flexicap Fund - Regular - Growth,-0.009478784980733845,4.519611707572213
2023-03-15,120843,Kotak Flexicap Fund - Regular - Growth,0.00422270154663984,4.794858452810664
2023-03-16,120843,Kotak Flexicap Fund - Regular - Growth,0.001377891685975019,4.652546356382999
2023-03-17,120843,Kotak Flexicap Fund - Regular - Growth,0.01220951976912299,4.896673123715634
2023-03-20,120843,Kotak Flexicap Fund - Regular - Growth,-0.002889755018812279,4.768233774078194
2023-03-21,120843,Kotak Flexicap Fund - Regular - Growth,-0.0007563344740573186,4.52653514658784
2023-03-22,120843,Kotak Flexicap Fund - Regular - Growth,0.002731506978211673,4.920977303864401
2023-03-23,120843,Kotak Flexicap Fund - Regular - Growth,-0.008059040753354507,4.8871310700644885
2023-03-24,120843,Kotak Flexicap Fund - Regular - Growth,-0.006670728924948355,4.693641755162684
2023-03-27,120843,Kotak Flexicap Fund - Regular - Growth,0.011915682679824124,4.819589298515821
2023-03-28,120843,Kotak Flexicap Fund - Regular - Growth,-0.004925781114840211,4.520453754752715
2023-03-29,120843,Kotak Flexicap Fund - Regular - Growth,0.012591694183035074,4.564607931473631
2023-03-30,120843,Kotak Flexicap Fund - Regular - Growth,0.006738835112819919,4.654678599827948
2023-03-31,120843,Kotak Flexicap Fund - Regular - Growth,-0.01488965446669177,4.240097730968288
2023-04-03,120843,Kotak Flexicap Fund - Regular - Growth,0.005958349722719358,4.27383323737092
2023-04-04,120843,Kotak Flexicap Fund - Regular - Growth,0.005878999991739242,4.705402159957102
2023-04-05,120843,Kotak Flexicap Fund - Regular - Growth,0.00486870777350723,4.814624774583515
2023-04-06,120843,Kotak Flexicap Fund - Regular - Growth,-0.0008336273277204098,4.7392449001254615
2023-04-07,120843,Kotak Flexicap Fund - Regular - Growth,-0.008840822925882952,4.450102502747372
2023-04-10,120843,Kotak Flexicap Fund - Regular - Growth,0.014264611220228707,4.863772474251555
2023-04-11,120843,Kotak Flexicap Fund - Regular - Growth,-0.0004285239654739925,5.139921149795986
2023-04-12,120843,Kotak Flexicap Fund - Regular - Growth,-0.008274329499836641,4.989918712718825
2023-04-13,120843,Kotak Flexicap Fund - Regular - Growth,0.005220246238030191,4.798813409142569
2023-04-14,120843,Kotak Flexicap Fund - Regular - Growth,-0.006868386099377233,4.817472185279301
2023-04-17,120843,Kotak Flexicap Fund - Regular - Growth,-0.008930223125400039,4.4103549875166
2023-04-18,120843,Kotak Flexicap Fund - Regular - Growth,-0.0031842290100821957,4.086322928999227
2023-04-19,120843,Kotak Flexicap Fund - Regular - Growth,-0.006091970444511374,3.936157474000069
2023-04-20,120843,Kotak Flexicap Fund - Regular - Growth,-0.008563170829396505,3.882206018659498
2023-04-21,120843,Kotak Flexicap Fund - Regular - Growth,0.008761002278930397,3.930159328857494
2023-04-24,120843,Kotak Flexicap Fund - Regular - Growth,-0.0005511794542626403,3.870752181075091
2023-04-25,120843,Kotak Flexicap Fund - Regular - Growth,0.013304013961605632,4.261780476308206
2023-04-26,120843,Kotak Flexicap Fund - Regular - Growth,-0.007984524214671329,4.216053792807096
2023-04-27,120843,Kotak Flexicap Fund - Regular - Growth,-0.01667675948354408,3.7340293375800355
2023-04-28,120843,Kotak Flexicap Fund - Regular - Growth,0.0020975257670798886,3.6037469087145153
2023-05-01,120843,Kotak Flexicap Fund - Regular - Growth,0.019489415923615416,3.941491115352636
2023-05-02,120843,Kotak Flexicap Fund - Regular - Growth,0.00596442086081761,4.048060202040206
2023-05-03,120843,Kotak Flexicap Fund - Regular - Growth,0.03355401228417154,4.291340431616029
2023-05-04,120843,Kotak Flexicap Fund - Regular - Growth,0.003949378803936643,4.3806739074243595
2023-05-05,120843,Kotak Flexicap Fund - Regular - Growth,0.002973561134165248,4.478363896131983
2023-05-08,120843,Kotak Flexicap Fund - Regular - Growth,-0.02090640649100939,4.143745671046268
2023-05-09,120843,Kotak Flexicap Fund - Regular - Growth,0.004920414188812838,4.364328131278017
2023-05-10,120843,Kotak Flexicap Fund - Regular - Growth,0.002297835444380114,4.069185767797113
2023-05-11,120843,Kotak Flexicap Fund - Regular - Growth,-0.0035058070788379636,4.028132504758541
2023-05-12,120843,Kotak Flexicap Fund - Regular - Growth,-0.000782107740044613,3.7934917792624594
2023-05-15,120843,Kotak Flexicap Fund - Regular - Growth,-9.145181094760702e-05,3.5300888366678866
2023-05-16,120843,Kotak Flexicap Fund - Regular - Growth,-0.0012172273309903892,3.5307677393239385
2023-05-17,120843,Kotak Flexicap Fund - Regular - Growth,0.021893701487231354,3.7602837019477753
2023-05-18,120843,Kotak Flexicap Fund - Regular - Growth,-0.003137659024360695,3.6727744486157494
2023-05-19,120843,Kotak Flexicap Fund - Regular - Growth,0.00230413832761589,4.04769765615698
2023-05-22,120843,Kotak Flexicap Fund - Regular - Growth,-0.0034700240567233642,4.311641096459576
2023-05-23,120843,Kotak Flexicap Fund - Regular - Growth,0.008528581468202567,4.435423008028837
2023-05-24,120843,Kotak Flexicap Fund - Regular - Growth,0.0023791995233726215,4.55304368542691
2023-05-25,120843,Kotak Flexicap Fund - Regular - Growth,-0.0022243052809903796,4.227301753706954
2023-05-26,120843,Kotak Flexicap Fund - Regular - Growth,-0.018639742302872797,3.8303758123884455
2023-05-29,120843,Kotak Flexicap Fund - Regular - Growth,0.003052428773319349,3.59131141169775
2023-05-30,120843,Kotak Flexicap Fund - Regular - Growth,-0.0025219537943941273,3.6251019128622683
2023-05-31,120843,Kotak Flexicap Fund - Regular - Growth,-1.7372247167024568e-05,3.3276225358211526
2023-06-01,120843,Kotak Flexicap Fund - Regular - Growth,-0.011258748080667291,2.9902978981379738
2023-06-02,120843,Kotak Flexicap Fund - Regular - Growth,0.015155119329838929,3.121517760657694
2023-06-05,120843,Kotak Flexicap Fund - Regular - Growth,0.009273127899932732,3.3666317538638646
2023-06-06,120843,Kotak Flexicap Fund - Regular - Growth,0.015128090124792326,3.491847330321712
2023-06-07,120843,Kotak Flexicap Fund - Regular - Growth,0.012229574492416129,3.420917743824354
2023-06-08,120843,Kotak Flexicap Fund - Regular - Growth,0.0065871653621143444,3.551780225413207
2023-06-09,120843,Kotak Flexicap Fund - Regular - Growth,-0.010858724348591253,3.3804704904175034
2023-06-12,120843,Kotak Flexicap Fund - Regular - Growth,0.019360304091516456,3.699100126788798
2023-06-13,120843,Kotak Flexicap Fund - Regular - Growth,-0.008716484667411373,3.2681191240847434
2023-06-14,120843,Kotak Flexicap Fund - Regular - Growth,-0.002108003266639402,3.0750717117807342
2023-06-15,120843,Kotak Flexicap Fund - Regular - Growth,0.0077503618796257445,2.966614121661254
2023-06-16,120843,Kotak Flexicap Fund - Regular - Growth,0.008254143884764309,3.0397330265060365
2023-06-19,120843,Kotak Flexicap Fund - Regular - Growth,0.0063831340281954585,3.1315994695269267
2023-06-20,120843,Kotak Flexicap Fund - Regular - Growth,-0.0034326831452131668,2.981620301338513
2023-06-21,120843,Kotak Flexicap Fund - Regular - Growth,-0.0055074467858168275,2.6889772460618033
2023-06-22,120843,Kotak Flexicap Fund - Regular - Growth,0.02648599677994068,3.0886696006430383
2023-06-23,120843,Kotak Flexicap Fund - Regular - Growth,0.00019913389049852626,2.867813684873585
2023-06-26,120843,Kotak Flexicap Fund - Regular - Growth,-0.0010347984785266107,2.7756937947451474
2023-06-27,120843,Kotak Flexicap Fund - Regular - Growth,-0.006575685587499769,3.1629998373689903
2023-06-28,120843,Kotak Flexicap Fund - Regular - Growth,0.003066261464424791,3.0576695158923406
2023-06-29,120843,Kotak Flexicap Fund - Regular - Growth,0.002595145029346657,3.359601889051734
2023-06-30,120843,Kotak Flexicap Fund - Regular - Growth,0.0004309941434053055,3.209085978994637
2023-07-03,120843,Kotak Flexicap Fund - Regular - Growth,0.004453328672396006,3.12363940221674
2023-07-04,120843,Kotak Flexicap Fund - Regular - Growth,0.018539441500703413,3.335785294502869
2023-07-05,120843,Kotak Flexicap Fund - Regular - Growth,-0.005387566727985682,3.123684554435405
2023-07-06,120843,Kotak Flexicap Fund - Regular - Growth,0.0010294002020092563,2.9489926994620124
2023-07-07,120843,Kotak Flexicap Fund - Regular - Growth,-0.005916287432964351,2.9180094359354802
2023-07-10,120843,Kotak Flexicap Fund - Regular - Growth,0.003571385157722151,2.8345922027953017
2023-07-11,120843,Kotak Flexicap Fund - Regular - Growth,-0.005121198467032073,2.530225242424668
2023-07-12,120843,Kotak Flexicap Fund - Regular - Growth,-0.00468978279925969,2.1441440405227388
2023-07-13,120843,Kotak Flexicap Fund - Regular - Growth,-0.014015764983339563,2.067757414871807
2023-07-14,120843,Kotak Flexicap Fund - Regular - Growth,0.0015817877302897188,2.0120032731477187
2023-07-17,120843,Kotak Flexicap Fund - Regular - Growth,0.004938531570309435,2.2798340024151145
2023-07-18,120843,Kotak Flexicap Fund - Regular - Growth,0.01953625732147435,2.7776232166708232
2023-07-19,120843,Kotak Flexicap Fund - Regular - Growth,0.005341154453420316,2.7967331646398716
2023-07-20,120843,Kotak Flexicap Fund - Regular - Growth,-0.003928665913081164,2.695703684680915
2023-07-21,120843,Kotak Flexicap Fund - Regular - Growth,-0.013024062160077232,2.2272387500988224
2023-07-24,120843,Kotak Flexicap Fund - Regular - Growth,-0.011646127029754427,2.052068684433793
2023-07-25,120843,Kotak Flexicap Fund - Regular - Growth,-0.01238607729664698,1.8261846030253661
2023-07-26,120843,Kotak Flexicap Fund - Regular - Growth,0.019716890811482868,2.0862115950910867
2023-07-27,120843,Kotak Flexicap Fund - Regular - Growth,0.0035011613188649093,2.2967468393947903
2023-07-28,120843,Kotak Flexicap Fund - Regular - Growth,-0.005265871397623356,2.323809503439466
2023-07-31,120843,Kotak Flexicap Fund - Regular - Growth,-0.00903876623672406,1.9596040591875135
2023-08-01,120843,Kotak Flexicap Fund - Regular - Growth,-0.008000626135958533,1.901192298036086
2023-08-02,120843,Kotak Flexicap Fund - Regular - Growth,-0.005530390220626957,1.5943075499892099
2023-08-03,120843,Kotak Flexicap Fund - Regular - Growth,0.013958273778115649,1.7076594425303284
2023-08-04,120843,Kotak Flexicap Fund - Regular - Growth,0.00029310762390322154,1.9985106629472806
2023-08-07,120843,Kotak Flexicap Fund - Regular - Growth,-0.013896183391875483,1.6315664152948197
2023-08-08,120843,Kotak Flexicap Fund - Regular - Growth,0.02416996030012264,1.8973883155743294
2023-08-09,120843,Kotak Flexicap Fund - Regular - Growth,-0.010837159840423882,1.621108918485414
2023-08-10,120843,Kotak Flexicap Fund - Regular - Growth,-0.005345579736263262,1.5424352144511977
2023-08-11,120843,Kotak Flexicap Fund - Regular - Growth,0.013894980438316828,1.9173145669776284
2023-08-14,120843,Kotak Flexicap Fund - Regular - Growth,0.00479166486938154,1.7732008473433023
2023-08-15,120843,Kotak Flexicap Fund - Regular - Growth,-0.004132236473334272,1.708620601590642
2023-08-16,120843,Kotak Flexicap Fund - Regular - Growth,-0.01174611541910131,1.643774458032467
2023-08-17,120843,Kotak Flexicap Fund - Regular - Growth,-0.00910653284994467,1.3978307938994916
2023-08-18,120843,Kotak Flexicap Fund - Regular - Growth,-0.008506019489764594,1.368581543695979
2023-08-21,120843,Kotak Flexicap Fund - Regular - Growth,0.0006672408828383158,1.5359671737659424
2023-08-22,120843,Kotak Flexicap Fund - Regular - Growth,0.0025239368343925594,1.6328052978177838
2023-08-23,120843,Kotak Flexicap Fund - Regular - Growth,-0.0009028397724945014,1.7239058439984436
2023-08-24,120843,Kotak Flexicap Fund - Regular - Growth,0.00019996861252158382,1.880076386831789
2023-08-25,120843,Kotak Flexicap Fund - Regular - Growth,-0.009944551438600402,1.5593148195679436
2023-08-28,120843,Kotak Flexicap Fund - Regular - Growth,0.0035556214477334702,1.6280680772986653
2023-08-29,120843,Kotak Flexicap Fund - Regular - Growth,0.013592628676587726,1.6323256380100175
2023-08-30,120843,Kotak Flexicap Fund - Regular - Growth,-0.0010441298792026599,1.7559868270905532
2023-08-31,120843,Kotak Flexicap Fund - Regular - Growth,-0.0012414360408881109,2.049909418425054
2023-09-01,120843,Kotak Flexicap Fund - Regular - Growth,0.0014331410724630622,2.038575974503375
2023-09-04,120843,Kotak Flexicap Fund - Regular - Growth,0.011935392191630312,1.9315033526919505
2023-09-05,120843,Kotak Flexicap Fund - Regular - Growth,-0.008387091161927263,1.6762172380267337
2023-09-06,120843,Kotak Flexicap Fund - Regular - Growth,0.015334486302228223,1.428722142063492
2023-09-07,120843,Kotak Flexicap Fund - Regular - Growth,0.004853266450746352,1.4445821966143817
2023-09-08,120843,Kotak Flexicap Fund - Regular - Growth,0.0008844035435102704,1.4070438122848288
2023-09-11,120843,Kotak Flexicap Fund - Regular - Growth,0.012905791160834124,2.0630630867806765
2023-09-12,120843,Kotak Flexicap Fund - Regular - Growth,-0.011254701070099293,1.7482749677117877
2023-09-13,120843,Kotak Flexicap Fund - Regular - Growth,0.005874604040168929,1.811610942725485
2023-09-14,120843,Kotak Flexicap Fund - Regular - Growth,0.004943661988989545,1.9674976296446434
2023-09-15,120843,Kotak Flexicap Fund - Regular - Growth,-0.008793718564638286,1.809998447723341
2023-09-18,120843,Kotak Flexicap Fund - Regular - Growth,0.005251616517031099,1.9057378120790898
2023-09-19,120843,Kotak Flexicap Fund - Regular - Growth,0.003456427239225901,1.9910298215343964
2023-09-20,120843,Kotak Flexicap Fund - Regular - Growth,-0.0012051581739792594,1.611783935961171
2023-09-21,120843,Kotak Flexicap Fund - Regular - Growth,0.009334857986341039,1.8392753324943945
2023-09-22,120843,Kotak Flexicap Fund - Regular - Growth,-0.005154639175257603,1.6961534945445578
2023-09-25,120843,Kotak Flexicap Fund - Regular - Growth,0.003325685023416236,1.824411518930917
2023-09-26,120843,Kotak Flexicap Fund - Regular - Growth,-0.0007313702408220379,1.657372624211928
2023-09-27,120843,Kotak Flexicap Fund - Regular - Growth,-0.005585150637493319,1.5046194948054468
2023-09-28,120843,Kotak Flexicap Fund - Regular - Growth,0.0056795722132629844,1.6507322415347585
2023-09-29,120843,Kotak Flexicap Fund - Regular - Growth,-0.0014974788821717766,2.0191630273985455
2023-10-02,120843,Kotak Flexicap Fund - Regular - Growth,-0.014149576406263686,1.6658035354391412
2023-10-03,120843,Kotak Flexicap Fund - Regular - Growth,-0.01740495863719549,1.3579443600825076
2023-10-04,120843,Kotak Flexicap Fund - Regular - Growth,0.00858488402241786,1.5111254931494267
2023-10-05,120843,Kotak Flexicap Fund - Regular - Growth,-0.0116386997581297,1.5032837112318171
2023-10-06,120843,Kotak Flexicap Fund - Regular - Growth,0.0034163067373269573,1.3035458110850744
2023-10-09,120843,Kotak Flexicap Fund - Regular - Growth,0.0011502618309975343,1.1578159144460207
2023-10-10,120843,Kotak Flexicap Fund - Regular - Growth,-0.00311446208310473,0.8275203633544107
2023-10-11,120843,Kotak Flexicap Fund - Regular - Growth,0.02052451966480473,0.9680899527016392
2023-10-12,120843,Kotak Flexicap Fund - Regular - Growth,0.0024091992501993342,0.8922261227141675
2023-10-13,120843,Kotak Flexicap Fund - Regular - Growth,0.008245316159965377,1.254114787180467
2023-10-16,120843,Kotak Flexicap Fund - Regular - Growth,0.0034721213353865465,0.9780316603266058
2023-10-17,120843,Kotak Flexicap Fund - Regular - Growth,-0.001737292429748294,1.1176713542797587
2023-10-18,120843,Kotak Flexicap Fund - Regular - Growth,0.00040244804432010284,1.1665820447737272
2023-10-19,120843,Kotak Flexicap Fund - Regular - Growth,0.015413720494485972,1.2997372654425212
2023-10-20,120843,Kotak Flexicap Fund - Regular - Growth,0.011629594730930837,1.3585295006121842
2023-10-23,120843,Kotak Flexicap Fund - Regular - Growth,0.020476230237926885,1.5897135826739177
2023-10-24,120843,Kotak Flexicap Fund - Regular - Growth,0.0028327306001747488,1.707629688247716
2023-10-25,120843,Kotak Flexicap Fund - Regular - Growth,-0.008208721953820719,1.6531126911200598
2023-10-26,120843,Kotak Flexicap Fund - Regular - Growth,-0.0038376462436371384,1.1373870630251448
2023-10-27,120843,Kotak Flexicap Fund - Regular - Growth,-0.01131186192665723,0.9067208165020246
2023-10-30,120843,Kotak Flexicap Fund - Regular - Growth,0.0083612551647545,1.0821698310397456
2023-10-31,120843,Kotak Flexicap Fund - Regular - Growth,-0.005296937693312076,1.1077364124174522
2023-11-01,120843,Kotak Flexicap Fund - Regular - Growth,-0.029748087815623214,0.45594390382510125
2023-11-02,120843,Kotak Flexicap Fund - Regular - Growth,0.025754445434400752,0.8423403981212922
2023-11-03,120843,Kotak Flexicap Fund - Regular - Growth,-0.0051431878100319794,0.7441583039475033
2023-11-06,120843,Kotak Flexicap Fund - Regular - Growth,-0.005201762273185584,0.5761487572018085
2023-11-07,120843,Kotak Flexicap Fund - Regular - Growth,0.01759579682427792,0.5608069567994675
2023-11-08,120843,Kotak Flexicap Fund - Regular - Growth,-0.011515209672776194,0.45174164215894475
2023-11-09,120843,Kotak Flexicap Fund - Regular - Growth,0.012122905424763353,0.6385671951896738
2023-11-10,120843,Kotak Flexicap Fund - Regular - Growth,-0.005310425980381783,0.649203640705993
2023-11-13,120843,Kotak Flexicap Fund - Regular - Growth,-0.012667248366028505,0.36767885570692893
2023-11-14,120843,Kotak Flexicap Fund - Regular - Growth,0.017946427508009677,0.7491059001770457
2023-11-15,120843,Kotak Flexicap Fund - Regular - Growth,0.009948776030271,0.9914647909173995
2023-11-16,120843,Kotak Flexicap Fund - Regular - Growth,0.009916807714720255,1.4010561528774403
2023-11-17,120843,Kotak Flexicap Fund - Regular - Growth,0.004309766318207009,1.4461517104711414
2023-11-20,120843,Kotak Flexicap Fund - Regular - Growth,0.006655640561143317,1.4737812199928422
2023-11-21,120843,Kotak Flexicap Fund - Regular - Growth,-0.011753893285677774,0.9574823823151664
2023-11-22,120843,Kotak Flexicap Fund - Regular - Growth,0.0017222256666735714,0.8970509015456841
2023-11-23,120843,Kotak Flexicap Fund - Regular - Growth,-0.008728133818395212,0.8127088847815913
2023-11-24,120843,Kotak Flexicap Fund - Regular - Growth,-0.013314432196991133,0.8074597061540596
2023-11-27,120843,Kotak Flexicap Fund - Regular - Growth,0.004748422661179141,1.0925108001109916
2023-11-28,120843,Kotak Flexicap Fund - Regular - Growth,0.012344469481728293,1.5174334823172435
2023-11-29,120843,Kotak Flexicap Fund - Regular - Growth,-0.003263930172862639,1.145498434423289
2023-11-30,120843,Kotak Flexicap Fund - Regular - Growth,-0.0015407928668110804,1.0579539637244517
2023-12-01,120843,Kotak Flexicap Fund - Regular - Growth,-0.010817243686661038,0.9563441347347474
2023-12-04,120843,Kotak Flexicap Fund - Regular - Growth,0.0006682567510314374,1.1301159331790815
2023-12-05,120843,Kotak Flexicap Fund - Regular - Growth,0.00829090807021493,1.4152009487925772
2023-12-06,120843,Kotak Flexicap Fund - Regular - Growth,0.008608990374912251,1.660024336580081
2023-12-07,120843,Kotak Flexicap Fund - Regular - Growth,0.006108949058357016,1.5353660911864773
2023-12-08,120843,Kotak Flexicap Fund - Regular - Growth,-0.005621496566292183,1.4282598238963298
2023-12-11,120843,Kotak Flexicap Fund - Regular - Growth,-0.0059406532419550295,1.582655670335088
2023-12-12,120843,Kotak Flexicap Fund - Regular - Growth,0.008649698763833147,1.3454665207296745
2023-12-13,120843,Kotak Flexicap Fund - Regular - Growth,0.008818572656921875,1.7103171579174197
2023-12-14,120843,Kotak Flexicap Fund - Regular - Growth,-0.0011375749765326626,1.7910149567688076
2023-12-15,120843,Kotak Flexicap Fund - Regular - Growth,-0.003694218383258896,1.4823362840242804
2023-12-18,120843,Kotak Flexicap Fund - Regular - Growth,0.012436992830828997,1.6118029004844139
2023-12-19,120843,Kotak Flexicap Fund - Regular - Growth,-0.003028474427155925,1.6330195756532329
2023-12-20,120843,Kotak Flexicap Fund - Regular - Growth,0.008146849191084993,2.011785792262233
2023-12-21,120843,Kotak Flexicap Fund - Regular - Growth,-0.0007833006583990443,2.1793170182089425
2023-12-22,120843,Kotak Flexicap Fund - Regular - Growth,-0.009913488611336674,2.14921182999759
2023-12-25,120843,Kotak Flexicap Fund - Regular - Growth,0.016988892619581142,2.415669710887908
2023-12-26,120843,Kotak Flexicap Fund - Regular - Growth,0.0018069205055362136,2.4027153522505054
2023-12-27,120843,Kotak Flexicap Fund - Regular - Growth,-0.006547736349233335,2.291551903577072
2023-12-28,120843,Kotak Flexicap Fund - Regular - Growth,-0.01333307930587746,2.019499809964655
2023-12-29,120843,Kotak Flexicap Fund - Regular - Growth,-0.012329692921927204,1.9698435847996916
2024-01-01,120843,Kotak Flexicap Fund - Regular - Growth,-0.0031579915817557813,1.848137213337797
2024-01-02,120843,Kotak Flexicap Fund - Regular - Growth,0.02019972450201557,1.9432127824445706
2024-01-03,120843,Kotak Flexicap Fund - Regular - Growth,-0.0052832569831834375,1.8643218876957617
2024-01-04,120843,Kotak Flexicap Fund - Regular - Growth,0.015299597217469652,2.133580233417414
2024-01-05,120843,Kotak Flexicap Fund - Regular - Growth,-0.0007222124558694532,2.0954362986590707
2024-01-08,120843,Kotak Flexicap Fund - Regular - Growth,-0.01124664404713338,1.686869109223729
2024-01-09,120843,Kotak Flexicap Fund - Regular - Growth,-0.004164744839966206,1.7664929778965266
2024-01-10,120843,Kotak Flexicap Fund - Regular - Growth,-0.012240364525247682,1.2865773098914766
2024-01-11,120843,Kotak Flexicap Fund - Regular - Growth,-0.008000221204272906,1.0579336636830263
2024-01-12,120843,Kotak Flexicap Fund - Regular - Growth,-0.008298181716823505,0.8937069670388146
2024-01-15,120843,Kotak Flexicap Fund - Regular - Growth,-0.018420470155887214,0.3454366325179658
2024-01-16,120843,Kotak Flexicap Fund - Regular - Growth,0.015968349642907498,0.8089988412117485
2024-01-17,120843,Kotak Flexicap Fund - Regular - Growth,0.002725643597145,0.7561031525314732
2024-01-18,120843,Kotak Flexicap Fund - Regular - Growth,-0.006301947736346514,0.5628093182692597
2024-01-19,120843,Kotak Flexicap Fund - Regular - Growth,0.0028344738014476345,0.7648597886468516
2024-01-22,120843,Kotak Flexicap Fund - Regular - Growth,-0.007795394688131396,0.5395483008847853
2024-01-23,120843,Kotak Flexicap Fund - Regular - Growth,-0.025982701888294102,0.03401235938788365
2024-01-24,120843,Kotak Flexicap Fund - Regular - Growth,0.030862756257311608,0.5402404772267478
2024-01-25,120843,Kotak Flexicap Fund - Regular - Growth,0.0025091512651336245,0.43367283515339083
2024-01-26,120843,Kotak Flexicap Fund - Regular - Growth,-0.00532698535226106,0.4308972412251188
2024-01-29,120843,Kotak Flexicap Fund - Regular - Growth,-0.018718864493781462,0.07945756643197684
2024-01-30,120843,Kotak Flexicap Fund - Regular - Growth,-0.014360908238232883,-0.13251441463047273
2024-01-31,120843,Kotak Flexicap Fund - Regular - Growth,0.017421308720316997,0.2215046222994309
2024-02-01,120843,Kotak Flexicap Fund - Regular - Growth,0.01585708188818291,0.37404746682120643
2024-02-02,120843,Kotak Flexicap Fund - Regular - Growth,0.008221350422191742,0.52033923115107
2024-02-05,120843,Kotak Flexicap Fund - Regular - Growth,-0.010587575210519007,0.5764680232604161
2024-02-06,120843,Kotak Flexicap Fund - Regular - Growth,0.015939790395790077,1.0875021005454528
2024-02-07,120843,Kotak Flexicap Fund - Regular - Growth,0.005141541271290739,1.036783861767155
2024-02-08,120843,Kotak Flexicap Fund - Regular - Growth,0.007222678536783267,1.3316526469425918
2024-02-09,120843,Kotak Flexicap Fund - Regular - Growth,0.00510508917181296,1.3569554750277373
2024-02-12,120843,Kotak Flexicap Fund - Regular - Growth,-0.01448811343532963,1.105731508351977
2024-02-13,120843,Kotak Flexicap Fund - Regular - Growth,-0.011415043917003098,0.9741306465916347
2024-02-14,120843,Kotak Flexicap Fund - Regular - Growth,-0.0045372307344376805,0.604556742506951
2024-02-15,120843,Kotak Flexicap Fund - Regular - Growth,0.007107832696740424,0.6755541050742125
2024-02-16,120843,Kotak Flexicap Fund - Regular - Growth,-0.01322945586519586,0.34453540190106885
2024-02-19,120843,Kotak Flexicap Fund - Regular - Growth,-0.0011716084970191387,0.2738106608265601
2024-02-20,120843,Kotak Flexicap Fund - Regular - Growth,-0.0011837112745817224,0.2822784663167318
2024-02-21,120843,Kotak Flexicap Fund - Regular - Growth,0.008621615622023793,0.4064924019208451
2024-02-22,120843,Kotak Flexicap Fund - Regular - Growth,0.007422632105812399,0.2870698895622263
2024-02-23,120843,Kotak Flexicap Fund - Regular - Growth,-0.009540857255949331,-0.037498251257956104
2024-02-26,120843,Kotak Flexicap Fund - Regular - Growth,0.015291698487313488,-0.11804261325153
2024-02-27,120843,Kotak Flexicap Fund - Regular - Growth,-0.011066817883977564,-0.33160009178538064
2024-02-28,120843,Kotak Flexicap Fund - Regular - Growth,0.01167135946180875,-0.025278342956500797
2024-02-29,120843,Kotak Flexicap Fund - Regular - Growth,-0.004937132983877546,-0.04214469987257384
2024-03-01,120843,Kotak Flexicap Fund - Regular - Growth,0.0022502730714584196,0.16691229936353197
2024-03-04,120843,Kotak Flexicap Fund - Regular - Growth,0.002876176897170568,0.08248584837846278
2024-03-05,120843,Kotak Flexicap Fund - Regular - Growth,0.0025912904626506084,0.2047335226800343
2024-03-06,120843,Kotak Flexicap Fund - Regular - Growth,0.007420809000903361,0.8110243869089888
2024-03-07,120843,Kotak Flexicap Fund - Regular - Growth,0.004552125827737896,0.4841042160579951
2024-03-08,120843,Kotak Flexicap Fund - Regular - Growth,0.00852920164417803,0.7096394856465025
2024-03-11,120843,Kotak Flexicap Fund - Regular - Growth,0.005292797802576299,0.8838544029843529
2024-03-12,120843,Kotak Flexicap Fund - Regular - Growth,-0.01207643682138837,0.3950189998604574
2024-03-13,120843,Kotak Flexicap Fund - Regular - Growth,0.0033204695288631125,0.6467899181704585
2024-03-14,120843,Kotak Flexicap Fund - Regular - Growth,-0.005075834152785563,0.35999796397124134
2024-03-15,120843,Kotak Flexicap Fund - Regular - Growth,-0.010529077212849347,0.2706898831509513
2024-03-18,120843,Kotak Flexicap Fund - Regular - Growth,-0.0023233476672332998,0.448286356425988
2024-03-19,120843,Kotak Flexicap Fund - Regular - Growth,0.002445312645693143,0.18855302461158124
2024-03-20,120843,Kotak Flexicap Fund - Regular - Growth,0.003117202633286187,0.07116808922488081
2024-03-21,120843,Kotak Flexicap Fund - Regular - Growth,0.011302270538176229,0.0950057514267659
2024-03-22,120843,Kotak Flexicap Fund - Regular - Growth,0.013865934363173293,0.25782516723374593
2024-03-25,120843,Kotak Flexicap Fund - Regular - Growth,0.003992783146204548,0.21252370210953553
2024-03-26,120843,Kotak Flexicap Fund - Regular - Growth,0.0058246108669022245,0.5171653973470415
2024-03-27,120843,Kotak Flexicap Fund - Regular - Growth,0.001557145911624369,0.5143284874340674
2024-03-28,120843,Kotak Flexicap Fund - Regular - Growth,0.008362654410679848,0.8101856578904274
2024-03-29,120843,Kotak Flexicap Fund - Regular - Growth,0.005518891034323792,1.1461473778608342
2024-04-01,120843,Kotak Flexicap Fund - Regular - Growth,4.629869492789318e-05,1.0650830836314173
2024-04-02,120843,Kotak Flexicap Fund - Regular - Growth,0.022535397571635807,1.220303626194019
2024-04-03,120843,Kotak Flexicap Fund - Regular - Growth,-0.004898457266242606,1.1912916201753259
2024-04-04,120843,Kotak Flexicap Fund - Regular - Growth,0.015372198961103756,1.4650760931057423
2024-04-05,120843,Kotak Flexicap Fund - Regular - Growth,-0.012970441221186735,1.4245281579512148
2024-04-08,120843,Kotak Flexicap Fund - Regular - Growth,0.00883445317837106,1.557525319485405
2024-04-09,120843,Kotak Flexicap Fund - Regular - Growth,0.015189097622310355,1.6611933665526157
2024-04-10,120843,Kotak Flexicap Fund - Regular - Growth,-0.01845532925865212,1.1899721667316978
2024-04-11,120843,Kotak Flexicap Fund - Regular - Growth,0.001997868796579816,1.1238253747398064
2024-04-12,120843,Kotak Flexicap Fund - Regular - Growth,0.007836033520452368,1.3450002648965411
2024-04-15,120843,Kotak Flexicap Fund - Regular - Growth,0.003140070127167993,1.4976600761105228
2024-04-16,120843,Kotak Flexicap Fund - Regular - Growth,0.004416728585075802,1.4311251641997025
2024-04-17,120843,Kotak Flexicap Fund - Regular - Growth,0.0019698582103668816,1.321864548822445
2024-04-18,120843,Kotak Flexicap Fund - Regular - Growth,-0.010379433091628143,1.1615454570622639
2024-04-19,120843,Kotak Flexicap Fund - Regular - Growth,0.02476435706033575,1.5887549263122278
2024-04-22,120843,Kotak Flexicap Fund - Regular - Growth,-0.0044700058241118334,1.3233903602671107
2024-04-23,120843,Kotak Flexicap Fund - Regular - Growth,0.004984214738064763,1.4526881840017778
2024-04-24,120843,Kotak Flexicap Fund - Regular - Growth,-0.005907527393650414,1.2261793308701272
2024-04-25,120843,Kotak Flexicap Fund - Regular - Growth,-0.02209534565151472,0.861357007325814
2024-04-26,120843,Kotak Flexicap Fund - Regular - Growth,-0.00868495904531752,0.8816871558977553
2024-04-29,120843,Kotak Flexicap Fund - Regular - Growth,-0.013897728081738059,0.39547788860522815
2024-04-30,120843,Kotak Flexicap Fund - Regular - Growth,0.011665175338611666,0.5484011330138938
2024-05-01,120843,Kotak Flexicap Fund - Regular - Growth,-0.005506910399442844,0.5651211035584756
2024-05-02,120843,Kotak Flexicap Fund - Regular - Growth,-0.004575181164344411,0.7082912634428771
2024-05-03,120843,Kotak Flexicap Fund - Regular - Growth,-0.010081515001578278,0.7457492519189881
2024-05-06,120843,Kotak Flexicap Fund - Regular - Growth,0.0015447304279896379,0.8210209927231608
2024-05-07,120843,Kotak Flexicap Fund - Regular - Growth,-0.006604554112725869,0.4007777050898218
2024-05-08,120843,Kotak Flexicap Fund - Regular - Growth,0.010653068829071799,0.6561538340817642
2024-05-09,120843,Kotak Flexicap Fund - Regular - Growth,0.0036463671298054834,0.4731151009307724
2024-05-10,120843,Kotak Flexicap Fund - Regular - Growth,-0.0051550280383233504,0.4004240246729495
2024-05-13,120843,Kotak Flexicap Fund - Regular - Growth,0.00920734213551433,0.734866681983042
2024-05-14,120843,Kotak Flexicap Fund - Regular - Growth,0.0006751576819876703,0.8146025491990201
2024-05-15,120843,Kotak Flexicap Fund - Regular - Growth,0.0008129072698068729,1.0358310087081355
2024-05-16,120843,Kotak Flexicap Fund - Regular - Growth,-0.014047414782025314,0.9299817602268596
2024-05-17,120843,Kotak Flexicap Fund - Regular - Growth,-0.0001213121118013305,1.0676554248298842
2024-05-20,120843,Kotak Flexicap Fund - Regular - Growth,0.00384385457545533,1.4585933993712026
2024-05-21,120843,Kotak Flexicap Fund - Regular - Growth,0.014135389896135386,1.4317226503402631
2024-05-22,120843,Kotak Flexicap Fund - Regular - Growth,-0.006958890217900082,1.2659084947905082
2024-05-23,120843,Kotak Flexicap Fund - Regular - Growth,0.02383563048717563,1.7286440329513664
2024-05-24,120843,Kotak Flexicap Fund - Regular - Growth,0.006227515302381859,1.7820424881780579
2024-05-27,120843,Kotak Flexicap Fund - Regular - Growth,-0.01461144176392093,1.6576531541852477
2024-05-28,120843,Kotak Flexicap Fund - Regular - Growth,-0.007891770011274057,2.0134543638243705
2024-05-29,120843,Kotak Flexicap Fund - Regular - Growth,0.015029465291619637,1.8129976495266602
2024-05-30,120843,Kotak Flexicap Fund - Regular - Growth,0.013211397298168448,1.9829284914060872
2024-05-31,120843,Kotak Flexicap Fund - Regular - Growth,0.0007784084864432828,2.0926020426662615
2024-06-03,120843,Kotak Flexicap Fund - Regular - Growth,0.0021081725101883553,2.506012037465669
2024-06-04,120843,Kotak Flexicap Fund - Regular - Growth,-0.011080594255946097,2.5772782836475794
2024-06-05,120843,Kotak Flexicap Fund - Regular - Growth,0.014010716201218187,2.5307653461904787
2024-06-06,120843,Kotak Flexicap Fund - Regular - Growth,-0.00931650671322648,2.0942163452536287
2024-06-07,120843,Kotak Flexicap Fund - Regular - Growth,0.009151440696423041,2.1091712123669906
2024-06-10,120843,Kotak Flexicap Fund - Regular - Growth,0.014323459589028253,2.5510276832426295
2024-06-11,120843,Kotak Flexicap Fund - Regular - Growth,0.0010813993121183696,2.313816307465249
2024-06-12,120843,Kotak Flexicap Fund - Regular - Growth,0.010401996622085186,2.3994262331618645
2024-06-13,120843,Kotak Flexicap Fund - Regular - Growth,0.01940327921749696,2.5757412686100523
2024-06-14,120843,Kotak Flexicap Fund - Regular - Growth,0.0033015432911858156,2.5451803665453783
2024-06-17,120843,Kotak Flexicap Fund - Regular - Growth,-0.001171106321078863,2.8216022916782078
2024-06-18,120843,Kotak Flexicap Fund - Regular - Growth,-7.79653833696825e-05,3.0558661392608655
2024-06-19,120843,Kotak Flexicap Fund - Regular - Growth,-0.0068704854023428075,3.0072345756661196
2024-06-20,120843,Kotak Flexicap Fund - Regular - Growth,-0.007095168259866891,2.741995400560122
2024-06-21,120843,Kotak Flexicap Fund - Regular - Growth,0.005066683967868357,3.1118448395476896
2024-06-24,120843,Kotak Flexicap Fund - Regular - Growth,-0.001057046201391465,3.1140689236955867
2024-06-25,120843,Kotak Flexicap Fund - Regular - Growth,0.0039045066912763993,3.2082079593732034
2024-06-26,120843,Kotak Flexicap Fund - Regular - Growth,-0.01431817198904517,2.7532179010157325
2024-06-27,120843,Kotak Flexicap Fund - Regular - Growth,-0.0003377464860591095,2.6176072895379643
2024-06-28,120843,Kotak Flexicap Fund - Regular - Growth,0.011038140480599035,2.996978943950944
2024-07-01,120843,Kotak Flexicap Fund - Regular - Growth,-0.010625860669474574,2.5320201746566275
2024-07-02,120843,Kotak Flexicap Fund - Regular - Growth,0.0007622581208039936,2.7735298457879707
2024-07-03,120843,Kotak Flexicap Fund - Regular - Growth,-0.01793459973693068,2.1940416707081463
2024-07-04,120843,Kotak Flexicap Fund - Regular - Growth,-0.01248415341055975,2.0397947422820213
2024-07-05,120843,Kotak Flexicap Fund - Regular - Growth,0.00877389427378561,2.14967234397223
2024-07-08,120843,Kotak Flexicap Fund - Regular - Growth,-0.002519120090217264,2.0520351964800683
2024-07-09,120843,Kotak Flexicap Fund - Regular - Growth,0.019141210705870826,2.305744169788535
2024-07-10,120843,Kotak Flexicap Fund - Regular - Growth,0.004966351023822924,2.26569966995529
2024-07-11,120843,Kotak Flexicap Fund - Regular - Growth,0.005960979710428749,2.289030040138578
2024-07-12,120843,Kotak Flexicap Fund - Regular - Growth,-0.01020231205079647,1.9520708419135
2024-07-15,120843,Kotak Flexicap Fund - Regular - Growth,-0.0032807679579014426,1.8022381076561051
2024-07-16,120843,Kotak Flexicap Fund - Regular - Growth,-0.006766112692474846,1.9066443924304795
2024-07-17,120843,Kotak Flexicap Fund - Regular - Growth,-0.010092040318482431,1.6601857508940474
2024-07-18,120843,Kotak Flexicap Fund - Regular - Growth,0.007312411653018991,1.8761000564736525
2024-07-19,120843,Kotak Flexicap Fund - Regular - Growth,0.009352846541076376,2.231829713940253
2024-07-22,120843,Kotak Flexicap Fund - Regular - Growth,0.004626406611679013,2.3539992448819738
2024-07-23,120843,Kotak Flexicap Fund - Regular - Growth,-0.007720889289223765,2.16614289225176
2024-07-24,120843,Kotak Flexicap Fund - Regular - Growth,0.003936386508592404,2.179997314861195
2024-07-25,120843,Kotak Flexicap Fund - Regular - Growth,-0.018509442240450147,1.6350571352459884
2024-07-26,120843,Kotak Flexicap Fund - Regular - Growth,0.014028196675317517,1.6374765316194881
2024-07-29,120843,Kotak Flexicap Fund - Regular - Growth,-0.012411484804654926,1.3440939547808812
2024-07-30,120843,Kotak Flexicap Fund - Regular - Growth,-0.010640844577183506,1.0584561626772901
2024-07-31,120843,Kotak Flexicap Fund - Regular - Growth,0.0017582083181004737,1.0618336151399852
2024-08-01,120843,Kotak Flexicap Fund - Regular - Growth,0.0026569431758012296,0.9681549057088688
2024-08-02,120843,Kotak Flexicap Fund - Regular - Growth,-0.00013780755543080225,0.8733368979758556
2024-08-05,120843,Kotak Flexicap Fund - Regular - Growth,-0.010537944385409337,0.6893417959249003
2024-08-06,120843,Kotak Flexicap Fund - Regular - Growth,0.012090968829948201,0.5227670645433389
2024-08-07,120843,Kotak Flexicap Fund - Regular - Growth,-0.01626454442780978,0.32326956800285084
2024-08-08,120843,Kotak Flexicap Fund - Regular - Growth,-0.014252240629512247,-0.17940510444187194
2024-08-09,120843,Kotak Flexicap Fund - Regular - Growth,-0.0004821240326370324,0.03300326587428789
2024-08-12,120843,Kotak Flexicap Fund - Regular - Growth,-0.012074089971969126,-0.32417155680445014
2024-08-13,120843,Kotak Flexicap Fund - Regular - Growth,0.013001760998008649,-0.3627241266745907
2024-08-14,120843,Kotak Flexicap Fund - Regular - Growth,-0.011216714594401433,-0.24142576597925045
2024-08-15,120843,Kotak Flexicap Fund - Regular - Growth,0.01642222828343254,0.008424912392690394
2024-08-16,120843,Kotak Flexicap Fund - Regular - Growth,0.011089545113110333,0.06380004015874621
2024-08-19,120843,Kotak Flexicap Fund - Regular - Growth,0.013128456785451936,0.23194496990397595
2024-08-20,120843,Kotak Flexicap Fund - Regular - Growth,0.019809407180160665,0.4828758385294803
2024-08-21,120843,Kotak Flexicap Fund - Regular - Growth,0.0014154004231756723,0.4737198809863201
2024-08-22,120843,Kotak Flexicap Fund - Regular - Growth,-0.009569294196303924,0.48755516262747645
2024-08-23,120843,Kotak Flexicap Fund - Regular - Growth,-0.00044205446110945346,0.0714873013202843
2024-08-26,120843,Kotak Flexicap Fund - Regular - Growth,-0.005104084828745359,0.06061573633247999
2024-08-27,120843,Kotak Flexicap Fund - Regular - Growth,-0.006530765932077465,-0.13626918359831708
2024-08-28,120843,Kotak Flexicap Fund - Regular - Growth,0.0021182381143891593,0.0009195872918340044
2024-08-29,120843,Kotak Flexicap Fund - Regular - Growth,-0.0025434466065316075,0.3446345037552948
2024-08-30,120843,Kotak Flexicap Fund - Regular - Growth,-0.006962020650132628,0.37550265537571914
2024-09-02,120843,Kotak Flexicap Fund - Regular - Growth,-0.001876272105062804,0.5937288447535485
2024-09-03,120843,Kotak Flexicap Fund - Regular - Growth,0.006147336295956096,0.4981978484985508
2024-09-04,120843,Kotak Flexicap Fund - Regular - Growth,0.01028681629372552,0.778077784797077
2024-09-05,120843,Kotak Flexicap Fund - Regular - Growth,-0.015440374750544383,0.5768316079794877
2024-09-06,120843,Kotak Flexicap Fund - Regular - Growth,-0.002456963324991235,0.7151676854584871
2024-09-09,120843,Kotak Flexicap Fund - Regular - Growth,-0.000829165331735271,0.6731151614095874
2024-09-10,120843,Kotak Flexicap Fund - Regular - Growth,-0.011260013635588928,0.5877910731556028
2024-09-11,120843,Kotak Flexicap Fund - Regular - Growth,-0.000610892635888538,0.39163844201343995
2024-09-12,120843,Kotak Flexicap Fund - Regular - Growth,0.0020893009035309884,0.3642046784333236
2024-09-13,120843,Kotak Flexicap Fund - Regular - Growth,0.0058417184765056085,0.5592042417983177
2024-09-16,120843,Kotak Flexicap Fund - Regular - Growth,0.0013733340036004016,0.42214659084415757
2024-09-17,120843,Kotak Flexicap Fund - Regular - Growth,-0.00824899731370865,0.2621023995656028
2024-09-18,120843,Kotak Flexicap Fund - Regular - Growth,0.021093965398400805,0.6071522679058554
2024-09-19,120843,Kotak Flexicap Fund - Regular - Growth,0.008991686513419639,1.0139318745962913
2024-09-20,120843,Kotak Flexicap Fund - Regular - Growth,0.006185299747131445,1.1221744286635884
2024-09-23,120843,Kotak Flexicap Fund - Regular - Growth,0.010780850665946362,1.2368962703622688
2024-09-24,120843,Kotak Flexicap Fund - Regular - Growth,0.003065009656527673,1.0549759693790313
2024-09-25,120843,Kotak Flexicap Fund - Regular - Growth,0.013652027515142384,1.4075686638945488
2024-09-26,120843,Kotak Flexicap Fund - Regular - Growth,0.0011696060136145991,1.0439123064033435
2024-09-27,120843,Kotak Flexicap Fund - Regular - Growth,0.0006128966789482604,0.9449550492473378
2024-09-30,120843,Kotak Flexicap Fund - Regular - Growth,0.007022299003214938,1.3490192074499747
2024-10-01,120843,Kotak Flexicap Fund - Regular - Growth,0.01662015441732767,1.7768883982258206
2024-10-02,120843,Kotak Flexicap Fund - Regular - Growth,0.01596106969624378,1.7908466297957033
2024-10-03,120843,Kotak Flexicap Fund - Regular - Growth,0.006592453459898229,1.6834358961394977
2024-10-04,120843,Kotak Flexicap Fund - Regular - Growth,0.005818688621605839,1.7722581238627326
2024-10-07,120843,Kotak Flexicap Fund - Regular - Growth,0.007640222470092661,1.8676375871646735
2024-10-08,120843,Kotak Flexicap Fund - Regular - Growth,0.010584586825470366,2.2668724271436735
2024-10-09,120843,Kotak Flexicap Fund - Regular - Growth,0.013779584984458637,2.263464168673122
2024-10-10,120843,Kotak Flexicap Fund - Regular - Growth,-0.00178779952139696,2.4147914170720233
2024-10-11,120843,Kotak Flexicap Fund - Regular - Growth,0.013976506821800072,2.4882351989961258
2024-10-14,120843,Kotak Flexicap Fund - Regular - Growth,0.004060872739144905,2.3243226526796783
2024-10-15,120843,Kotak Flexicap Fund - Regular - Growth,0.007181910682350079,2.4310377056039147
2024-10-16,120843,Kotak Flexicap Fund - Regular - Growth,0.0146295854618268,2.4942459308653526
2024-10-17,120843,Kotak Flexicap Fund - Regular - Growth,0.008158530034527045,2.3288992186001685
2024-10-18,120843,Kotak Flexicap Fund - Regular - Growth,0.00987537645495351,2.440046096183952
2024-10-21,120843,Kotak Flexicap Fund - Regular - Growth,-0.003323688258057178,2.3981636232779833
2024-10-22,120843,Kotak Flexicap Fund - Regular - Growth,0.015820348627247238,2.6576204512393127
2024-10-23,120843,Kotak Flexicap Fund - Regular - Growth,0.007636539893919103,2.9273835688625485
2024-10-24,120843,Kotak Flexicap Fund - Regular - Growth,0.0018673445328110105,3.1051021513350086
2024-10-25,120843,Kotak Flexicap Fund - Regular - Growth,0.011761239873291585,3.210609444737455
2024-10-28,120843,Kotak Flexicap Fund - Regular - Growth,0.027037856734760002,3.592535616022184
2024-10-29,120843,Kotak Flexicap Fund - Regular - Growth,-0.011124244703626274,3.2971324943218527
2024-10-30,120843,Kotak Flexicap Fund - Regular - Growth,-0.007477857317199521,3.449686112512962
2024-10-31,120843,Kotak Flexicap Fund - Regular - Growth,0.02804648193595005,3.8116419413701093
2024-11-01,120843,Kotak Flexicap Fund - Regular - Growth,0.00490870722084602,3.720850483156223
2024-11-04,120843,Kotak Flexicap Fund - Regular - Growth,0.0025214399843478397,3.980322168507594
2024-11-05,120843,Kotak Flexicap Fund - Regular - Growth,-0.0005675844241173067,3.956126742121332
2024-11-06,120843,Kotak Flexicap Fund - Regular - Growth,0.012857636840713393,4.5635493109123315
2024-11-07,120843,Kotak Flexicap Fund - Regular - Growth,0.0272797816332202,5.161953556992721
2024-11-08,120843,Kotak Flexicap Fund - Regular - Growth,-0.00609068545038538,4.892444108211051
2024-11-11,120843,Kotak Flexicap Fund - Regular - Growth,-0.0003815745891779798,4.934125509528544
2024-11-12,120843,Kotak Flexicap Fund - Regular - Growth,-0.0029349170919371614,4.610889443919234
2024-11-13,120843,Kotak Flexicap Fund - Regular - Growth,0.008013671867291405,4.658233369362057
2024-11-14,120843,Kotak Flexicap Fund - Regular - Growth,0.012999349249444236,4.75665896508227
2024-11-15,120843,Kotak Flexicap Fund - Regular - Growth,0.01707654761527455,5.222636083743092
2024-11-18,120843,Kotak Flexicap Fund - Regular - Growth,0.008358434478979104,5.428798297980546
2024-11-19,120843,Kotak Flexicap Fund - Regular - Growth,0.026328246426778668,5.873017334514856
2024-11-20,120843,Kotak Flexicap Fund - Regular - Growth,-0.005184330528061554,5.990596803550136
2024-11-21,120843,Kotak Flexicap Fund - Regular - Growth,-0.007785645944317743,5.698405484742854
2024-11-22,120843,Kotak Flexicap Fund - Regular - Growth,0.015523832624750877,5.770884268234963
2024-11-25,120843,Kotak Flexicap Fund - Regular - Growth,0.0018353503870722765,5.723192593516042
2024-11-26,120843,Kotak Flexicap Fund - Regular - Growth,-0.013185925943803078,5.587853199369585
2024-11-27,120843,Kotak Flexicap Fund - Regular - Growth,-0.0025864554221813885,5.468712636669663
2024-11-28,120843,Kotak Flexicap Fund - Regular - Growth,0.0031771813586538578,5.977684555758033
2024-11-29,120843,Kotak Flexicap Fund - Regular - Growth,-0.005900943839931783,5.641872454336342
2024-12-02,120843,Kotak Flexicap Fund - Regular - Growth,-0.009585323911676324,5.714855545861469
2024-12-03,120843,Kotak Flexicap Fund - Regular - Growth,-0.0014962863661908132,5.927685375583526
2024-12-04,120843,Kotak Flexicap Fund - Regular - Growth,-0.010083613224420751,5.666491496443689
2024-12-05,120843,Kotak Flexicap Fund - Regular - Growth,0.007021747171437109,5.738086317549922
2024-12-06,120843,Kotak Flexicap Fund - Regular - Growth,-0.018817301820512333,5.284523709744187
2024-12-09,120843,Kotak Flexicap Fund - Regular - Growth,0.0015074184707672966,5.5395772621740775
2024-12-10,120843,Kotak Flexicap Fund - Regular - Growth,0.005848317531954583,5.453202970097474
2024-12-11,120843,Kotak Flexicap Fund - Regular - Growth,-0.00031656047107875285,5.8381279815039155
2024-12-12,120843,Kotak Flexicap Fund - Regular - Growth,0.011681261869996407,6.377347289286634
2024-12-13,120843,Kotak Flexicap Fund - Regular - Growth,-0.013131820982637432,6.06571549626748
2024-12-16,120843,Kotak Flexicap Fund - Regular - Growth,-0.006449878035326706,6.212122366395472
2024-12-17,120843,Kotak Flexicap Fund - Regular - Growth,-0.0027280921783638945,5.951866343963699
2024-12-18,120843,Kotak Flexicap Fund - Regular - Growth,0.007809244134755033,6.357312956282783
2024-12-19,120843,Kotak Flexicap Fund - Regular - Growth,0.0028018188806688826,6.171200365258378
2024-12-20,120843,Kotak Flexicap Fund - Regular - Growth,0.02244679215142642,6.2695904643726355
2024-12-23,120843,Kotak Flexicap Fund - Regular - Growth,-0.0074983295059752875,5.895206897052927
2024-12-24,120843,Kotak Flexicap Fund - Regular - Growth,-0.01337444681508737,5.31018554085464
2024-12-25,120843,Kotak Flexicap Fund - Regular - Growth,0.018801531325697063,5.543355619192528
2024-12-26,120843,Kotak Flexicap Fund - Regular - Growth,-0.013730850724719024,5.435274182955178
2024-12-27,120843,Kotak Flexicap Fund - Regular - Growth,0.007508167499133078,5.571206178815126
2024-12-30,120843,Kotak Flexicap Fund - Regular - Growth,-0.009226012781911375,5.475330270719509
2024-12-31,120843,Kotak Flexicap Fund - Regular - Growth,-0.020057625295402004,5.125472282579594
2025-01-01,120843,Kotak Flexicap Fund - Regular - Growth,-0.0031773550288036745,5.027151149089466
2025-01-02,120843,Kotak Flexicap Fund - Regular - Growth,0.009708291120828827,5.22922446352834
2025-01-03,120843,Kotak Flexicap Fund - Regular - Growth,-0.011651016374297107,5.1212119646424785
2025-01-06,120843,Kotak Flexicap Fund - Regular - Growth,0.006422485106289955,5.263125620288875
2025-01-07,120843,Kotak Flexicap Fund - Regular - Growth,0.008318158698851219,5.2947673627047545
2025-01-08,120843,Kotak Flexicap Fund - Regular - Growth,-0.012147890984730902,4.878533454557795
2025-01-09,120843,Kotak Flexicap Fund - Regular - Growth,-0.001698729967420931,5.18535582354018
2025-01-10,120843,Kotak Flexicap Fund - Regular - Growth,0.016627308393932783,5.465587284883538
2025-01-13,120843,Kotak Flexicap Fund - Regular - Growth,0.007178323536912279,5.599916081108464
2025-01-14,120843,Kotak Flexicap Fund - Regular - Growth,-0.0020378574735295807,5.807142552591005
2025-01-15,120843,Kotak Flexicap Fund - Regular - Growth,0.0047924775450531865,5.902826623939613
2025-01-16,120843,Kotak Flexicap Fund - Regular - Growth,-0.00629230745828202,5.734483651985402
2025-01-17,120843,Kotak Flexicap Fund - Regular - Growth,0.011890483556536546,5.817331090817329
2025-01-20,120843,Kotak Flexicap Fund - Regular - Growth,0.011886157928416852,5.9745598712783945
2025-01-21,120843,Kotak Flexicap Fund - Regular - Growth,0.0018157272327687934,6.185079002968494
2025-01-22,120843,Kotak Flexicap Fund - Regular - Growth,0.0029242231482968783,5.970162945483703
2025-01-23,120843,Kotak Flexicap Fund - Regular - Growth,-0.009426353913089991,5.617251349708669
2025-01-24,120843,Kotak Flexicap Fund - Regular - Growth,-0.012947693990088993,5.227293386119465
2025-01-27,120843,Kotak Flexicap Fund - Regular - Growth,-0.0031958727586087754,4.999216356016118
2025-01-28,120843,Kotak Flexicap Fund - Regular - Growth,-0.0002854972728905114,4.940757181112873
2025-01-29,120843,Kotak Flexicap Fund - Regular - Growth,0.011369701615963734,4.913260405224385
2025-01-30,120843,Kotak Flexicap Fund - Regular - Growth,0.009941782287953727,5.048575109192749
2025-01-31,120843,Kotak Flexicap Fund - Regular - Growth,0.0024609790540182086,5.080777544627469
2025-02-03,120843,Kotak Flexicap Fund - Regular - Growth,0.012674397880341637,5.155729547847471
2025-02-04,120843,Kotak Flexicap Fund - Regular - Growth,-0.008874295178012304,4.742941279201023
2025-02-05,120843,Kotak Flexicap Fund - Regular - Growth,0.011519292437269568,4.691420298862678
2025-02-06,120843,Kotak Flexicap Fund - Regular - Growth,-0.007344537321326228,4.439948609955411
2025-02-07,120843,Kotak Flexicap Fund - Regular - Growth,0.01317650088314437,4.5399773178905365
2025-02-10,120843,Kotak Flexicap Fund - Regular - Growth,0.0004608436286723805,4.425490925569231
2025-02-11,120843,Kotak Flexicap Fund - Regular - Growth,-0.01935600671309967,3.8546929655477737
2025-02-12,120843,Kotak Flexicap Fund - Regular - Growth,0.007986785216593795,3.7785215142833297
2025-02-13,120843,Kotak Flexicap Fund - Regular - Growth,0.008792731263381093,3.945891133276374
2025-02-14,120843,Kotak Flexicap Fund - Regular - Growth,-0.003998597343004562,3.6708797039697294
2025-02-17,120843,Kotak Flexicap Fund - Regular - Growth,-0.003141452844764192,3.5494523693298627
2025-02-18,120843,Kotak Flexicap Fund - Regular - Growth,-0.001012355455475289,3.4188609031652337
2025-02-19,120843,Kotak Flexicap Fund - Regular - Growth,-0.018632783957132304,2.844105396909565
2025-02-20,120843,Kotak Flexicap Fund - Regular - Growth,-0.022971138478894537,2.2876722993878102
2025-02-21,120843,Kotak Flexicap Fund - Regular - Growth,0.013808982035006245,2.3406792278853517
2025-02-24,120843,Kotak Flexicap Fund - Regular - Growth,-0.007680970918459318,2.26701034796571
2025-02-25,120843,Kotak Flexicap Fund - Regular - Growth,0.019481905723828685,2.3119533776928796
2025-02-26,120843,Kotak Flexicap Fund - Regular - Growth,0.014511778295152933,2.4045127037103815
2025-02-27,120843,Kotak Flexicap Fund - Regular - Growth,0.016525844103096876,2.6050813782724362
2025-02-28,120843,Kotak Flexicap Fund - Regular - Growth,-0.005940879407352995,2.34049901674045
2025-03-03,120843,Kotak Flexicap Fund - Regular - Growth,-0.015494817977620201,1.721040161978385
2025-03-04,120843,Kotak Flexicap Fund - Regular - Growth,-0.010306296069344412,1.7351122010285185
2025-03-05,120843,Kotak Flexicap Fund - Regular - Growth,-0.0038967489271917177,1.7942324711244257
2025-03-06,120843,Kotak Flexicap Fund - Regular - Growth,-0.02305480939029181,1.0105123889664192
2025-03-07,120843,Kotak Flexicap Fund - Regular - Growth,-0.004188080648349635,0.8686605996670862
2025-03-10,120843,Kotak Flexicap Fund - Regular - Growth,-0.0014360151355373718,0.8070427022225131
2025-03-11,120843,Kotak Flexicap Fund - Regular - Growth,-0.012374323279195742,0.6188129765451396
2025-03-12,120843,Kotak Flexicap Fund - Regular - Growth,-0.009842816842939528,0.26860799895994864
2025-03-13,120843,Kotak Flexicap Fund - Regular - Growth,-0.0016270001024318859,-0.18521902971032628
2025-03-14,120843,Kotak Flexicap Fund - Regular - Growth,0.0041946228657052664,-0.02054120599355001
2025-03-17,120843,Kotak Flexicap Fund - Regular - Growth,-0.008347866858651742,-0.14773988939204147
2025-03-18,120843,Kotak Flexicap Fund - Regular - Growth,0.0035469602845874526,-0.04418025714787905
2025-03-19,120843,Kotak Flexicap Fund - Regular - Growth,0.001976125727119582,-0.1410076314234209
2025-03-20,120843,Kotak Flexicap Fund - Regular - Growth,0.0010683234549819787,-0.3347796146590984
2025-03-21,120843,Kotak Flexicap Fund - Regular - Growth,-0.005957977572487172,-0.7159391077701033
2025-03-24,120843,Kotak Flexicap Fund - Regular - Growth,-0.012762428381456803,-1.0579701754744628
2025-03-25,120843,Kotak Flexicap Fund - Regular - Growth,0.01785129553074838,-1.2190706983489066
2025-03-26,120843,Kotak Flexicap Fund - Regular - Growth,0.006972709681724254,-1.015050530210494
2025-03-27,120843,Kotak Flexicap Fund - Regular - Growth,0.010789738152823247,-0.7043173503785324
2025-03-28,120843,Kotak Flexicap Fund - Regular - Growth,-0.0002473926222369416,-0.9773933544492113
2025-03-31,120843,Kotak Flexicap Fund - Regular - Growth,-0.001057728561091098,-1.0261240644411316
2025-04-01,120843,Kotak Flexicap Fund - Regular - Growth,0.00555602441837566,-0.7168059018546424
2025-04-02,120843,Kotak Flexicap Fund - Regular - Growth,-0.017737771622984844,-0.9578288035409216
2025-04-03,120843,Kotak Flexicap Fund - Regular - Growth,-0.010582471041798991,-1.1813903778179
2025-04-04,120843,Kotak Flexicap Fund - Regular - Growth,-0.007418033409536728,-1.2054118525754955
2025-04-07,120843,Kotak Flexicap Fund - Regular - Growth,-0.0039780105758046025,-1.1165100415937883
2025-04-08,120843,Kotak Flexicap Fund - Regular - Growth,-0.008237718641265768,-1.2248843318502094
2025-04-09,120843,Kotak Flexicap Fund - Regular - Growth,0.003957752440260753,-0.9960403496982577
2025-04-10,120843,Kotak Flexicap Fund - Regular - Growth,0.0014166722174655533,-1.091959995415059
2025-04-11,120843,Kotak Flexicap Fund - Regular - Growth,0.014742074532891891,-0.5367378641116726
2025-04-14,120843,Kotak Flexicap Fund - Regular - Growth,0.02585669383487388,-0.1256772002458568
2025-04-15,120843,Kotak Flexicap Fund - Regular - Growth,-0.012059364865138589,-0.4131367689784496
2025-04-16,120843,Kotak Flexicap Fund - Regular - Growth,0.002081489649341295,-0.37446321894307544
2025-04-17,120843,Kotak Flexicap Fund - Regular - Growth,0.0020645723942349647,-0.5325724556759986
2025-04-18,120843,Kotak Flexicap Fund - Regular - Growth,0.0004524375070693587,-0.3151398535979147
2025-04-21,120843,Kotak Flexicap Fund - Regular - Growth,-0.01028594309402664,-0.3765965500622373
2025-04-22,120843,Kotak Flexicap Fund - Regular - Growth,-0.008611915635592826,-0.4708806993631595
2025-04-23,120843,Kotak Flexicap Fund - Regular - Growth,0.0030230699122926197,-0.5499414853377032
2025-04-24,120843,Kotak Flexicap Fund - Regular - Growth,-0.00889349111009885,-0.7379601214213349
2025-04-25,120843,Kotak Flexicap Fund - Regular - Growth,0.0022030775472028363,-1.0937146762226755
2025-04-28,120843,Kotak Flexicap Fund - Regular - Growth,-0.0018817916777100763,-1.0025501502359797
2025-04-29,120843,Kotak Flexicap Fund - Regular - Growth,0.0020253519018753607,-0.7517910048445148
2025-04-30,120843,Kotak Flexicap Fund - Regular - Growth,-0.008973197651261033,-1.2381219226705096
2025-05-01,120843,Kotak Flexicap Fund - Regular - Growth,0.002185415974523819,-0.9746764242990672
2025-05-02,120843,Kotak Flexicap Fund - Regular - Growth,-0.00825041013529415,-1.2467559269884463
2025-05-05,120843,Kotak Flexicap Fund - Regular - Growth,0.0022175425552124484,-1.0531673777019561
2025-05-06,120843,Kotak Flexicap Fund - Regular - Growth,0.01419503572349523,-0.46522725393111014
2025-05-07,120843,Kotak Flexicap Fund - Regular - Growth,0.0032307923060943544,-0.3533556912459444
2025-05-08,120843,Kotak Flexicap Fund - Regular - Growth,0.0038471962717692154,-0.4576693175396659
2025-05-09,120843,Kotak Flexicap Fund - Regular - Growth,0.008870708900097446,-0.0983475822856132
2025-05-12,120843,Kotak Flexicap Fund - Regular - Growth,-0.013459842697463031,-0.4444193037377338
2025-05-13,120843,Kotak Flexicap Fund - Regular - Growth,0.01808141437694899,-0.27026021253827076
2025-05-14,120843,Kotak Flexicap Fund - Regular - Growth,-0.009993106847015265,-0.23379345356377543
2025-05-15,120843,Kotak Flexicap Fund - Regular - Growth,0.009505677762843057,-0.040439666299703365
2025-05-16,120843,Kotak Flexicap Fund - Regular - Growth,0.008157063582942214,-0.18788882840887125
2025-05-19,120843,Kotak Flexicap Fund - Regular - Growth,-0.00846238575623215,-0.45896871100980624
2025-05-20,120843,Kotak Flexicap Fund - Regular - Growth,0.010822463141000327,-0.23445721530719887
2025-05-21,120843,Kotak Flexicap Fund - Regular - Growth,0.005628043237319691,-0.2199549988713902
2025-05-22,120843,Kotak Flexicap Fund - Regular - Growth,0.019839061582125117,0.22582954656243365
2025-05-23,120843,Kotak Flexicap Fund - Regular - Growth,0.002547659522797563,0.06836719756363714
2025-05-26,120843,Kotak Flexicap Fund - Regular - Growth,-0.0004988505242472518,-0.14351231290738217
2025-05-27,120843,Kotak Flexicap Fund - Regular - Growth,-0.0045827785679555255,-0.25302525020012584
2025-05-28,120843,Kotak Flexicap Fund - Regular - Growth,-0.016832949486695448,-0.5834455165103625
2025-05-29,120843,Kotak Flexicap Fund - Regular - Growth,-0.002608723242400912,-0.47010890754184087
2025-05-30,120843,Kotak Flexicap Fund - Regular - Growth,-0.002182596335286391,-0.2898364363204716
2025-06-02,120843,Kotak Flexicap Fund - Regular - Growth,0.0032417872519767688,-0.1796787082209627
2025-06-03,120843,Kotak Flexicap Fund - Regular - Growth,-0.013654599174693915,-0.4045156398047324
2025-06-04,120843,Kotak Flexicap Fund - Regular - Growth,-0.0018120796403501283,-0.6323135315056934
2025-06-05,120843,Kotak Flexicap Fund - Regular - Growth,0.006423856439404352,-0.694561651186865
2025-06-06,120843,Kotak Flexicap Fund - Regular - Growth,0.0074310186362125386,-0.6077655004485722
2025-06-09,120843,Kotak Flexicap Fund - Regular - Growth,-0.017986295785856976,-1.1236165470796666
2025-06-10,120843,Kotak Flexicap Fund - Regular - Growth,0.007745342989974313,-0.8416843104371993
2025-06-11,120843,Kotak Flexicap Fund - Regular - Growth,-0.001888500779879454,-1.0771972881533272
2025-06-12,120843,Kotak Flexicap Fund - Regular - Growth,-0.0012687193088231075,-0.9756725534814285
2025-06-13,120843,Kotak Flexicap Fund - Regular - Growth,-0.02296906421310707,-1.5704087592352345
2025-06-16,120843,Kotak Flexicap Fund - Regular - Growth,0.015772319213245067,-1.2938751225799885
2025-06-17,120843,Kotak Flexicap Fund - Regular - Growth,0.0023799874854373293,-0.9485143176308568
2025-06-18,120843,Kotak Flexicap Fund - Regular - Growth,-0.014731014010247345,-1.3246654983328818
2025-06-19,120843,Kotak Flexicap Fund - Regular - Growth,0.004386848928743303,-1.4034741895661778
2025-06-20,120843,Kotak Flexicap Fund - Regular - Growth,0.004075869700090218,-1.2662997771054254
2025-06-23,120843,Kotak Flexicap Fund - Regular - Growth,0.013000508012746437,-0.984989415574024
2025-06-24,120843,Kotak Flexicap Fund - Regular - Growth,-0.002522400155321458,-1.0100378262651677
2025-06-25,120843,Kotak Flexicap Fund - Regular - Growth,0.0007163165725236897,-0.6984766996955504
2025-06-26,120843,Kotak Flexicap Fund - Regular - Growth,-0.00586659904984721,-0.41870221012683473
2025-06-27,120843,Kotak Flexicap Fund - Regular - Growth,0.006644218270649871,-0.5480552659462438
2025-06-30,120843,Kotak Flexicap Fund - Regular - Growth,-0.0072755085419946575,-0.5411078681968363
2025-07-01,120843,Kotak Flexicap Fund - Regular - Growth,-0.008369577193278688,-1.0504013153069203
2025-07-02,120843,Kotak Flexicap Fund - Regular - Growth,-8.792726656503547e-05,-1.3298772349614734
2025-07-03,120843,Kotak Flexicap Fund - Regular - Growth,-0.011691357748352393,-1.8635148869168523
2025-07-04,120843,Kotak Flexicap Fund - Regular - Growth,0.016883456186569834,-1.41901170740168
2025-07-07,120843,Kotak Flexicap Fund - Regular - Growth,0.020222372117737253,-0.7648212252077651
2025-07-08,120843,Kotak Flexicap Fund - Regular - Growth,-0.0039685169519606545,-0.6550885226043729
2025-07-09,120843,Kotak Flexicap Fund - Regular - Growth,-0.01329153310554565,-0.8161166444457761
2025-07-10,120843,Kotak Flexicap Fund - Regular - Growth,0.003995954066758012,-0.34589014395425755
2025-07-11,120843,Kotak Flexicap Fund - Regular - Growth,-0.004255026620584412,-0.34710216282506473
2025-07-14,120843,Kotak Flexicap Fund - Regular - Growth,0.01251252800201863,-0.091370960964539
2025-07-15,120843,Kotak Flexicap Fund - Regular - Growth,-0.007311443675079965,0.0002680793661946599
2025-07-16,120843,Kotak Flexicap Fund - Regular - Growth,0.006102086188710665,0.29167352558558135
2025-07-17,120843,Kotak Flexicap Fund - Regular - Growth,0.0017452102844990325,0.35332275246037664
2025-07-18,120843,Kotak Flexicap Fund - Regular - Growth,-0.006200996577544915,0.1630876985454586
2025-07-21,120843,Kotak Flexicap Fund - Regular - Growth,0.0030189500202182362,0.3719748684312176
2025-07-22,120843,Kotak Flexicap Fund - Regular - Growth,0.009494822327685393,0.47878947511716574
2025-07-23,120843,Kotak Flexicap Fund - Regular - Growth,0.0014720936659491368,0.46963726497767283
2025-07-24,120843,Kotak Flexicap Fund - Regular - Growth,0.0015764239118942758,0.47887508712667665
2025-07-25,120843,Kotak Flexicap Fund - Regular - Growth,-0.008167738210175579,0.43771791280473976
2025-07-28,120843,Kotak Flexicap Fund - Regular - Growth,0.012201477354533807,0.8939949039648236
2025-07-29,120843,Kotak Flexicap Fund - Regular - Growth,0.011185471333605923,0.7812187264309057
2025-07-30,120843,Kotak Flexicap Fund - Regular - Growth,-0.003536637762973527,0.5883184209522805
2025-07-31,120843,Kotak Flexicap Fund - Regular - Growth,-0.00065751314259066,0.37933023020419926
2025-08-01,120843,Kotak Flexicap Fund - Regular - Growth,0.014960012713630899,0.6535928228755962
2025-08-04,120843,Kotak Flexicap Fund - Regular - Growth,-0.010771354550783707,0.47174921988451063
2025-08-05,120843,Kotak Flexicap Fund - Regular - Growth,0.0067082892065590816,0.4923554163227541
2025-08-06,120843,Kotak Flexicap Fund - Regular - Growth,-0.005022186641226667,0.7372665247852117
2025-08-07,120843,Kotak Flexicap Fund - Regular - Growth,0.01868855662752522,1.264434562033836
2025-08-08,120843,Kotak Flexicap Fund - Regular - Growth,0.0012357363872281812,1.4288380303504011
2025-08-11,120843,Kotak Flexicap Fund - Regular - Growth,0.013387711477490738,1.734556353607367
2025-08-12,120843,Kotak Flexicap Fund - Regular - Growth,-0.00705336851893279,1.7583549374599103
2025-08-13,120843,Kotak Flexicap Fund - Regular - Growth,-0.011917468813526844,1.454506154435004
2025-08-14,120843,Kotak Flexicap Fund - Regular - Growth,-0.0017637879208756146,1.396380516357619
2025-08-15,120843,Kotak Flexicap Fund - Regular - Growth,0.0032479970559136095,1.2018640197438082
2025-08-18,120843,Kotak Flexicap Fund - Regular - Growth,-0.0045423965783570885,0.6709296448860039
2025-08-19,120843,Kotak Flexicap Fund - Regular - Growth,0.008272219839433825,1.0644469271481634
2025-08-20,120843,Kotak Flexicap Fund - Regular - Growth,-0.0015195462780103197,0.9953631142444592
2025-08-21,120843,Kotak Flexicap Fund - Regular - Growth,-0.020177192669275867,0.554357002935936
2025-08-22,120843,Kotak Flexicap Fund - Regular - Growth,0.006185999477929416,0.6597484486713229
2025-08-25,120843,Kotak Flexicap Fund - Regular - Growth,-0.008265255040633912,0.6990134963685508
2025-08-26,120843,Kotak Flexicap Fund - Regular - Growth,-0.0030447530366982667,0.8062790590921438
2025-08-27,120843,Kotak Flexicap Fund - Regular - Growth,0.01638215276415189,1.0403186985907522
2025-08-28,120843,Kotak Flexicap Fund - Regular - Growth,0.018634617204504655,1.5267442698211542
2025-08-29,120843,Kotak Flexicap Fund - Regular - Growth,-0.005191421111580996,1.3893764666204669
2025-09-01,120843,Kotak Flexicap Fund - Regular - Growth,0.006439278478062027,1.5382484499217615
2025-09-02,120843,Kotak Flexicap Fund - Regular - Growth,-0.004958715722320872,1.408942371518695
2025-09-03,120843,Kotak Flexicap Fund - Regular - Growth,-0.0022932717019672477,1.537686396127612
2025-09-04,120843,Kotak Flexicap Fund - Regular - Growth,-0.005495865389432475,1.394802561646476
2025-09-05,120843,Kotak Flexicap Fund - Regular - Growth,-0.016644123129068156,1.2264818255602505
2025-09-08,120843,Kotak Flexicap Fund - Regular - Growth,0.0015544215762584024,1.2147172446379286
2025-09-09,120843,Kotak Flexicap Fund - Regular - Growth,0.0035055709721623085,1.0338455549436218
2025-09-10,120843,Kotak Flexicap Fund - Regular - Growth,-0.006148312637361375,0.8622780762491519
2025-09-11,120843,Kotak Flexicap Fund - Regular - Growth,0.011625619534225029,0.9961278147186654
2025-09-12,120843,Kotak Flexicap Fund - Regular - Growth,-0.0037923355778129997,0.7713797451983281
2025-09-15,120843,Kotak Flexicap Fund - Regular - Growth,-0.005810416367601046,0.9172704217710501
2025-09-16,120843,Kotak Flexicap Fund - Regular - Growth,0.005919243730284851,0.7084767194357315
2025-09-17,120843,Kotak Flexicap Fund - Regular - Growth,-0.014842420325374417,0.6143055879785007
2025-09-18,120843,Kotak Flexicap Fund - Regular - Growth,0.00978139869067407,0.6191637878060076
2025-09-19,120843,Kotak Flexicap Fund - Regular - Growth,-0.003452319512858071,0.4077732339698901
2025-09-22,120843,Kotak Flexicap Fund - Regular - Growth,0.010622666284640925,0.7569396120505053
2025-09-23,120843,Kotak Flexicap Fund - Regular - Growth,0.013670530659769309,0.80587602526224
2025-09-24,120843,Kotak Flexicap Fund - Regular - Growth,0.007072124149916981,0.831395547636795
2025-09-25,120843,Kotak Flexicap Fund - Regular - Growth,-0.0075593367090449615,0.3381892806016964
2025-09-26,120843,Kotak Flexicap Fund - Regular - Growth,-0.011940151096259677,0.06817919550145898
2025-09-29,120843,Kotak Flexicap Fund - Regular - Growth,-0.01376329852689162,-0.17436275127723036
2025-09-30,120843,Kotak Flexicap Fund - Regular - Growth,0.011780098681937412,0.12300905949276762
2025-10-01,120843,Kotak Flexicap Fund - Regular - Growth,-0.0007634468334412059,0.42108412376463367
2025-10-02,120843,Kotak Flexicap Fund - Regular - Growth,-0.005429474550809554,0.3685975201659886
2025-10-03,120843,Kotak Flexicap Fund - Regular - Growth,-0.0007353654262178821,0.3953276045507239
2025-10-06,120843,Kotak Flexicap Fund - Regular - Growth,0.01155289280828975,0.5442826020212856
2025-10-07,120843,Kotak Flexicap Fund - Regular - Growth,0.008479966880913237,0.9562965107265521
2025-10-08,120843,Kotak Flexicap Fund - Regular - Growth,0.005027967695756974,1.081338089093517
2025-10-09,120843,Kotak Flexicap Fund - Regular - Growth,0.00704880948387987,1.0923281028032463
2025-10-10,120843,Kotak Flexicap Fund - Regular - Growth,0.002414325491339575,1.0027184037086132
2025-10-13,120843,Kotak Flexicap Fund - Regular - Growth,0.0036467301257268048,1.4319058891343994
2025-10-14,120843,Kotak Flexicap Fund - Regular - Growth,0.0028271842260336744,1.343055111625852
2025-10-15,120843,Kotak Flexicap Fund - Regular - Growth,0.0005949472763737695,1.390611404666893
2025-10-16,120843,Kotak Flexicap Fund - Regular - Growth,0.008221666812076922,1.5649768421603714
2025-10-17,120843,Kotak Flexicap Fund - Regular - Growth,0.0042460174043810195,2.157680098979866
2025-10-20,120843,Kotak Flexicap Fund - Regular - Growth,-0.008247586911029003,1.7029291633019346
2025-10-21,120843,Kotak Flexicap Fund - Regular - Growth,0.005943254333318881,1.7704423420029207
2025-10-22,120843,Kotak Flexicap Fund - Regular - Growth,0.0030919753803273498,2.1593674571144468
2025-10-23,120843,Kotak Flexicap Fund - Regular - Growth,0.006780654404422659,2.2040314010617994
2025-10-24,120843,Kotak Flexicap Fund - Regular - Growth,-0.00045494041574245525,2.1141413144410888
2025-10-27,120843,Kotak Flexicap Fund - Regular - Growth,0.008815336672519658,2.042418597384091
2025-10-28,120843,Kotak Flexicap Fund - Regular - Growth,-2.352072460931609e-05,2.094637742159187
2025-10-29,120843,Kotak Flexicap Fund - Regular - Growth,0.007922394038425207,2.2326278952836347
2025-10-30,120843,Kotak Flexicap Fund - Regular - Growth,-0.003997595643872476,2.274043194047938
2025-10-31,120843,Kotak Flexicap Fund - Regular - Growth,-0.0033022186848349344,2.0751428919870896
2025-11-03,120843,Kotak Flexicap Fund - Regular - Growth,0.006685444323818901,2.3638723608721137
2025-11-04,120843,Kotak Flexicap Fund - Regular - Growth,-0.0027448713222154586,2.491880800994485
2025-11-05,120843,Kotak Flexicap Fund - Regular - Growth,0.023090153849210315,2.865559633004749
2025-11-06,120843,Kotak Flexicap Fund - Regular - Growth,0.006323850793741093,3.2560820867085316
2025-11-07,120843,Kotak Flexicap Fund - Regular - Growth,0.0008470248338858788,2.9863937227817217
2025-11-10,120843,Kotak Flexicap Fund - Regular - Growth,0.008898284659720979,2.8193056761512345
2025-11-11,120843,Kotak Flexicap Fund - Regular - Growth,-0.0042406314329552774,2.81301674432772
2025-11-12,120843,Kotak Flexicap Fund - Regular - Growth,0.009947912775318812,3.3331471897773866
2025-11-13,120843,Kotak Flexicap Fund - Regular - Growth,0.009664642340363683,3.4362788162194584
2025-11-14,120843,Kotak Flexicap Fund - Regular - Growth,0.01331763073622061,3.7752903137426355
2025-11-17,120843,Kotak Flexicap Fund - Regular - Growth,-0.003840224376834289,3.4581775081180814
2025-11-18,120843,Kotak Flexicap Fund - Regular - Growth,-0.011660312650873084,3.342117700347344
2025-11-19,120843,Kotak Flexicap Fund - Regular - Growth,-0.005539141537497572,3.093745836674332
2025-11-20,120843,Kotak Flexicap Fund - Regular - Growth,-0.0022405999143599864,3.0081961676042157
2025-11-21,120843,Kotak Flexicap Fund - Regular - Growth,0.017550828887227476,3.4480334257809058
2025-11-24,120843,Kotak Flexicap Fund - Regular - Growth,0.022979239671053975,3.733024084615041
2025-11-25,120843,Kotak Flexicap Fund - Regular - Growth,0.004077194003328399,3.639527217419025
2025-11-26,120843,Kotak Flexicap Fund - Regular - Growth,0.0006906333100957784,3.623732619920153
2025-11-27,120843,Kotak Flexicap Fund - Regular - Growth,-0.0029274848561577915,3.528918295900962
2025-11-28,120843,Kotak Flexicap Fund - Regular - Growth,0.008946937627342333,3.881633210822023
2025-12-01,120843,Kotak Flexicap Fund - Regular - Growth,0.022912483760481717,4.001765916419679
2025-12-02,120843,Kotak Flexicap Fund - Regular - Growth,0.018768892396857417,4.095723368021603
2025-12-03,120843,Kotak Flexicap Fund - Regular - Growth,0.012138395044066552,4.378312580759028
2025-12-04,120843,Kotak Flexicap Fund - Regular - Growth,0.011988538289224193,4.595712916582415
2025-12-05,120843,Kotak Flexicap Fund - Regular - Growth,0.009024102970910164,4.515856678088486
2025-12-08,120843,Kotak Flexicap Fund - Regular - Growth,0.00011864606859068871,4.778316076715515
2025-12-09,120843,Kotak Flexicap Fund - Regular - Growth,-0.006805162528826791,4.495721249343471
2025-12-10,120843,Kotak Flexicap Fund - Regular - Growth,0.0003854810580401491,4.615870601644197
2025-12-11,120843,Kotak Flexicap Fund - Regular - Growth,0.0048639939022183665,4.425661321306684
2025-12-12,120843,Kotak Flexicap Fund - Regular - Growth,-0.013957850998635446,4.053893759516335
2025-12-15,120843,Kotak Flexicap Fund - Regular - Growth,-0.0009457645995561981,3.8072373989022985
2025-12-16,120843,Kotak Flexicap Fund - Regular - Growth,-0.007699378822961789,3.7915483673545807
2025-12-17,120843,Kotak Flexicap Fund - Regular - Growth,0.010872221014879724,4.270122903461172
2025-12-18,120843,Kotak Flexicap Fund - Regular - Growth,-0.004933099806149754,4.1976816658612774
2025-12-19,120843,Kotak Flexicap Fund - Regular - Growth,0.003910872628713147,4.2101434521127805
2025-12-22,120843,Kotak Flexicap Fund - Regular - Growth,-0.00643923067242913,4.164670571319832
2025-12-23,120843,Kotak Flexicap Fund - Regular - Growth,0.016838756061370974,4.28080944444972
2025-12-24,120843,Kotak Flexicap Fund - Regular - Growth,-0.01641067608591662,3.9075595254209197
2025-12-25,120843,Kotak Flexicap Fund - Regular - Growth,0.0054056931076189585,4.536440168206423
2025-12-26,120843,Kotak Flexicap Fund - Regular - Growth,-0.012203292059371762,4.122699821574649
2025-12-29,120843,Kotak Flexicap Fund - Regular - Growth,-0.004527663097512846,4.2127718959690235
2025-12-30,120843,Kotak Flexicap Fund - Regular - Growth,0.002676973571847485,4.331706069008922
2025-12-31,120843,Kotak Flexicap Fund - Regular - Growth,0.003174044793344599,4.131227183856981
2026-01-01,120843,Kotak Flexicap Fund - Regular - Growth,0.002909922219562988,3.896502271733784
2026-01-02,120843,Kotak Flexicap Fund - Regular - Growth,0.0021273424229988347,4.058247347124026
2026-01-05,120843,Kotak Flexicap Fund - Regular - Growth,-0.005856748390587696,3.799607245145484
2026-01-06,120843,Kotak Flexicap Fund - Regular - Growth,-0.0010578146829358648,3.888567348879122
2026-01-07,120843,Kotak Flexicap Fund - Regular - Growth,0.0009140863605126004,3.9579306819642492
2026-01-08,120843,Kotak Flexicap Fund - Regular - Growth,0.0025679427145555156,4.137240194266006
2026-01-09,120843,Kotak Flexicap Fund - Regular - Growth,-6.6951754197353e-05,4.5912570020060945
2026-01-12,120843,Kotak Flexicap Fund - Regular - Growth,0.007980692032637737,4.71339185469921
2026-01-13,120843,Kotak Flexicap Fund - Regular - Growth,0.0015375511679112108,4.672840918698536
2026-01-14,120843,Kotak Flexicap Fund - Regular - Growth,0.0026280177480948463,4.882121100300267
2026-01-15,120843,Kotak Flexicap Fund - Regular - Growth,-0.003256536285861422,4.5912841187779465
2026-01-16,120843,Kotak Flexicap Fund - Regular - Growth,-0.009962268562351273,4.423503871908079
2026-01-19,120843,Kotak Flexicap Fund - Regular - Growth,0.002150015221074719,4.611656904236971
2026-01-20,120843,Kotak Flexicap Fund - Regular - Growth,0.012847254823627141,4.720494587021671
2026-01-21,120843,Kotak Flexicap Fund - Regular - Growth,0.005081595137373274,5.2523655833747
2026-01-22,120843,Kotak Flexicap Fund - Regular - Growth,-0.0076155030011699765,4.864459384690159
2026-01-23,120843,Kotak Flexicap Fund - Regular - Growth,0.008846326736402066,5.121819798018382
2026-01-26,120843,Kotak Flexicap Fund - Regular - Growth,-0.0027788097541943113,4.8541111204338945
2026-01-27,120843,Kotak Flexicap Fund - Regular - Growth,0.007828915907081901,4.7679743219654895
2026-01-28,120843,Kotak Flexicap Fund - Regular - Growth,-0.0031171853188539655,4.548604439891406
2026-01-29,120843,Kotak Flexicap Fund - Regular - Growth,0.004164836162076302,4.835020031637011
2026-01-30,120843,Kotak Flexicap Fund - Regular - Growth,-0.004619773877060918,5.057642462927755
2026-02-02,120843,Kotak Flexicap Fund - Regular - Growth,-0.004364630320201179,5.3614776107427495
2026-02-03,120843,Kotak Flexicap Fund - Regular - Growth,-0.015076548282698665,4.677990837075996
2026-02-04,120843,Kotak Flexicap Fund - Regular - Growth,0.005772822422709156,4.818915111648833
2026-02-05,120843,Kotak Flexicap Fund - Regular - Growth,0.004335705006239587,5.055645452287741
2026-02-06,120843,Kotak Flexicap Fund - Regular - Growth,0.004905778341613765,5.18082674879383
2026-02-09,120843,Kotak Flexicap Fund - Regular - Growth,0.0033759642699879855,5.037394916496038
2026-02-10,120843,Kotak Flexicap Fund - Regular - Growth,-0.007062721688310791,4.675210481791437
2026-02-11,120843,Kotak Flexicap Fund - Regular - Growth,0.010383876647281687,4.768759600317482
2026-02-12,120843,Kotak Flexicap Fund - Regular - Growth,0.010658195475457433,4.828135726990513
2026-02-13,120843,Kotak Flexicap Fund - Regular - Growth,-0.007322447132976695,4.581400356239369
2026-02-16,120843,Kotak Flexicap Fund - Regular - Growth,0.005976291015227897,4.626971628740423
2026-02-17,120843,Kotak Flexicap Fund - Regular - Growth,0.009458765277074344,4.749622147827556
2026-02-18,120843,Kotak Flexicap Fund - Regular - Growth,-0.004134662786444698,4.633682874252647
2026-02-19,120843,Kotak Flexicap Fund - Regular - Growth,-0.0023852317897636865,4.412594401030026
2026-02-20,120843,Kotak Flexicap Fund - Regular - Growth,0.005996604196852218,4.446251752085802
2026-02-23,120843,Kotak Flexicap Fund - Regular - Growth,-0.01452116001916437,4.253888275684357
2026-02-24,120843,Kotak Flexicap Fund - Regular - Growth,-0.010322545151417728,3.869822351683988
2026-02-25,120843,Kotak Flexicap Fund - Regular - Growth,-0.009336555891238607,3.577082793387525
2026-02-26,120843,Kotak Flexicap Fund - Regular - Growth,-0.017357832768543524,3.004514836159083
2026-02-27,120843,Kotak Flexicap Fund - Regular - Growth,0.01159712467778018,3.224163208037084
2026-03-02,120843,Kotak Flexicap Fund - Regular - Growth,-0.01925544232233578,2.595853831492984
2026-03-03,120843,Kotak Flexicap Fund - Regular - Growth,0.004061584430843368,2.6741512821644364
2026-03-04,120843,Kotak Flexicap Fund - Regular - Growth,0.00881497280487098,2.689203449542999
2026-03-05,120843,Kotak Flexicap Fund - Regular - Growth,-0.002361290402277838,2.723678434590467
2026-03-06,120843,Kotak Flexicap Fund - Regular - Growth,-0.0061224350810763495,2.6627629604542835
2026-03-09,120843,Kotak Flexicap Fund - Regular - Growth,0.002946456714495005,2.5949089108186985
2026-03-10,120843,Kotak Flexicap Fund - Regular - Growth,0.0006142674007234561,2.6629678973694344
2026-03-11,120843,Kotak Flexicap Fund - Regular - Growth,0.010766978039610464,2.489495314278225
2026-03-12,120843,Kotak Flexicap Fund - Regular - Growth,-0.025565238644716937,1.7704168246643572
2026-03-13,120843,Kotak Flexicap Fund - Regular - Growth,-0.00862705159530186,1.5812970976432
2026-03-16,120843,Kotak Flexicap Fund - Regular - Growth,0.006275014875427809,1.535297151990601
2026-03-17,120843,Kotak Flexicap Fund - Regular - Growth,0.001104277813049892,1.639107454082839
2026-03-18,120843,Kotak Flexicap Fund - Regular - Growth,0.008208581779447499,1.6091335422817532
2026-03-19,120843,Kotak Flexicap Fund - Regular - Growth,0.0032415529661242726,1.494274254093522
2026-03-20,120843,Kotak Flexicap Fund - Regular - Growth,-0.0007630063573464962,1.2386503135218827
2026-03-23,120843,Kotak Flexicap Fund - Regular - Growth,-0.0024481049819342626,1.2663535199249367
2026-03-24,120843,Kotak Flexicap Fund - Regular - Growth,0.024320190070137082,1.9102097294691502
2026-03-25,120843,Kotak Flexicap Fund - Regular - Growth,0.0161959399553826,2.2925885232001217
2026-03-26,120843,Kotak Flexicap Fund - Regular - Growth,0.0056052321914221714,2.4376336454907093
2026-03-27,120843,Kotak Flexicap Fund - Regular - Growth,0.00138721881164372,2.1732907068990754
2026-03-30,120843,Kotak Flexicap Fund - Regular - Growth,0.006037387496857782,1.9098294653619083
2026-03-31,120843,Kotak Flexicap Fund - Regular - Growth,0.008968793512982298,1.9977523271857138
2026-04-01,120843,Kotak Flexicap Fund - Regular - Growth,0.004828368784313586,2.076074262123558
2026-04-02,120843,Kotak Flexicap Fund - Regular - Growth,-0.006953677083132104,1.9915111153243683
2026-04-03,120843,Kotak Flexicap Fund - Regular - Growth,0.018755125176636245,2.1452655611596425
2026-04-06,120843,Kotak Flexicap Fund - Regular - Growth,0.0030814242487544607,1.8255611150945357
2026-04-07,120843,Kotak Flexicap Fund - Regular - Growth,0.02111315075036546,1.860101098018126
2026-04-08,120843,Kotak Flexicap Fund - Regular - Growth,0.002484717686805693,1.6862496659078985
2026-04-09,120843,Kotak Flexicap Fund - Regular - Growth,-0.0018789259351517096,1.4255136472803067
2026-04-10,120843,Kotak Flexicap Fund - Regular - Growth,0.014652608233149955,1.523629170618163
2026-04-13,120843,Kotak Flexicap Fund - Regular - Growth,0.003637102226723421,1.591898365887404
2026-04-14,120843,Kotak Flexicap Fund - Regular - Growth,0.0019422578872692053,1.7707633015142015
2026-04-15,120843,Kotak Flexicap Fund - Regular - Growth,-0.011437273736437992,1.5217195093379388
2026-04-16,120843,Kotak Flexicap Fund - Regular - Growth,0.007275501761637715,1.5660290027512307
2026-04-17,120843,Kotak Flexicap Fund - Regular - Growth,-0.004367003945197401,1.7763139729684463
2026-04-20,120843,Kotak Flexicap Fund - Regular - Growth,-0.003910591137816888,1.715419835133777
2026-04-21,120843,Kotak Flexicap Fund - Regular - Growth,-0.004339496082741867,1.7874752325327592
2026-04-22,120843,Kotak Flexicap Fund - Regular - Growth,0.0050326571157619515,1.6818050989918962
2026-04-23,120843,Kotak Flexicap Fund - Regular - Growth,-0.014769252135112931,1.4644804240444083
2026-04-24,120843,Kotak Flexicap Fund - Regular - Growth,-0.0015289624710760341,1.3583859361696107
2026-04-27,120843,Kotak Flexicap Fund - Regular - Growth,0.010530702071472664,1.686024842399668
2026-04-28,120843,Kotak Flexicap Fund - Regular - Growth,-0.011888988785312082,1.1325545927322815
2026-04-29,120843,Kotak Flexicap Fund - Regular - Growth,0.0023408455891364977,1.5327211707706117
2026-04-30,120843,Kotak Flexicap Fund - Regular - Growth,-0.005752562461145638,1.3067191461978478
2026-05-01,120843,Kotak Flexicap Fund - Regular - Growth,-0.0034672742739232376,1.4982277506772763
2026-05-04,120843,Kotak Flexicap Fund - Regular - Growth,0.017427689354408082,1.909182282550402
2026-05-05,120843,Kotak Flexicap Fund - Regular - Growth,-0.015912144110921234,1.508953407131475
2026-05-06,120843,Kotak Flexicap Fund - Regular - Growth,0.008346735238553782,1.604366098185671
2026-05-07,120843,Kotak Flexicap Fund - Regular - Growth,-0.004212739656783038,1.4636406774201007
2026-05-08,120843,Kotak Flexicap Fund - Regular - Growth,-0.004712488522837788,1.3282031936069627
2026-05-11,120843,Kotak Flexicap Fund - Regular - Growth,-0.01055218694117388,1.2301920259538819
2026-05-12,120843,Kotak Flexicap Fund - Regular - Growth,0.00822771819108481,1.404245541917272
2026-05-13,120843,Kotak Flexicap Fund - Regular - Growth,-0.0013330664899980915,1.3606702331527223
2026-05-14,120843,Kotak Flexicap Fund - Regular - Growth,-0.002602891974224475,1.2607033733450617
2026-05-15,120843,Kotak Flexicap Fund - Regular - Growth,0.0017038007863696691,1.2946642063217335
2026-05-18,120843,Kotak Flexicap Fund - Regular - Growth,-0.0011204862818242622,1.1237165262452475
2026-05-19,120843,Kotak Flexicap Fund - Regular - Growth,-0.019380075325285517,0.7025682478830606
2026-05-20,120843,Kotak Flexicap Fund - Regular - Growth,-0.004342041542139685,0.571148855731002
2026-05-21,120843,Kotak Flexicap Fund - Regular - Growth,0.009666960589863827,0.8096937544441618
2026-05-22,120843,Kotak Flexicap Fund - Regular - Growth,-0.014484236503085612,0.7201427022634
2026-05-25,120843,Kotak Flexicap Fund - Regular - Growth,-0.010336385407064497,0.4854790944227729
2026-05-26,120843,Kotak Flexicap Fund - Regular - Growth,-0.003699900555795277,0.18263675308994717
2026-05-27,120843,Kotak Flexicap Fund - Regular - Growth,-0.006695395928910219,-0.03595615353654235
2026-05-28,120843,Kotak Flexicap Fund - Regular - Growth,0.00031413339510888427,0.11147675342407126
2026-05-29,120843,Kotak Flexicap Fund - Regular - Growth,-0.010367996585630035,-0.2456600670883367
2022-01-03,148567,Mirae Asset Large Cap Fund - Regular - Growth,,
2022-01-04,148567,Mirae Asset Large Cap Fund - Regular - Growth,0.019317764485832445,
2022-01-05,148567,Mirae Asset Large Cap Fund - Regular - Growth,-0.003939476458800328,
2022-01-06,148567,Mirae Asset Large Cap Fund - Regular - Growth,0.011891810045088436,
2022-01-07,148567,Mirae Asset Large Cap Fund - Regular - Growth,0.0005154167809728882,
2022-01-10,148567,Mirae Asset Large Cap Fund - Regular - Growth,0.024234266421831352,
2022-01-11,148567,Mirae Asset Large Cap Fund - Regular - Growth,-0.0019645276345355844,
2022-01-12,148567,Mirae Asset Large Cap Fund - Regular - Growth,0.0273543178015756,
2022-01-13,148567,Mirae Asset Large Cap Fund - Regular - Growth,0.004405576792987809,
2022-01-14,148567,Mirae Asset Large Cap Fund - Regular - Growth,0.008016300423527412,
2022-01-17,148567,Mirae Asset Large Cap Fund - Regular - Growth,0.015632895895306698,
2022-01-18,148567,Mirae Asset Large Cap Fund - Regular - Growth,-0.006410560561780021,
2022-01-19,148567,Mirae Asset Large Cap Fund - Regular - Growth,0.009102900331436903,
2022-01-20,148567,Mirae Asset Large Cap Fund - Regular - Growth,-0.002063026548197122,
2022-01-21,148567,Mirae Asset Large Cap Fund - Regular - Growth,0.001849411981831528,
2022-01-24,148567,Mirae Asset Large Cap Fund - Regular - Growth,0.0012498544821419877,
2022-01-25,148567,Mirae Asset Large Cap Fund - Regular - Growth,0.005579632743385465,
2022-01-26,148567,Mirae Asset Large Cap Fund - Regular - Growth,0.005205613473352466,
2022-01-27,148567,Mirae Asset Large Cap Fund - Regular - Growth,-0.0045466496109373145,
2022-01-28,148567,Mirae Asset Large Cap Fund - Regular - Growth,0.00161770587973864,
2022-01-31,148567,Mirae Asset Large Cap Fund - Regular - Growth,-0.019870462938429867,
2022-02-01,148567,Mirae Asset Large Cap Fund - Regular - Growth,0.009290744824642427,
2022-02-02,148567,Mirae Asset Large Cap Fund - Regular - Growth,0.015575701188489832,
2022-02-03,148567,Mirae Asset Large Cap Fund - Regular - Growth,0.002199446794334481,
2022-02-04,148567,Mirae Asset Large Cap Fund - Regular - Growth,-0.013555523378430245,
2022-02-07,148567,Mirae Asset Large Cap Fund - Regular - Growth,0.0070929952045379885,
2022-02-08,148567,Mirae Asset Large Cap Fund - Regular - Growth,-0.006200206335566505,
2022-02-09,148567,Mirae Asset Large Cap Fund - Regular - Growth,0.0021259663773380844,
2022-02-10,148567,Mirae Asset Large Cap Fund - Regular - Growth,0.006583259203263969,
2022-02-11,148567,Mirae Asset Large Cap Fund - Regular - Growth,0.005349236491629217,
2022-02-14,148567,Mirae Asset Large Cap Fund - Regular - Growth,0.010098279016832468,
2022-02-15,148567,Mirae Asset Large Cap Fund - Regular - Growth,0.0018089801609781908,
2022-02-16,148567,Mirae Asset Large Cap Fund - Regular - Growth,0.002046806881844443,
2022-02-17,148567,Mirae Asset Large Cap Fund - Regular - Growth,0.007038192269770427,
2022-02-18,148567,Mirae Asset Large Cap Fund - Regular - Growth,-0.00011453343021461393,
2022-02-21,148567,Mirae Asset Large Cap Fund - Regular - Growth,-0.0055351848818261384,
2022-02-22,148567,Mirae Asset Large Cap Fund - Regular - Growth,0.004513235645643876,
2022-02-23,148567,Mirae Asset Large Cap Fund - Regular - Growth,-0.009395263159841516,
2022-02-24,148567,Mirae Asset Large Cap Fund - Regular - Growth,-0.00019790223629512216,
2022-02-25,148567,Mirae Asset Large Cap Fund - Regular - Growth,-0.011567745758576331,
2022-02-28,148567,Mirae Asset Large Cap Fund - Regular - Growth,-0.004367890213306191,
2022-03-01,148567,Mirae Asset Large Cap Fund - Regular - Growth,-0.004002489538372789,
2022-03-02,148567,Mirae Asset Large Cap Fund - Regular - Growth,-0.008131134548558072,
2022-03-03,148567,Mirae Asset Large Cap Fund - Regular - Growth,0.010273490220784609,
2022-03-04,148567,Mirae Asset Large Cap Fund - Regular - Growth,0.009539079680340734,
2022-03-07,148567,Mirae Asset Large Cap Fund - Regular - Growth,0.01217841758412841,
2022-03-08,148567,Mirae Asset Large Cap Fund - Regular - Growth,-0.0011399283792551396,
2022-03-09,148567,Mirae Asset Large Cap Fund - Regular - Growth,-0.00330323170307667,
2022-03-10,148567,Mirae Asset Large Cap Fund - Regular - Growth,0.007631333695484299,
2022-03-11,148567,Mirae Asset Large Cap Fund - Regular - Growth,0.001650722051791842,
2022-03-14,148567,Mirae Asset Large Cap Fund - Regular - Growth,0.0016060300812767991,
2022-03-15,148567,Mirae Asset Large Cap Fund - Regular - Growth,-0.021679301628227732,
2022-03-16,148567,Mirae Asset Large Cap Fund - Regular - Growth,0.00721355836544757,
2022-03-17,148567,Mirae Asset Large Cap Fund - Regular - Growth,0.0060362047206472536,
2022-03-18,148567,Mirae Asset Large Cap Fund - Regular - Growth,0.00046871017672978077,
2022-03-21,148567,Mirae Asset Large Cap Fund - Regular - Growth,0.007740657527165018,
2022-03-22,148567,Mirae Asset Large Cap Fund - Regular - Growth,0.0058388958012975944,
2022-03-23,148567,Mirae Asset Large Cap Fund - Regular - Growth,-0.005612522619275251,
2022-03-24,148567,Mirae Asset Large Cap Fund - Regular - Growth,-0.0014215298274684596,
2022-03-25,148567,Mirae Asset Large Cap Fund - Regular - Growth,-0.008336368518850112,
2022-03-28,148567,Mirae Asset Large Cap Fund - Regular - Growth,0.013501113680024712,
2022-03-29,148567,Mirae Asset Large Cap Fund - Regular - Growth,0.009176487063855765,
2022-03-30,148567,Mirae Asset Large Cap Fund - Regular - Growth,-0.006640235567073716,
2022-03-31,148567,Mirae Asset Large Cap Fund - Regular - Growth,0.005991039786680252,
2022-04-01,148567,Mirae Asset Large Cap Fund - Regular - Growth,0.002978289548213553,
2022-04-04,148567,Mirae Asset Large Cap Fund - Regular - Growth,-0.005518675323602729,
2022-04-05,148567,Mirae Asset Large Cap Fund - Regular - Growth,0.0016132538389579398,
2022-04-06,148567,Mirae Asset Large Cap Fund - Regular - Growth,0.008119117785123198,
2022-04-07,148567,Mirae Asset Large Cap Fund - Regular - Growth,0.008843499568226276,
2022-04-08,148567,Mirae Asset Large Cap Fund - Regular - Growth,0.021305929263164103,
2022-04-11,148567,Mirae Asset Large Cap Fund - Regular - Growth,0.0013487403539826914,
2022-04-12,148567,Mirae Asset Large Cap Fund - Regular - Growth,-0.0015802029177485188,
2022-04-13,148567,Mirae Asset Large Cap Fund - Regular - Growth,0.005488976842975335,
2022-04-14,148567,Mirae Asset Large Cap Fund - Regular - Growth,-0.0010976410059996278,
2022-04-15,148567,Mirae Asset Large Cap Fund - Regular - Growth,-0.004631523820434413,
2022-04-18,148567,Mirae Asset Large Cap Fund - Regular - Growth,-0.00761967397942398,
2022-04-19,148567,Mirae Asset Large Cap Fund - Regular - Growth,-0.029276016814360317,
2022-04-20,148567,Mirae Asset Large Cap Fund - Regular - Growth,0.007020995935405283,
2022-04-21,148567,Mirae Asset Large Cap Fund - Regular - Growth,-0.01383271207596004,
2022-04-22,148567,Mirae Asset Large Cap Fund - Regular - Growth,-0.007218381830301657,
2022-04-25,148567,Mirae Asset Large Cap Fund - Regular - Growth,0.0031000102632967597,
2022-04-26,148567,Mirae Asset Large Cap Fund - Regular - Growth,-0.0023162815237409706,
2022-04-27,148567,Mirae Asset Large Cap Fund - Regular - Growth,0.019661821124750567,
2022-04-28,148567,Mirae Asset Large Cap Fund - Regular - Growth,-0.01271375392609253,
2022-04-29,148567,Mirae Asset Large Cap Fund - Regular - Growth,0.020466250018410514,
2022-05-02,148567,Mirae Asset Large Cap Fund - Regular - Growth,0.012773158566375287,
2022-05-03,148567,Mirae Asset Large Cap Fund - Regular - Growth,0.008569552200519803,
2022-05-04,148567,Mirae Asset Large Cap Fund - Regular - Growth,0.013297349361272692,
2022-05-05,148567,Mirae Asset Large Cap Fund - Regular - Growth,0.004092683833782695,
2022-05-06,148567,Mirae Asset Large Cap Fund - Regular - Growth,-0.014401410977198936,
2022-05-09,148567,Mirae Asset Large Cap Fund - Regular - Growth,0.00506905516193501,3.617160907361478
2022-05-10,148567,Mirae Asset Large Cap Fund - Regular - Growth,-0.012463272017804727,3.0636575420071424
2022-05-11,148567,Mirae Asset Large Cap Fund - Regular - Growth,-0.004135873377917765,3.05970821126099
2022-05-12,148567,Mirae Asset Large Cap Fund - Regular - Growth,-0.00017225178221214055,2.859032093892219
2022-05-13,148567,Mirae Asset Large Cap Fund - Regular - Growth,-0.007491273053041314,2.700936862150958
2022-05-16,148567,Mirae Asset Large Cap Fund - Regular - Growth,0.008899359662700723,2.492854534495828
2022-05-17,148567,Mirae Asset Large Cap Fund - Regular - Growth,-0.0013692859897364018,2.5044540394475376
2022-05-18,148567,Mirae Asset Large Cap Fund - Regular - Growth,0.004134877813172455,2.16601587152825
2022-05-19,148567,Mirae Asset Large Cap Fund - Regular - Growth,0.0004330843295654585,2.090586189854342
2022-05-20,148567,Mirae Asset Large Cap Fund - Regular - Growth,0.0016298684632281013,1.9733215827321229
2022-05-23,148567,Mirae Asset Large Cap Fund - Regular - Growth,-0.007278781831385861,1.5441956374014625
2022-05-24,148567,Mirae Asset Large Cap Fund - Regular - Growth,-0.00979087192407102,1.4717967115323365
2022-05-25,148567,Mirae Asset Large Cap Fund - Regular - Growth,-0.0008396900714757738,1.2836876872599978
2022-05-26,148567,Mirae Asset Large Cap Fund - Regular - Growth,-0.007972337875157387,1.162421506351166
2022-05-27,148567,Mirae Asset Large Cap Fund - Regular - Growth,0.012887822377351199,1.3641008059031174
2022-05-30,148567,Mirae Asset Large Cap Fund - Regular - Growth,-0.011554835513799544,1.10561896315544
2022-05-31,148567,Mirae Asset Large Cap Fund - Regular - Growth,0.021351003574640703,1.371323219837884
2022-06-01,148567,Mirae Asset Large Cap Fund - Regular - Growth,0.0031834640023229444,1.334785583508249
2022-06-02,148567,Mirae Asset Large Cap Fund - Regular - Growth,0.0011282801348264648,1.443247851118934
2022-06-03,148567,Mirae Asset Large Cap Fund - Regular - Growth,-0.0042401484110949905,1.3316871128986947
2022-06-06,148567,Mirae Asset Large Cap Fund - Regular - Growth,0.006329826507526226,1.8685577339722965
2022-06-07,148567,Mirae Asset Large Cap Fund - Regular - Growth,-0.0012848535667348004,1.673035029188753
2022-06-08,148567,Mirae Asset Large Cap Fund - Regular - Growth,0.0031708671714425485,1.4550714239561888
2022-06-09,148567,Mirae Asset Large Cap Fund - Regular - Growth,0.007972051974675765,1.5624410991398419
2022-06-10,148567,Mirae Asset Large Cap Fund - Regular - Growth,0.006438453931410182,1.9758880439556405
2022-06-13,148567,Mirae Asset Large Cap Fund - Regular - Growth,0.011516468236725697,2.0526218257243443
2022-06-14,148567,Mirae Asset Large Cap Fund - Regular - Growth,0.005272840575327065,2.2835085112238613
2022-06-15,148567,Mirae Asset Large Cap Fund - Regular - Growth,-0.007842136269937128,2.0759524266279317
2022-06-16,148567,Mirae Asset Large Cap Fund - Regular - Growth,-0.017668846942349936,1.5681509103468718
2022-06-17,148567,Mirae Asset Large Cap Fund - Regular - Growth,0.002380448520462375,1.5131664424662752
2022-06-20,148567,Mirae Asset Large Cap Fund - Regular - Growth,0.0025077653244873765,1.3754805584409036
2022-06-21,148567,Mirae Asset Large Cap Fund - Regular - Growth,0.017654717290662925,1.6497381557354607
2022-06-22,148567,Mirae Asset Large Cap Fund - Regular - Growth,-0.0005053386397702031,1.601427110769905
2022-06-23,148567,Mirae Asset Large Cap Fund - Regular - Growth,0.0038251284861117174,1.5436156562686527
2022-06-24,148567,Mirae Asset Large Cap Fund - Regular - Growth,0.007397759477097532,1.6813942673627642
2022-06-27,148567,Mirae Asset Large Cap Fund - Regular - Growth,0.005056246500500627,1.884631378058237
2022-06-28,148567,Mirae Asset Large Cap Fund - Regular - Growth,0.007990771221968895,1.9459158149780027
2022-06-29,148567,Mirae Asset Large Cap Fund - Regular - Growth,-0.0066780181437543495,2.003626811821102
2022-06-30,148567,Mirae Asset Large Cap Fund - Regular - Growth,-0.008061651626942834,1.8449390391592653
2022-07-01,148567,Mirae Asset Large Cap Fund - Regular - Growth,-0.0019570026017823317,2.045867537198427
2022-07-04,148567,Mirae Asset Large Cap Fund - Regular - Growth,-0.018484351316215286,1.7377675089612712
2022-07-05,148567,Mirae Asset Large Cap Fund - Regular - Growth,0.0001665770158421065,1.8180801068758352
2022-07-06,148567,Mirae Asset Large Cap Fund - Regular - Growth,-0.005286782811652402,1.8762553789609755
2022-07-07,148567,Mirae Asset Large Cap Fund - Regular - Growth,0.0033626421158134967,1.7560310077561472
2022-07-08,148567,Mirae Asset Large Cap Fund - Regular - Growth,-0.001819382800459013,1.549385536907333
2022-07-11,148567,Mirae Asset Large Cap Fund - Regular - Growth,-0.00840415157425467,1.1649426410959136
2022-07-12,148567,Mirae Asset Large Cap Fund - Regular - Growth,0.012149332471628638,1.404667372919226
2022-07-13,148567,Mirae Asset Large Cap Fund - Regular - Growth,0.0012446529662302197,1.4915347566237627
2022-07-14,148567,Mirae Asset Large Cap Fund - Regular - Growth,0.008158747836695568,1.5007257730654666
2022-07-15,148567,Mirae Asset Large Cap Fund - Regular - Growth,0.0021360567292663113,1.5097349483706908
2022-07-18,148567,Mirae Asset Large Cap Fund - Regular - Growth,0.00461863922241279,1.5649151044560357
2022-07-19,148567,Mirae Asset Large Cap Fund - Regular - Growth,-0.011421234572398076,1.7986352961072944
2022-07-20,148567,Mirae Asset Large Cap Fund - Regular - Growth,0.011857156838475325,1.8779167371071586
2022-07-21,148567,Mirae Asset Large Cap Fund - Regular - Growth,0.008299926149546666,1.917653982806082
2022-07-22,148567,Mirae Asset Large Cap Fund - Regular - Growth,0.00034984883144839607,1.9153689130465448
2022-07-25,148567,Mirae Asset Large Cap Fund - Regular - Growth,0.003060670775388852,1.8310757380960232
2022-07-26,148567,Mirae Asset Large Cap Fund - Regular - Growth,0.009401430628036556,1.89331303341916
2022-07-27,148567,Mirae Asset Large Cap Fund - Regular - Growth,-0.0027610673898775806,1.9514715919515004
2022-07-28,148567,Mirae Asset Large Cap Fund - Regular - Growth,-0.013355292340455516,1.7013901399521794
2022-07-29,148567,Mirae Asset Large Cap Fund - Regular - Growth,-0.0025966878357688294,1.8181686516926256
2022-08-01,148567,Mirae Asset Large Cap Fund - Regular - Growth,0.0018620388189678483,1.614270486468652
2022-08-02,148567,Mirae Asset Large Cap Fund - Regular - Growth,0.00023005570067824443,1.4498268563837862
2022-08-03,148567,Mirae Asset Large Cap Fund - Regular - Growth,0.012209409040129238,1.803405940922099
2022-08-04,148567,Mirae Asset Large Cap Fund - Regular - Growth,-0.007918296256663071,1.532159604922379
2022-08-05,148567,Mirae Asset Large Cap Fund - Regular - Growth,-0.006809206814848201,1.3410464551587655
2022-08-08,148567,Mirae Asset Large Cap Fund - Regular - Growth,-0.008776902410069676,1.2749484563530928
2022-08-09,148567,Mirae Asset Large Cap Fund - Regular - Growth,0.0043058247253131565,1.3248615970199138
2022-08-10,148567,Mirae Asset Large Cap Fund - Regular - Growth,-0.012858668760327596,0.9208867150787321
2022-08-11,148567,Mirae Asset Large Cap Fund - Regular - Growth,0.007100348196821482,0.8896753155693129
2022-08-12,148567,Mirae Asset Large Cap Fund - Regular - Growth,-0.007681623563713158,0.3539201536942123
2022-08-15,148567,Mirae Asset Large Cap Fund - Regular - Growth,-0.006282403947815873,0.20654631278166116
2022-08-16,148567,Mirae Asset Large Cap Fund - Regular - Growth,0.016258714598851975,0.5398023779464723
2022-08-17,148567,Mirae Asset Large Cap Fund - Regular - Growth,0.011451133658795909,0.648296937472818
2022-08-18,148567,Mirae Asset Large Cap Fund - Regular - Growth,0.0015684968816922495,0.6983409668568111
2022-08-19,148567,Mirae Asset Large Cap Fund - Regular - Growth,-0.010986028882989052,0.5753601245109875
2022-08-22,148567,Mirae Asset Large Cap Fund - Regular - Growth,0.018449032789134234,1.0444359269771022
2022-08-23,148567,Mirae Asset Large Cap Fund - Regular - Growth,-0.001214615347484349,1.6520246827931355
2022-08-24,148567,Mirae Asset Large Cap Fund - Regular - Growth,0.0027030520323467755,1.571762822593631
2022-08-25,148567,Mirae Asset Large Cap Fund - Regular - Growth,0.008595063555047355,2.031494536864132
2022-08-26,148567,Mirae Asset Large Cap Fund - Regular - Growth,-0.016654664106120376,1.8145822537423595
2022-08-29,148567,Mirae Asset Large Cap Fund - Regular - Growth,-0.0051151531042402665,1.6517768863322648
2022-08-30,148567,Mirae Asset Large Cap Fund - Regular - Growth,-8.519861501143922e-05,1.6960010390341427
2022-08-31,148567,Mirae Asset Large Cap Fund - Regular - Growth,0.0016700351389027368,1.3813205822272248
2022-09-01,148567,Mirae Asset Large Cap Fund - Regular - Growth,-0.010919925461414515,1.4214327944264407
2022-09-02,148567,Mirae Asset Large Cap Fund - Regular - Growth,0.003398837010628819,1.1130099539106122
2022-09-05,148567,Mirae Asset Large Cap Fund - Regular - Growth,0.0008136891775909483,0.8784421323759254
2022-09-06,148567,Mirae Asset Large Cap Fund - Regular - Growth,0.01533676129531747,1.0064380977765113
2022-09-07,148567,Mirae Asset Large Cap Fund - Regular - Growth,0.00938178301112269,0.9323805045356028
2022-09-08,148567,Mirae Asset Large Cap Fund - Regular - Growth,-0.0018573567818590542,0.8104546865247508
2022-09-09,148567,Mirae Asset Large Cap Fund - Regular - Growth,-0.0012122632821527368,1.1005713387975207
2022-09-12,148567,Mirae Asset Large Cap Fund - Regular - Growth,0.00950758807678942,1.1879434688676302
2022-09-13,148567,Mirae Asset Large Cap Fund - Regular - Growth,0.003022365504735003,1.5310429397135663
2022-09-14,148567,Mirae Asset Large Cap Fund - Regular - Growth,-0.011509984591543398,1.3614680305581754
2022-09-15,148567,Mirae Asset Large Cap Fund - Regular - Growth,0.019162140674968464,1.7208106052803804
2022-09-16,148567,Mirae Asset Large Cap Fund - Regular - Growth,-0.008179864998263509,1.7052352260767536
2022-09-19,148567,Mirae Asset Large Cap Fund - Regular - Growth,0.022630992319359056,1.9271943522913102
2022-09-20,148567,Mirae Asset Large Cap Fund - Regular - Growth,0.004299216851201715,2.0386789821068607
2022-09-21,148567,Mirae Asset Large Cap Fund - Regular - Growth,-0.005075667129166628,1.8528900427979724
2022-09-22,148567,Mirae Asset Large Cap Fund - Regular - Growth,-0.020153273852959508,1.4037360137253594
2022-09-23,148567,Mirae Asset Large Cap Fund - Regular - Growth,0.007393236088171662,1.509804815408156
2022-09-26,148567,Mirae Asset Large Cap Fund - Regular - Growth,-0.013070191770619966,1.3876982606501975
2022-09-27,148567,Mirae Asset Large Cap Fund - Regular - Growth,0.003673141457005258,1.6538897182820063
2022-09-28,148567,Mirae Asset Large Cap Fund - Regular - Growth,0.017724662390015578,1.9725257878894211
2022-09-29,148567,Mirae Asset Large Cap Fund - Regular - Growth,-0.009472262750726101,1.9408060398060523
2022-09-30,148567,Mirae Asset Large Cap Fund - Regular - Growth,0.007049019586337746,1.8437496086418186
2022-10-03,148567,Mirae Asset Large Cap Fund - Regular - Growth,-0.0066195810212538175,1.9491609038369548
2022-10-04,148567,Mirae Asset Large Cap Fund - Regular - Growth,0.010564549992490013,1.7823627189119136
2022-10-05,148567,Mirae Asset Large Cap Fund - Regular - Growth,0.001096835018004061,1.7425665789908114
2022-10-06,148567,Mirae Asset Large Cap Fund - Regular - Growth,0.00034787169711547605,1.727423628490946
2022-10-07,148567,Mirae Asset Large Cap Fund - Regular - Growth,0.011225523386507064,2.016427031539471
2022-10-10,148567,Mirae Asset Large Cap Fund - Regular - Growth,0.006049685195680166,2.011414384263364
2022-10-11,148567,Mirae Asset Large Cap Fund - Regular - Growth,-0.006559583594225815,1.9030997182953027
2022-10-12,148567,Mirae Asset Large Cap Fund - Regular - Growth,0.0164096968241787,2.125076507913435
2022-10-13,148567,Mirae Asset Large Cap Fund - Regular - Growth,-0.012944075981325298,1.713174534043561
2022-10-14,148567,Mirae Asset Large Cap Fund - Regular - Growth,0.002950983964041143,1.650599534446462
2022-10-17,148567,Mirae Asset Large Cap Fund - Regular - Growth,-0.006717650931426955,1.3134185547063477
2022-10-18,148567,Mirae Asset Large Cap Fund - Regular - Growth,-0.01252124858566206,0.9692342830534907
2022-10-19,148567,Mirae Asset Large Cap Fund - Regular - Growth,-0.009442405022047518,0.9376884900715029
2022-10-20,148567,Mirae Asset Large Cap Fund - Regular - Growth,8.22326944036611e-05,1.2952336474528856
2022-10-21,148567,Mirae Asset Large Cap Fund - Regular - Growth,0.003605881237247921,1.318046514649143
2022-10-24,148567,Mirae Asset Large Cap Fund - Regular - Growth,0.009903758971389731,1.4509927990512155
2022-10-25,148567,Mirae Asset Large Cap Fund - Regular - Growth,0.01362609737840681,1.3855740740048472
2022-10-26,148567,Mirae Asset Large Cap Fund - Regular - Growth,0.0029688188646987967,1.4514603090260956
2022-10-27,148567,Mirae Asset Large Cap Fund - Regular - Growth,-0.003386692628118304,1.3134334983421516
2022-10-28,148567,Mirae Asset Large Cap Fund - Regular - Growth,0.009725923268764314,1.3545273540002858
2022-10-31,148567,Mirae Asset Large Cap Fund - Regular - Growth,-0.004893305222556599,1.1646713750532702
2022-11-01,148567,Mirae Asset Large Cap Fund - Regular - Growth,-0.013464321460674777,0.7508714565896343
2022-11-02,148567,Mirae Asset Large Cap Fund - Regular - Growth,0.008835927890901374,1.0413143145166748
2022-11-03,148567,Mirae Asset Large Cap Fund - Regular - Growth,0.01226665072393529,1.4179259370918977
2022-11-04,148567,Mirae Asset Large Cap Fund - Regular - Growth,-0.006709724776834736,1.3249223512627648
2022-11-07,148567,Mirae Asset Large Cap Fund - Regular - Growth,0.01796851607642269,2.0163384299844567
2022-11-08,148567,Mirae Asset Large Cap Fund - Regular - Growth,0.005674131696179474,2.117136363467136
2022-11-09,148567,Mirae Asset Large Cap Fund - Regular - Growth,0.0043518980436165755,2.302724836987044
2022-11-10,148567,Mirae Asset Large Cap Fund - Regular - Growth,-0.004032537049256879,2.160504385709405
2022-11-11,148567,Mirae Asset Large Cap Fund - Regular - Growth,0.009532716482040016,2.3647740881754618
2022-11-14,148567,Mirae Asset Large Cap Fund - Regular - Growth,-0.01284429298873746,2.2666586633952224
2022-11-15,148567,Mirae Asset Large Cap Fund - Regular - Growth,-0.002478265754986775,2.008284971253824
2022-11-16,148567,Mirae Asset Large Cap Fund - Regular - Growth,-0.0059315333957741245,1.868359256202799
2022-11-17,148567,Mirae Asset Large Cap Fund - Regular - Growth,-0.010967519229619138,1.5036089075568628
2022-11-18,148567,Mirae Asset Large Cap Fund - Regular - Growth,0.008160113044935802,1.6100728223312786
2022-11-21,148567,Mirae Asset Large Cap Fund - Regular - Growth,0.0035303674738984547,1.5906531474377938
2022-11-22,148567,Mirae Asset Large Cap Fund - Regular - Growth,0.007640919762478271,1.956160423821384
2022-11-23,148567,Mirae Asset Large Cap Fund - Regular - Growth,-0.0019365889394860059,1.7111647719396246
2022-11-24,148567,Mirae Asset Large Cap Fund - Regular - Growth,0.009246100800014867,1.7272708004270474
2022-11-25,148567,Mirae Asset Large Cap Fund - Regular - Growth,0.0011973449727522567,1.7431652260722137
2022-11-28,148567,Mirae Asset Large Cap Fund - Regular - Growth,-0.0036413953075631333,1.616085401162166
2022-11-29,148567,Mirae Asset Large Cap Fund - Regular - Growth,-0.005105607365330611,1.348248702209906
2022-11-30,148567,Mirae Asset Large Cap Fund - Regular - Growth,-0.016828792255445313,1.0651165458810112
2022-12-01,148567,Mirae Asset Large Cap Fund - Regular - Growth,0.010843740868261564,1.5190549148367503
2022-12-02,148567,Mirae Asset Large Cap Fund - Regular - Growth,0.009831893165750394,1.7418488497663303
2022-12-05,148567,Mirae Asset Large Cap Fund - Regular - Growth,0.026681892718565914,2.116387455004556
2022-12-06,148567,Mirae Asset Large Cap Fund - Regular - Growth,-0.0024316520888769677,2.067700389426346
2022-12-07,148567,Mirae Asset Large Cap Fund - Regular - Growth,-0.0053501172205315806,1.7645177843513802
2022-12-08,148567,Mirae Asset Large Cap Fund - Regular - Growth,-0.014385464053139452,1.6347525253485045
2022-12-09,148567,Mirae Asset Large Cap Fund - Regular - Growth,0.00902232648756307,1.9139557492098533
2022-12-12,148567,Mirae Asset Large Cap Fund - Regular - Growth,0.006977027509861511,2.200312402280093
2022-12-13,148567,Mirae Asset Large Cap Fund - Regular - Growth,0.014302678346306275,2.3563991432372156
2022-12-14,148567,Mirae Asset Large Cap Fund - Regular - Growth,-0.007539642764067933,2.466894304141531
2022-12-15,148567,Mirae Asset Large Cap Fund - Regular - Growth,0.006856619986304935,2.462955116117515
2022-12-16,148567,Mirae Asset Large Cap Fund - Regular - Growth,-0.004079536415404594,2.534295572447006
2022-12-19,148567,Mirae Asset Large Cap Fund - Regular - Growth,0.012442841891102452,2.8578120080667273
2022-12-20,148567,Mirae Asset Large Cap Fund - Regular - Growth,0.005258581754730818,2.693726784896037
2022-12-21,148567,Mirae Asset Large Cap Fund - Regular - Growth,-0.013117268678871752,2.2395457430353183
2022-12-22,148567,Mirae Asset Large Cap Fund - Regular - Growth,-0.0006407653084247178,2.1998045644790816
2022-12-23,148567,Mirae Asset Large Cap Fund - Regular - Growth,-0.0165270929534842,2.0817019416051044
2022-12-26,148567,Mirae Asset Large Cap Fund - Regular - Growth,-0.009695603156708033,1.6030527260732992
2022-12-27,148567,Mirae Asset Large Cap Fund - Regular - Growth,-0.009167223005217107,1.4536813080758662
2022-12-28,148567,Mirae Asset Large Cap Fund - Regular - Growth,-0.005124077967504581,1.3129804270483403
2022-12-29,148567,Mirae Asset Large Cap Fund - Regular - Growth,-0.00179869273395028,1.1331602906786755
2022-12-30,148567,Mirae Asset Large Cap Fund - Regular - Growth,0.0019684111885329703,1.4883891973566905
2023-01-02,148567,Mirae Asset Large Cap Fund - Regular - Growth,0.0015277465738035012,1.6114235364630767
2023-01-03,148567,Mirae Asset Large Cap Fund - Regular - Growth,0.00030570925067863186,1.6185415636968243
2023-01-04,148567,Mirae Asset Large Cap Fund - Regular - Growth,0.003452520026702377,1.650162719837918
2023-01-05,148567,Mirae Asset Large Cap Fund - Regular - Growth,-0.010450817542072555,1.6596942524651421
2023-01-06,148567,Mirae Asset Large Cap Fund - Regular - Growth,0.001161793994806537,1.6198636888941713
2023-01-09,148567,Mirae Asset Large Cap Fund - Regular - Growth,0.013253843845545177,1.8285394205594232
2023-01-10,148567,Mirae Asset Large Cap Fund - Regular - Growth,-0.0009464499841567164,1.5552344043549189
2023-01-11,148567,Mirae Asset Large Cap Fund - Regular - Growth,0.004891169154228825,1.478805641426386
2023-01-12,148567,Mirae Asset Large Cap Fund - Regular - Growth,0.004065933725899251,1.5862366964808765
2023-01-13,148567,Mirae Asset Large Cap Fund - Regular - Growth,0.008153382621388872,1.7515969879333586
2023-01-16,148567,Mirae Asset Large Cap Fund - Regular - Growth,0.0030527879616630837,1.641251073174187
2023-01-17,148567,Mirae Asset Large Cap Fund - Regular - Growth,0.008002893150506729,1.7272457818349674
2023-01-18,148567,Mirae Asset Large Cap Fund - Regular - Growth,0.0050026605608139985,2.044562671307949
2023-01-19,148567,Mirae Asset Large Cap Fund - Regular - Growth,0.006332503038398052,1.8431891239495866
2023-01-20,148567,Mirae Asset Large Cap Fund - Regular - Growth,0.004424289348523347,2.0881977620293313
2023-01-23,148567,Mirae Asset Large Cap Fund - Regular - Growth,-0.008327455304660392,1.5457149150571365
2023-01-24,148567,Mirae Asset Large Cap Fund - Regular - Growth,-0.009761934059425825,1.2674591729470068
2023-01-25,148567,Mirae Asset Large Cap Fund - Regular - Growth,-0.0025953715705281377,1.316718530262668
2023-01-26,148567,Mirae Asset Large Cap Fund - Regular - Growth,0.014301052397013958,2.0103695113126188
2023-01-27,148567,Mirae Asset Large Cap Fund - Regular - Growth,-0.0009976143137182536,1.8516944939547169
2023-01-30,148567,Mirae Asset Large Cap Fund - Regular - Growth,0.0032517318245883775,2.199795106277278
2023-01-31,148567,Mirae Asset Large Cap Fund - Regular - Growth,-0.01669418309099946,1.7592423177505945
2023-02-01,148567,Mirae Asset Large Cap Fund - Regular - Growth,0.0022272030868750736,1.488016012549169
2023-02-02,148567,Mirae Asset Large Cap Fund - Regular - Growth,0.001274914415935413,1.7128578948188695
2023-02-03,148567,Mirae Asset Large Cap Fund - Regular - Growth,-0.022797060020376736,1.0808217510349365
2023-02-06,148567,Mirae Asset Large Cap Fund - Regular - Growth,0.0030864771588290374,1.2709107373207185
2023-02-07,148567,Mirae Asset Large Cap Fund - Regular - Growth,-0.013946847666305717,0.7935848368158034
2023-02-08,148567,Mirae Asset Large Cap Fund - Regular - Growth,-0.005863868000810735,0.6590175343749548
2023-02-09,148567,Mirae Asset Large Cap Fund - Regular - Growth,0.009329501211111646,0.8257656323295088
2023-02-10,148567,Mirae Asset Large Cap Fund - Regular - Growth,0.0019063325431059042,0.6540993377236249
2023-02-13,148567,Mirae Asset Large Cap Fund - Regular - Growth,-0.0034333907643451234,0.47369950350981826
2023-02-14,148567,Mirae Asset Large Cap Fund - Regular - Growth,-0.00418452362331978,0.5200044090328965
2023-02-15,148567,Mirae Asset Large Cap Fund - Regular - Growth,-0.0031654549700156354,0.14778303126974388
2023-02-16,148567,Mirae Asset Large Cap Fund - Regular - Growth,0.0019359772430758149,0.44262200943408386
2023-02-17,148567,Mirae Asset Large Cap Fund - Regular - Growth,-0.01002183857071115,0.18583807704391853
2023-02-20,148567,Mirae Asset Large Cap Fund - Regular - Growth,0.010486540754751417,0.5203758544720148
2023-02-21,148567,Mirae Asset Large Cap Fund - Regular - Growth,-0.00955814538442179,0.5808072916654783
2023-02-22,148567,Mirae Asset Large Cap Fund - Regular - Growth,-0.014607847286887354,0.47550184045390287
2023-02-23,148567,Mirae Asset Large Cap Fund - Regular - Growth,0.00929947864932057,0.6508387781685839
2023-02-24,148567,Mirae Asset Large Cap Fund - Regular - Growth,-0.003331223168545505,0.5168364889535499
2023-02-27,148567,Mirae Asset Large Cap Fund - Regular - Growth,0.0011379600411629553,0.3498439365494778
2023-02-28,148567,Mirae Asset Large Cap Fund - Regular - Growth,0.006308179520808643,0.2097877167498692
2023-03-01,148567,Mirae Asset Large Cap Fund - Regular - Growth,-0.005811945163211374,0.03750123495341869
2023-03-02,148567,Mirae Asset Large Cap Fund - Regular - Growth,0.0017276642639949547,0.13771352185317345
2023-03-03,148567,Mirae Asset Large Cap Fund - Regular - Growth,0.006251848636318114,0.06992480679875353
2023-03-06,148567,Mirae Asset Large Cap Fund - Regular - Growth,0.015121204367290586,0.4572097630376204
2023-03-07,148567,Mirae Asset Large Cap Fund - Regular - Growth,-0.003984130142001607,0.6487019443354032
2023-03-08,148567,Mirae Asset Large Cap Fund - Regular - Growth,-0.003559798124726843,0.4070494954997832
2023-03-09,148567,Mirae Asset Large Cap Fund - Regular - Growth,0.005498357524427178,0.2759510475305735
2023-03-10,148567,Mirae Asset Large Cap Fund - Regular - Growth,0.0023589115188988874,0.45757290074796303
2023-03-13,148567,Mirae Asset Large Cap Fund - Regular - Growth,-0.0006924710177450555,0.08761080458888477
2023-03-14,148567,Mirae Asset Large Cap Fund - Regular - Growth,0.014668675703162881,0.2675020272085722
2023-03-15,148567,Mirae Asset Large Cap Fund - Regular - Growth,-0.014220413847213953,-0.10494914637125223
2023-03-16,148567,Mirae Asset Large Cap Fund - Regular - Growth,-0.011950277843178592,-0.25991670678527473
2023-03-17,148567,Mirae Asset Large Cap Fund - Regular - Growth,-0.014119227391153344,-0.7207969158998432
2023-03-20,148567,Mirae Asset Large Cap Fund - Regular - Growth,0.01117501860898873,-0.2514809329783273
2023-03-21,148567,Mirae Asset Large Cap Fund - Regular - Growth,0.005068319722976833,-0.10345541395507152
2023-03-22,148567,Mirae Asset Large Cap Fund - Regular - Growth,-0.011506167175117099,-0.21113093838292823
2023-03-23,148567,Mirae Asset Large Cap Fund - Regular - Growth,-0.0005684848600984171,-0.009073669608251683
2023-03-24,148567,Mirae Asset Large Cap Fund - Regular - Growth,0.00027162190231200256,-0.16443166178237556
2023-03-27,148567,Mirae Asset Large Cap Fund - Regular - Growth,-0.018789001767725244,-0.5903552290032352
2023-03-28,148567,Mirae Asset Large Cap Fund - Regular - Growth,0.002178169252541773,-0.6982028109962356
2023-03-29,148567,Mirae Asset Large Cap Fund - Regular - Growth,-0.009819984990627195,-0.8456619977331046
2023-03-30,148567,Mirae Asset Large Cap Fund - Regular - Growth,0.006770893143253964,-0.8957351807385815
2023-03-31,148567,Mirae Asset Large Cap Fund - Regular - Growth,-0.009553026138834908,-1.0971753681100336
2023-04-03,148567,Mirae Asset Large Cap Fund - Regular - Growth,0.0024513244829733605,-0.9803898672179115
2023-04-04,148567,Mirae Asset Large Cap Fund - Regular - Growth,0.012004547110626262,-0.6467058569073492
2023-04-05,148567,Mirae Asset Large Cap Fund - Regular - Growth,0.00915175699679649,-0.15501697788785693
2023-04-06,148567,Mirae Asset Large Cap Fund - Regular - Growth,0.0050020140900597365,-0.2690766342890942
2023-04-07,148567,Mirae Asset Large Cap Fund - Regular - Growth,-0.00020147256188873808,-0.4664839310376867
2023-04-10,148567,Mirae Asset Large Cap Fund - Regular - Growth,-0.01263348914174589,-1.2859274430193308
2023-04-11,148567,Mirae Asset Large Cap Fund - Regular - Growth,-0.003350772902257604,-1.3042234170354987
2023-04-12,148567,Mirae Asset Large Cap Fund - Regular - Growth,-0.0014767831913251595,-1.2274305584864549
2023-04-13,148567,Mirae Asset Large Cap Fund - Regular - Growth,-0.002108315094906721,-0.9915333149731828
2023-04-14,148567,Mirae Asset Large Cap Fund - Regular - Growth,-0.012924538354975756,-1.438430919324676
2023-04-17,148567,Mirae Asset Large Cap Fund - Regular - Growth,0.004356878470080261,-1.496169434384849
2023-04-18,148567,Mirae Asset Large Cap Fund - Regular - Growth,-0.009849569218450926,-2.017835394499009
2023-04-19,148567,Mirae Asset Large Cap Fund - Regular - Growth,0.014251136823098642,-1.5407341430278767
2023-04-20,148567,Mirae Asset Large Cap Fund - Regular - Growth,0.0018228484054172434,-1.650826170712225
2023-04-21,148567,Mirae Asset Large Cap Fund - Regular - Growth,0.009194685528454594,-1.3674548970265752
2023-04-24,148567,Mirae Asset Large Cap Fund - Regular - Growth,0.009010449355786765,-1.446499467455998
2023-04-25,148567,Mirae Asset Large Cap Fund - Regular - Growth,0.019019446621358238,-1.1323715330773516
2023-04-26,148567,Mirae Asset Large Cap Fund - Regular - Growth,0.002122274531970225,-0.8355242033476995
2023-04-27,148567,Mirae Asset Large Cap Fund - Regular - Growth,-0.0029198105740128044,-0.8814197884808117
2023-04-28,148567,Mirae Asset Large Cap Fund - Regular - Growth,-0.002749609902380934,-0.6134483655187951
2023-05-01,148567,Mirae Asset Large Cap Fund - Regular - Growth,0.01380387988979681,-0.1260576863733067
2023-05-02,148567,Mirae Asset Large Cap Fund - Regular - Growth,-0.01106580095494547,-0.16455746073422883
2023-05-03,148567,Mirae Asset Large Cap Fund - Regular - Growth,-0.007201742384167931,-0.20669362163571178
2023-05-04,148567,Mirae Asset Large Cap Fund - Regular - Growth,0.0026090189643794837,-0.11660114226571466
2023-05-05,148567,Mirae Asset Large Cap Fund - Regular - Growth,-0.0008314879302184774,-0.17383483553919468
2023-05-08,148567,Mirae Asset Large Cap Fund - Regular - Growth,0.009090534191807498,-0.019210300921819145
2023-05-09,148567,Mirae Asset Large Cap Fund - Regular - Growth,-0.011227006851051935,-0.25108421353700927
2023-05-10,148567,Mirae Asset Large Cap Fund - Regular - Growth,-7.418460521080306e-05,-0.3223520842687896
2023-05-11,148567,Mirae Asset Large Cap Fund - Regular - Growth,-0.001132988949913205,-0.13574359504332856
2023-05-12,148567,Mirae Asset Large Cap Fund - Regular - Growth,-0.00890017857654446,-0.3380915155504975
2023-05-15,148567,Mirae Asset Large Cap Fund - Regular - Growth,0.008299208299208383,-0.4416541743189792
2023-05-16,148567,Mirae Asset Large Cap Fund - Regular - Growth,-0.00029411233817200344,-0.42839590817082945
2023-05-17,148567,Mirae Asset Large Cap Fund - Regular - Growth,-0.0006659302844275183,-0.5425532761249768
2023-05-18,148567,Mirae Asset Large Cap Fund - Regular - Growth,-0.006734947864467822,-0.7615736045049548
2023-05-19,148567,Mirae Asset Large Cap Fund - Regular - Growth,-0.0027413500881682262,-0.9885065592052868
2023-05-22,148567,Mirae Asset Large Cap Fund - Regular - Growth,-0.008458027454523287,-1.2196092873782172
2023-05-23,148567,Mirae Asset Large Cap Fund - Regular - Growth,0.008166591100179588,-1.2160101191424793
2023-05-24,148567,Mirae Asset Large Cap Fund - Regular - Growth,0.009670723146838256,-1.1146416571536444
2023-05-25,148567,Mirae Asset Large Cap Fund - Regular - Growth,0.015450393754358638,-0.9157185468037299
2023-05-26,148567,Mirae Asset Large Cap Fund - Regular - Growth,0.004353961696862196,-0.9171681444916292
2023-05-29,148567,Mirae Asset Large Cap Fund - Regular - Growth,-0.0024734698727617577,-0.803627536223999
2023-05-30,148567,Mirae Asset Large Cap Fund - Regular - Growth,-0.003613344925016304,-0.6841953038063286
2023-05-31,148567,Mirae Asset Large Cap Fund - Regular - Growth,0.004855539824864863,-0.5331098298814263
2023-06-01,148567,Mirae Asset Large Cap Fund - Regular - Growth,0.002289757665574488,-0.7869719026652177
2023-06-02,148567,Mirae Asset Large Cap Fund - Regular - Growth,-0.0010204357885573723,-0.7874368898172789
2023-06-05,148567,Mirae Asset Large Cap Fund - Regular - Growth,-0.0017938406952722197,-0.8913935122110804
2023-06-06,148567,Mirae Asset Large Cap Fund - Regular - Growth,0.010903512994518971,-0.33022930075013623
2023-06-07,148567,Mirae Asset Large Cap Fund - Regular - Growth,-0.0032867996054186666,-0.4441651799441775
2023-06-08,148567,Mirae Asset Large Cap Fund - Regular - Growth,0.012469259523718135,-0.21012735601866075
2023-06-09,148567,Mirae Asset Large Cap Fund - Regular - Growth,0.0021249481813576665,0.3114471946473375
2023-06-12,148567,Mirae Asset Large Cap Fund - Regular - Growth,-0.0027251156999553716,0.18780295957632617
2023-06-13,148567,Mirae Asset Large Cap Fund - Regular - Growth,-0.006388951763311779,0.3531476591933029
2023-06-14,148567,Mirae Asset Large Cap Fund - Regular - Growth,-0.000846273972179068,0.4626894711875219
2023-06-15,148567,Mirae Asset Large Cap Fund - Regular - Growth,0.004967430574612575,0.370280006030769
2023-06-16,148567,Mirae Asset Large Cap Fund - Regular - Growth,-0.0028055832441082895,0.2677554641196155
2023-06-19,148567,Mirae Asset Large Cap Fund - Regular - Growth,0.008047181581970708,0.5149951034828992
2023-06-20,148567,Mirae Asset Large Cap Fund - Regular - Growth,-0.0032444422204361834,0.5356691271964164
2023-06-21,148567,Mirae Asset Large Cap Fund - Regular - Growth,-0.000583994852648928,0.5921039209300472
2023-06-22,148567,Mirae Asset Large Cap Fund - Regular - Growth,-0.010773312447589167,0.31362751269569744
2023-06-23,148567,Mirae Asset Large Cap Fund - Regular - Growth,0.005464492200170534,0.6500704954712841
2023-06-26,148567,Mirae Asset Large Cap Fund - Regular - Growth,-0.0018387392680085934,0.38721602601408844
2023-06-27,148567,Mirae Asset Large Cap Fund - Regular - Growth,0.014544951396360917,0.9040599358123679
2023-06-28,148567,Mirae Asset Large Cap Fund - Regular - Growth,0.00675499627493048,1.3878534935889963
2023-06-29,148567,Mirae Asset Large Cap Fund - Regular - Growth,0.0012616650946402075,1.2193821389367003
2023-06-30,148567,Mirae Asset Large Cap Fund - Regular - Growth,0.01138510344632615,1.531242413906753
2023-07-03,148567,Mirae Asset Large Cap Fund - Regular - Growth,0.004097063671204548,1.5945511128167502
2023-07-04,148567,Mirae Asset Large Cap Fund - Regular - Growth,0.009452205564343563,1.6569956080360386
2023-07-05,148567,Mirae Asset Large Cap Fund - Regular - Growth,-0.007063894163718554,1.627169759733694
2023-07-06,148567,Mirae Asset Large Cap Fund - Regular - Growth,0.0045936444830638745,1.687621427430556
2023-07-07,148567,Mirae Asset Large Cap Fund - Regular - Growth,0.0049616741527880315,1.6613171838543943
2023-07-10,148567,Mirae Asset Large Cap Fund - Regular - Growth,-0.013022358290724623,1.0507674981732238
2023-07-11,148567,Mirae Asset Large Cap Fund - Regular - Growth,0.013898982015541517,1.4218131606444542
2023-07-12,148567,Mirae Asset Large Cap Fund - Regular - Growth,-0.009670141070755256,1.2808310255922866
2023-07-13,148567,Mirae Asset Large Cap Fund - Regular - Growth,-0.010879921320342878,0.92300130752001
2023-07-14,148567,Mirae Asset Large Cap Fund - Regular - Growth,-0.024307563700731616,0.34221466884715435
2023-07-17,148567,Mirae Asset Large Cap Fund - Regular - Growth,0.0047060781449359546,0.450649358377709
2023-07-18,148567,Mirae Asset Large Cap Fund - Regular - Growth,-0.013877258045220664,-0.12545311150627853
2023-07-19,148567,Mirae Asset Large Cap Fund - Regular - Growth,-0.004034503245955334,0.08144406832434486
2023-07-20,148567,Mirae Asset Large Cap Fund - Regular - Growth,0.007936160909488343,0.4920172975414678
2023-07-21,148567,Mirae Asset Large Cap Fund - Regular - Growth,0.0022124373685010745,0.8421904973601542
2023-07-24,148567,Mirae Asset Large Cap Fund - Regular - Growth,-0.004972663234756092,0.5074242748202618
2023-07-25,148567,Mirae Asset Large Cap Fund - Regular - Growth,-0.013421303393130857,0.11577312392687418
2023-07-26,148567,Mirae Asset Large Cap Fund - Regular - Growth,-0.0004335857859452119,0.35019066177347574
2023-07-27,148567,Mirae Asset Large Cap Fund - Regular - Growth,0.008091510530832124,0.5299707359624031
2023-07-28,148567,Mirae Asset Large Cap Fund - Regular - Growth,0.006719017141880723,0.6629330205203378
2023-07-31,148567,Mirae Asset Large Cap Fund - Regular - Growth,0.016406523282505248,1.4118014759130104
2023-08-01,148567,Mirae Asset Large Cap Fund - Regular - Growth,-0.005232584778768312,1.2521662230421702
2023-08-02,148567,Mirae Asset Large Cap Fund - Regular - Growth,-0.011038142185682998,1.2239012240896834
2023-08-03,148567,Mirae Asset Large Cap Fund - Regular - Growth,0.0032550466159935176,1.1529287939235602
2023-08-04,148567,Mirae Asset Large Cap Fund - Regular - Growth,0.002383072141061371,1.4156676977264715
2023-08-07,148567,Mirae Asset Large Cap Fund - Regular - Growth,0.0004723937808690515,1.374004314212547
2023-08-08,148567,Mirae Asset Large Cap Fund - Regular - Growth,-0.006047694387237623,0.9978382645726921
2023-08-09,148567,Mirae Asset Large Cap Fund - Regular - Growth,-0.02262511811406631,0.3075453865797698
2023-08-10,148567,Mirae Asset Large Cap Fund - Regular - Growth,-0.008326220977883492,0.03261196679710562
2023-08-11,148567,Mirae Asset Large Cap Fund - Regular - Growth,0.005442588010929894,0.14824447075644376
2023-08-14,148567,Mirae Asset Large Cap Fund - Regular - Growth,0.003025700934579545,0.47490585423720977
2023-08-15,148567,Mirae Asset Large Cap Fund - Regular - Growth,0.009068779785885717,0.7290117251369767
2023-08-16,148567,Mirae Asset Large Cap Fund - Regular - Growth,0.0035665792947428,0.8327331907558794
2023-08-17,148567,Mirae Asset Large Cap Fund - Regular - Growth,0.0070314811697456125,1.0185360139607895
2023-08-18,148567,Mirae Asset Large Cap Fund - Regular - Growth,0.007286598597501248,1.450157496858822
2023-08-21,148567,Mirae Asset Large Cap Fund - Regular - Growth,0.0006967951545937545,1.3754073506262001
2023-08-22,148567,Mirae Asset Large Cap Fund - Regular - Growth,0.0007591426735005236,1.6106901182090168
2023-08-23,148567,Mirae Asset Large Cap Fund - Regular - Growth,-0.02482479370996804,0.7619829488485141
2023-08-24,148567,Mirae Asset Large Cap Fund - Regular - Growth,-0.005260435906908056,0.6169896912652462
2023-08-25,148567,Mirae Asset Large Cap Fund - Regular - Growth,-0.004881873722765606,0.3334932670687677
2023-08-28,148567,Mirae Asset Large Cap Fund - Regular - Growth,-0.00044356064039074994,0.142283563763262
2023-08-29,148567,Mirae Asset Large Cap Fund - Regular - Growth,-0.007660150045495917,-0.41253106010992124
2023-08-30,148567,Mirae Asset Large Cap Fund - Regular - Growth,0.008823263833648065,-0.2707072991440904
2023-08-31,148567,Mirae Asset Large Cap Fund - Regular - Growth,-0.007231937737352978,-0.35920987231118967
2023-09-01,148567,Mirae Asset Large Cap Fund - Regular - Growth,0.010290987657898931,-0.0881782762434874
2023-09-04,148567,Mirae Asset Large Cap Fund - Regular - Growth,-0.007929653013937554,-0.5408282677179039
2023-09-05,148567,Mirae Asset Large Cap Fund - Regular - Growth,-0.0047964635317776505,-0.4136394084282011
2023-09-06,148567,Mirae Asset Large Cap Fund - Regular - Growth,-0.005465204113913935,-0.37790885080924264
2023-09-07,148567,Mirae Asset Large Cap Fund - Regular - Growth,-0.0038528328221107966,-0.5132621088274191
2023-09-08,148567,Mirae Asset Large Cap Fund - Regular - Growth,0.010969985684711858,-0.26319939489907884
2023-09-11,148567,Mirae Asset Large Cap Fund - Regular - Growth,-0.0023657221683853757,-0.5043122160000483
2023-09-12,148567,Mirae Asset Large Cap Fund - Regular - Growth,-0.0021419525475127044,-0.3174009033308173
2023-09-13,148567,Mirae Asset Large Cap Fund - Regular - Growth,-0.006007966734405179,-0.44138094803058825
2023-09-14,148567,Mirae Asset Large Cap Fund - Regular - Growth,-0.0017740891778388335,-0.45481187209321616
2023-09-15,148567,Mirae Asset Large Cap Fund - Regular - Growth,0.0024276649387318106,-0.2177324752442426
2023-09-18,148567,Mirae Asset Large Cap Fund - Regular - Growth,-0.0013801574160675623,-0.4248990647489875
2023-09-19,148567,Mirae Asset Large Cap Fund - Regular - Growth,-0.0008094641021685334,-0.43585074031547855
2023-09-20,148567,Mirae Asset Large Cap Fund - Regular - Growth,0.009521355085867267,-0.21747174463378033
2023-09-21,148567,Mirae Asset Large Cap Fund - Regular - Growth,0.0029330883168725563,-0.013393413352384228
2023-09-22,148567,Mirae Asset Large Cap Fund - Regular - Growth,-0.009587625765764218,-0.15728807906658543
2023-09-25,148567,Mirae Asset Large Cap Fund - Regular - Growth,-0.00023531478503391323,0.015733796073011723
2023-09-26,148567,Mirae Asset Large Cap Fund - Regular - Growth,-0.004223647218076332,-0.24734216930050787
2023-09-27,148567,Mirae Asset Large Cap Fund - Regular - Growth,0.005123859276864762,-0.3458470997118938
2023-09-28,148567,Mirae Asset Large Cap Fund - Regular - Growth,0.0014250695195510144,-0.6587642680334327
2023-09-29,148567,Mirae Asset Large Cap Fund - Regular - Growth,0.010539165026291153,-0.5196698940561157
2023-10-02,148567,Mirae Asset Large Cap Fund - Regular - Growth,-0.005992615247543465,-0.5943716621474746
2023-10-03,148567,Mirae Asset Large Cap Fund - Regular - Growth,-0.0011807545624960003,-0.5423618445605806
2023-10-04,148567,Mirae Asset Large Cap Fund - Regular - Growth,-0.008829455391080376,-0.8347011366521323
2023-10-05,148567,Mirae Asset Large Cap Fund - Regular - Growth,0.00014799692688738375,-0.8812951877701888
2023-10-06,148567,Mirae Asset Large Cap Fund - Regular - Growth,-0.012951079020840472,-1.1236717968012442
2023-10-09,148567,Mirae Asset Large Cap Fund - Regular - Growth,0.0033565887798441274,-1.0130824098848656
2023-10-10,148567,Mirae Asset Large Cap Fund - Regular - Growth,2.636736774563886e-05,-1.257519726152946
2023-10-11,148567,Mirae Asset Large Cap Fund - Regular - Growth,0.0018863156969590733,-1.1465922529624706
2023-10-12,148567,Mirae Asset Large Cap Fund - Regular - Growth,0.007494870920448982,-1.2644808146076343
2023-10-13,148567,Mirae Asset Large Cap Fund - Regular - Growth,0.0025011101533316538,-1.2561001406813155
2023-10-16,148567,Mirae Asset Large Cap Fund - Regular - Growth,-0.010686252157769527,-1.4169878034210879
2023-10-17,148567,Mirae Asset Large Cap Fund - Regular - Growth,-0.004376420443633955,-1.3759241118371228
2023-10-18,148567,Mirae Asset Large Cap Fund - Regular - Growth,-0.00019178646891349072,-1.3618204906857299
2023-10-19,148567,Mirae Asset Large Cap Fund - Regular - Growth,-0.002374639642370946,-1.5235358275223174
2023-10-20,148567,Mirae Asset Large Cap Fund - Regular - Growth,-0.0012995465952652108,-1.4915470278854066
2023-10-23,148567,Mirae Asset Large Cap Fund - Regular - Growth,0.014925505253083005,-1.3246354525189052
2023-10-24,148567,Mirae Asset Large Cap Fund - Regular - Growth,0.0014020260693992093,-1.2260484398396903
2023-10-25,148567,Mirae Asset Large Cap Fund - Regular - Growth,0.0038942658378060546,-1.128908615617518
2023-10-26,148567,Mirae Asset Large Cap Fund - Regular - Growth,-0.017052250986057005,-1.2454455729881795
2023-10-27,148567,Mirae Asset Large Cap Fund - Regular - Growth,0.007119506875129078,-1.2085648951781103
2023-10-30,148567,Mirae Asset Large Cap Fund - Regular - Growth,0.02600028920857622,-0.594273993275321
2023-10-31,148567,Mirae Asset Large Cap Fund - Regular - Growth,0.012460360677792437,-0.6382758160900758
2023-11-01,148567,Mirae Asset Large Cap Fund - Regular - Growth,-0.0033599088838268676,-0.8424496671181374
2023-11-02,148567,Mirae Asset Large Cap Fund - Regular - Growth,0.020846427823172142,-0.4370427147377004
2023-11-03,148567,Mirae Asset Large Cap Fund - Regular - Growth,0.0007587418567407411,-0.6489337144435233
2023-11-06,148567,Mirae Asset Large Cap Fund - Regular - Growth,0.003225315307197274,-0.66630600348924
2023-11-07,148567,Mirae Asset Large Cap Fund - Regular - Growth,-0.001841831672690808,-0.8932297662195678
2023-11-08,148567,Mirae Asset Large Cap Fund - Regular - Growth,-0.0020686438074630775,-0.7971225381508604
2023-11-09,148567,Mirae Asset Large Cap Fund - Regular - Growth,-0.01912487031219401,-1.2382852535380895
2023-11-10,148567,Mirae Asset Large Cap Fund - Regular - Growth,0.0074886539548695286,-1.1866499446772836
2023-11-13,148567,Mirae Asset Large Cap Fund - Regular - Growth,-0.0021007874544287652,-0.9861536836565346
2023-11-14,148567,Mirae Asset Large Cap Fund - Regular - Growth,-0.0011424679620243294,-1.2981033631810823
2023-11-15,148567,Mirae Asset Large Cap Fund - Regular - Growth,0.0029304622870023334,-1.0540974092690614
2023-11-16,148567,Mirae Asset Large Cap Fund - Regular - Growth,-0.003134878460510304,-0.9067331468747795
2023-11-17,148567,Mirae Asset Large Cap Fund - Regular - Growth,0.0028468919412434346,-0.3792044913747837
2023-11-20,148567,Mirae Asset Large Cap Fund - Regular - Growth,0.011187325788360125,-0.24190406136205994
2023-11-21,148567,Mirae Asset Large Cap Fund - Regular - Growth,0.0040943453406452335,0.13201352128773802
2023-11-22,148567,Mirae Asset Large Cap Fund - Regular - Growth,-0.0008372361284961771,0.1993864125063346
2023-11-23,148567,Mirae Asset Large Cap Fund - Regular - Growth,-0.0005731079936149852,0.02063265567065271
2023-11-24,148567,Mirae Asset Large Cap Fund - Regular - Growth,0.0022875360338678874,0.022218368622205237
2023-11-27,148567,Mirae Asset Large Cap Fund - Regular - Growth,-0.006799440264789847,-0.016339445259414928
2023-11-28,148567,Mirae Asset Large Cap Fund - Regular - Growth,0.002350969241918799,0.32082930374870294
2023-11-29,148567,Mirae Asset Large Cap Fund - Regular - Growth,0.0065747433588660975,0.46919951191634585
2023-11-30,148567,Mirae Asset Large Cap Fund - Regular - Growth,0.0012892521101068866,0.32579922062140343
2023-12-01,148567,Mirae Asset Large Cap Fund - Regular - Growth,-0.0032194948233859044,0.11312936465998906
2023-12-04,148567,Mirae Asset Large Cap Fund - Regular - Growth,-0.0020145531068621603,-0.2891945691300167
2023-12-05,148567,Mirae Asset Large Cap Fund - Regular - Growth,0.006287622788157865,-0.03591662281176574
2023-12-06,148567,Mirae Asset Large Cap Fund - Regular - Growth,-0.009144758420652765,0.005671164122988369
2023-12-07,148567,Mirae Asset Large Cap Fund - Regular - Growth,-0.00666296559560442,-0.2121960804457911
2023-12-08,148567,Mirae Asset Large Cap Fund - Regular - Growth,-0.013562611776897437,-0.5542017427795684
2023-12-11,148567,Mirae Asset Large Cap Fund - Regular - Growth,0.0008164942427095756,-0.546724794837427
2023-12-12,148567,Mirae Asset Large Cap Fund - Regular - Growth,0.00814981609477572,-0.23874416994262693
2023-12-13,148567,Mirae Asset Large Cap Fund - Regular - Growth,0.012333718882313827,0.5321479341727666
2023-12-14,148567,Mirae Asset Large Cap Fund - Regular - Growth,0.014274679758010445,1.0248303899020053
2023-12-15,148567,Mirae Asset Large Cap Fund - Regular - Growth,-0.0055577533060811035,0.7815906941461184
2023-12-18,148567,Mirae Asset Large Cap Fund - Regular - Growth,0.0027250225115023063,0.7750711126866326
2023-12-19,148567,Mirae Asset Large Cap Fund - Regular - Growth,-0.0030282310271689816,0.5115928688582262
2023-12-20,148567,Mirae Asset Large Cap Fund - Regular - Growth,0.015160411009189412,0.7545050120402369
2023-12-21,148567,Mirae Asset Large Cap Fund - Regular - Growth,0.012083741442371343,0.8576459930915368
2023-12-22,148567,Mirae Asset Large Cap Fund - Regular - Growth,0.0020005864650667338,0.7463884394921352
2023-12-25,148567,Mirae Asset Large Cap Fund - Regular - Growth,-0.004934049536259311,0.6229501345618039
2023-12-26,148567,Mirae Asset Large Cap Fund - Regular - Growth,-0.02945096992168761,-0.027913585739311696
2023-12-27,148567,Mirae Asset Large Cap Fund - Regular - Growth,-0.012053675310908285,0.2381141667408433
2023-12-28,148567,Mirae Asset Large Cap Fund - Regular - Growth,-0.015696085923351477,0.01956263588715528
2023-12-29,148567,Mirae Asset Large Cap Fund - Regular - Growth,-0.012163449880673416,-0.128908384325419
2024-01-01,148567,Mirae Asset Large Cap Fund - Regular - Growth,0.01723226522572796,0.22610494200328013
2024-01-02,148567,Mirae Asset Large Cap Fund - Regular - Growth,-0.010846223454640702,0.16192064654368296
2024-01-03,148567,Mirae Asset Large Cap Fund - Regular - Growth,-0.008801654616909738,-0.18782978871473122
2024-01-04,148567,Mirae Asset Large Cap Fund - Regular - Growth,-0.007573639502963747,-0.19454172613789722
2024-01-05,148567,Mirae Asset Large Cap Fund - Regular - Growth,0.023710101103491033,0.06943907489270208
2024-01-08,148567,Mirae Asset Large Cap Fund - Regular - Growth,-3.506337439296292e-05,0.2221487717920476
2024-01-09,148567,Mirae Asset Large Cap Fund - Regular - Growth,0.009327184631077845,0.4928895097270248
2024-01-10,148567,Mirae Asset Large Cap Fund - Regular - Growth,0.002064432181139386,0.6389923194340299
2024-01-11,148567,Mirae Asset Large Cap Fund - Regular - Growth,-0.0168417801376044,0.3816851216871672
2024-01-12,148567,Mirae Asset Large Cap Fund - Regular - Growth,0.014131870386438372,0.4393095623265829
2024-01-15,148567,Mirae Asset Large Cap Fund - Regular - Growth,0.004060890171571074,0.5600533391720439
2024-01-16,148567,Mirae Asset Large Cap Fund - Regular - Growth,-0.0005572422072668282,0.5900782986915939
2024-01-17,148567,Mirae Asset Large Cap Fund - Regular - Growth,0.01616798407351716,0.9946271947397144
2024-01-18,148567,Mirae Asset Large Cap Fund - Regular - Growth,-0.002536749282373796,0.9801978650444533
2024-01-19,148567,Mirae Asset Large Cap Fund - Regular - Growth,-0.0007572626251011183,0.9211219486445135
2024-01-22,148567,Mirae Asset Large Cap Fund - Regular - Growth,-0.002524393834466121,0.8995402951488702
2024-01-23,148567,Mirae Asset Large Cap Fund - Regular - Growth,0.010057651953483626,1.0954372102393566
2024-01-24,148567,Mirae Asset Large Cap Fund - Regular - Growth,0.007722544066348869,1.0640884974625762
2024-01-25,148567,Mirae Asset Large Cap Fund - Regular - Growth,0.002977530671322892,1.0648974275950363
2024-01-26,148567,Mirae Asset Large Cap Fund - Regular - Growth,-0.008720785216813187,1.0820771846924953
2024-01-29,148567,Mirae Asset Large Cap Fund - Regular - Growth,-0.002746268043566369,1.0348744554714766
2024-01-30,148567,Mirae Asset Large Cap Fund - Regular - Growth,-0.008723897051629681,0.9478316227698385
2024-01-31,148567,Mirae Asset Large Cap Fund - Regular - Growth,0.010806823612525163,1.0472650552208769
2024-02-01,148567,Mirae Asset Large Cap Fund - Regular - Growth,-0.013282395045131179,0.7685666010684089
2024-02-02,148567,Mirae Asset Large Cap Fund - Regular - Growth,0.014683042731445939,0.8387403827982824
2024-02-05,148567,Mirae Asset Large Cap Fund - Regular - Growth,0.011943148396236447,1.1564113004238765
2024-02-06,148567,Mirae Asset Large Cap Fund - Regular - Growth,-0.007555675937789386,1.0381536699351017
2024-02-07,148567,Mirae Asset Large Cap Fund - Regular - Growth,-0.003152404014715393,1.1446443743779466
2024-02-08,148567,Mirae Asset Large Cap Fund - Regular - Growth,-0.005750515013581592,1.036271259228339
2024-02-09,148567,Mirae Asset Large Cap Fund - Regular - Growth,0.0043192668384886,1.3594256987900821
2024-02-12,148567,Mirae Asset Large Cap Fund - Regular - Growth,0.013057136138230119,1.5222334569698515
2024-02-13,148567,Mirae Asset Large Cap Fund - Regular - Growth,0.011031796876267208,1.7098527915617507
2024-02-14,148567,Mirae Asset Large Cap Fund - Regular - Growth,-0.0032965876107259318,1.6157030421164358
2024-02-15,148567,Mirae Asset Large Cap Fund - Regular - Growth,0.011649651395674532,1.6829178273496201
2024-02-16,148567,Mirae Asset Large Cap Fund - Regular - Growth,0.010909944237178948,1.8224377420797573
2024-02-19,148567,Mirae Asset Large Cap Fund - Regular - Growth,-0.0011488599925245646,2.0062336858761003
2024-02-20,148567,Mirae Asset Large Cap Fund - Regular - Growth,0.00043230276555616953,2.0955482753575687
2024-02-21,148567,Mirae Asset Large Cap Fund - Regular - Growth,0.014212579397616665,2.330745041361005
2024-02-22,148567,Mirae Asset Large Cap Fund - Regular - Growth,0.009898386016673477,2.539702184055254
2024-02-23,148567,Mirae Asset Large Cap Fund - Regular - Growth,0.011381273130373959,2.749866779647071
2024-02-26,148567,Mirae Asset Large Cap Fund - Regular - Growth,0.023591521191320464,2.8542106695777973
2024-02-27,148567,Mirae Asset Large Cap Fund - Regular - Growth,0.005356280865916663,2.920491678828751
2024-02-28,148567,Mirae Asset Large Cap Fund - Regular - Growth,0.003393320467955041,2.912137891299781
2024-02-29,148567,Mirae Asset Large Cap Fund - Regular - Growth,0.012570340070949815,3.4699961961393395
2024-03-01,148567,Mirae Asset Large Cap Fund - Regular - Growth,0.018210652113655357,3.618046358865547
2024-03-04,148567,Mirae Asset Large Cap Fund - Regular - Growth,-0.004864407974772944,3.1754840540498446
2024-03-05,148567,Mirae Asset Large Cap Fund - Regular - Growth,-0.0012628561536881522,2.9489080403218315
2024-03-06,148567,Mirae Asset Large Cap Fund - Regular - Growth,-0.008431781953705642,2.845581141638153
2024-03-07,148567,Mirae Asset Large Cap Fund - Regular - Growth,0.0035448531702617636,2.59242372571958
2024-03-08,148567,Mirae Asset Large Cap Fund - Regular - Growth,0.008394025540363614,2.7237598540282772
2024-03-11,148567,Mirae Asset Large Cap Fund - Regular - Growth,-0.007822072025710947,2.510917508681773
2024-03-12,148567,Mirae Asset Large Cap Fund - Regular - Growth,0.010570885549575193,2.7236728726142463
2024-03-13,148567,Mirae Asset Large Cap Fund - Regular - Growth,-0.003476654200101792,2.696443359388412
2024-03-14,148567,Mirae Asset Large Cap Fund - Regular - Growth,-0.004191914441951439,3.035639304367706
2024-03-15,148567,Mirae Asset Large Cap Fund - Regular - Growth,0.010536494101668126,3.0834241786019203
2024-03-18,148567,Mirae Asset Large Cap Fund - Regular - Growth,-0.004984561211746841,3.0249121501352696
2024-03-19,148567,Mirae Asset Large Cap Fund - Regular - Growth,-0.011792079393918242,2.800711055134091
2024-03-20,148567,Mirae Asset Large Cap Fund - Regular - Growth,0.007099748616576473,2.8715046100735924
2024-03-21,148567,Mirae Asset Large Cap Fund - Regular - Growth,-0.0006453758550331035,2.9196094147459126
2024-03-22,148567,Mirae Asset Large Cap Fund - Regular - Growth,0.011143070950844214,3.05422026812141
2024-03-25,148567,Mirae Asset Large Cap Fund - Regular - Growth,0.007892716693900681,3.003840335642273
2024-03-26,148567,Mirae Asset Large Cap Fund - Regular - Growth,-0.014791619964803715,2.622116657001077
2024-03-27,148567,Mirae Asset Large Cap Fund - Regular - Growth,0.012191014356175867,2.8369073218635816
2024-03-28,148567,Mirae Asset Large Cap Fund - Regular - Growth,0.017420656097804965,3.1136946360424367
2024-03-29,148567,Mirae Asset Large Cap Fund - Regular - Growth,0.009677220128269992,3.2321535185263572
2024-04-01,148567,Mirae Asset Large Cap Fund - Regular - Growth,0.010036769900373166,3.5282061624001377
2024-04-02,148567,Mirae Asset Large Cap Fund - Regular - Growth,-0.001666692255595903,3.4554619344599495
2024-04-03,148567,Mirae Asset Large Cap Fund - Regular - Growth,-0.003681559224488762,3.274636800580497
2024-04-04,148567,Mirae Asset Large Cap Fund - Regular - Growth,0.002392551703556789,3.2938986783595468
2024-04-05,148567,Mirae Asset Large Cap Fund - Regular - Growth,0.008665345206513075,3.497798804147669
2024-04-08,148567,Mirae Asset Large Cap Fund - Regular - Growth,0.008442475984658637,3.675433631615849
2024-04-09,148567,Mirae Asset Large Cap Fund - Regular - Growth,-0.003338962751641694,3.505524373164009
2024-04-10,148567,Mirae Asset Large Cap Fund - Regular - Growth,-0.0042303012095977754,3.6079040486092304
2024-04-11,148567,Mirae Asset Large Cap Fund - Regular - Growth,-0.01254651447573707,3.479021499363614
2024-04-12,148567,Mirae Asset Large Cap Fund - Regular - Growth,0.006240109028118779,3.871005172469574
2024-04-15,148567,Mirae Asset Large Cap Fund - Regular - Growth,-0.0029169065438495734,3.800211861588092
2024-04-16,148567,Mirae Asset Large Cap Fund - Regular - Growth,-0.0021376239783414963,3.6231222616771506
2024-04-17,148567,Mirae Asset Large Cap Fund - Regular - Growth,0.015879220543205674,3.6682321441452985
2024-04-18,148567,Mirae Asset Large Cap Fund - Regular - Growth,0.005810578188814253,3.546449931586015
2024-04-19,148567,Mirae Asset Large Cap Fund - Regular - Growth,0.003369223618794548,3.7154611096669052
2024-04-22,148567,Mirae Asset Large Cap Fund - Regular - Growth,0.007868011391475749,3.7995563741184095
2024-04-23,148567,Mirae Asset Large Cap Fund - Regular - Growth,0.013130168443128865,4.064654837623977
2024-04-24,148567,Mirae Asset Large Cap Fund - Regular - Growth,-0.013655208443366762,3.542156641537159
2024-04-25,148567,Mirae Asset Large Cap Fund - Regular - Growth,-0.004462273243877601,3.2641230821736147
2024-04-26,148567,Mirae Asset Large Cap Fund - Regular - Growth,-0.0015302276244862911,3.2002793460065546
2024-04-29,148567,Mirae Asset Large Cap Fund - Regular - Growth,-0.008079623630184773,3.13624012153866
2024-04-30,148567,Mirae Asset Large Cap Fund - Regular - Growth,-0.0018212298311215402,3.8274117540921253
2024-05-01,148567,Mirae Asset Large Cap Fund - Regular - Growth,-0.013078070276070108,3.8015033838664105
2024-05-02,148567,Mirae Asset Large Cap Fund - Regular - Growth,0.008686384180404572,4.326050623723769
2024-05-03,148567,Mirae Asset Large Cap Fund - Regular - Growth,-0.004040147268790983,4.5278840978999275
2024-05-06,148567,Mirae Asset Large Cap Fund - Regular - Growth,0.002291160273169668,4.305538352110269
2024-05-07,148567,Mirae Asset Large Cap Fund - Regular - Growth,0.000968525057720937,4.586209827315069
2024-05-08,148567,Mirae Asset Large Cap Fund - Regular - Growth,0.00544681616083853,4.904353686124941
2024-05-09,148567,Mirae Asset Large Cap Fund - Regular - Growth,-0.020964134259524814,4.503072051788235
2024-05-10,148567,Mirae Asset Large Cap Fund - Regular - Growth,0.004496945178620093,4.26362186474363
2024-05-13,148567,Mirae Asset Large Cap Fund - Regular - Growth,-0.0019082201837381518,4.223311651943725
2024-05-14,148567,Mirae Asset Large Cap Fund - Regular - Growth,0.004112450516977839,4.134392030968948
2024-05-15,148567,Mirae Asset Large Cap Fund - Regular - Growth,-0.00983767325677809,3.862113211721392
2024-05-16,148567,Mirae Asset Large Cap Fund - Regular - Growth,0.0041734618299795745,4.379428395562271
2024-05-17,148567,Mirae Asset Large Cap Fund - Regular - Growth,0.012038881076028796,4.351678566261776
2024-05-20,148567,Mirae Asset Large Cap Fund - Regular - Growth,0.0021923819404876532,4.315215563341295
2024-05-21,148567,Mirae Asset Large Cap Fund - Regular - Growth,-0.005793114450286296,4.193205171817905
2024-05-22,148567,Mirae Asset Large Cap Fund - Regular - Growth,-0.005409506836991929,3.801387841796465
2024-05-23,148567,Mirae Asset Large Cap Fund - Regular - Growth,0.005613990524352852,3.9678886603144647
2024-05-24,148567,Mirae Asset Large Cap Fund - Regular - Growth,0.005554488861581497,4.094051922273143
2024-05-27,148567,Mirae Asset Large Cap Fund - Regular - Growth,0.003666979532466419,4.225004803476348
2024-05-28,148567,Mirae Asset Large Cap Fund - Regular - Growth,0.00018517344156254723,4.043012566076744
2024-05-29,148567,Mirae Asset Large Cap Fund - Regular - Growth,0.0023087444859810624,3.9425364562583325
2024-05-30,148567,Mirae Asset Large Cap Fund - Regular - Growth,-5.651027938846642e-05,3.879912243789399
2024-05-31,148567,Mirae Asset Large Cap Fund - Regular - Growth,-0.0028391694037744886,4.026886290743022
2024-06-03,148567,Mirae Asset Large Cap Fund - Regular - Growth,0.007222177108286987,4.230138722343817
2024-06-04,148567,Mirae Asset Large Cap Fund - Regular - Growth,0.0032559858238223605,4.515952510721032
2024-06-05,148567,Mirae Asset Large Cap Fund - Regular - Growth,0.011967952640491886,4.532651857528238
2024-06-06,148567,Mirae Asset Large Cap Fund - Regular - Growth,0.010420182247721899,5.093875695527867
2024-06-07,148567,Mirae Asset Large Cap Fund - Regular - Growth,0.0029668416153569854,4.905673178698
2024-06-10,148567,Mirae Asset Large Cap Fund - Regular - Growth,0.005783899602081366,4.8059042144179385
2024-06-11,148567,Mirae Asset Large Cap Fund - Regular - Growth,-0.007894751791698074,4.7960034578559565
2024-06-12,148567,Mirae Asset Large Cap Fund - Regular - Growth,-0.00016850950074565052,4.869173348127892
2024-06-13,148567,Mirae Asset Large Cap Fund - Regular - Growth,0.0035442047915488217,5.095330344492407
2024-06-14,148567,Mirae Asset Large Cap Fund - Regular - Growth,-0.013352258136048234,4.623451386416059
2024-06-17,148567,Mirae Asset Large Cap Fund - Regular - Growth,0.004312399864158101,4.479458269806693
2024-06-18,148567,Mirae Asset Large Cap Fund - Regular - Growth,-0.007912295857501417,4.070665795686163
2024-06-19,148567,Mirae Asset Large Cap Fund - Regular - Growth,-0.006952869924773952,3.9767017062317245
2024-06-20,148567,Mirae Asset Large Cap Fund - Regular - Growth,-0.004144644156035104,3.6611471474206883
2024-06-21,148567,Mirae Asset Large Cap Fund - Regular - Growth,0.000246543774937491,3.4583391092044278
2024-06-24,148567,Mirae Asset Large Cap Fund - Regular - Growth,-0.01113365415248413,3.2056215541442916
2024-06-25,148567,Mirae Asset Large Cap Fund - Regular - Growth,0.008103433658329662,3.3560608263908445
2024-06-26,148567,Mirae Asset Large Cap Fund - Regular - Growth,0.0020823206269164896,3.1415269126084078
2024-06-27,148567,Mirae Asset Large Cap Fund - Regular - Growth,0.017646999582051404,3.2565358571096485
2024-06-28,148567,Mirae Asset Large Cap Fund - Regular - Growth,0.003166850987290637,3.107799547948013
2024-07-01,148567,Mirae Asset Large Cap Fund - Regular - Growth,0.00556559884445984,2.8375812150188047
2024-07-02,148567,Mirae Asset Large Cap Fund - Regular - Growth,-0.006990028377062529,2.55630232063671
2024-07-03,148567,Mirae Asset Large Cap Fund - Regular - Growth,-0.009857395846111783,2.2459687913625945
2024-07-04,148567,Mirae Asset Large Cap Fund - Regular - Growth,0.005993441139884759,2.12365455223496
2024-07-05,148567,Mirae Asset Large Cap Fund - Regular - Growth,-0.0090837256665256,1.5578421150227326
2024-07-08,148567,Mirae Asset Large Cap Fund - Regular - Growth,0.006195020961475173,1.8026018970486295
2024-07-09,148567,Mirae Asset Large Cap Fund - Regular - Growth,0.01568773092441056,2.1376299200507143
2024-07-10,148567,Mirae Asset Large Cap Fund - Regular - Growth,0.008896383252925855,2.520490068945316
2024-07-11,148567,Mirae Asset Large Cap Fund - Regular - Growth,0.0055617712562807675,2.5614784822380594
2024-07-12,148567,Mirae Asset Large Cap Fund - Regular - Growth,0.0028970419761349397,2.452127981717136
2024-07-15,148567,Mirae Asset Large Cap Fund - Regular - Growth,-0.002866212147830116,2.574770243823374
2024-07-16,148567,Mirae Asset Large Cap Fund - Regular - Growth,-0.0004939582629402972,2.349280327309435
2024-07-17,148567,Mirae Asset Large Cap Fund - Regular - Growth,-0.004460699642467869,2.3254621426708457
2024-07-18,148567,Mirae Asset Large Cap Fund - Regular - Growth,-0.0110238474076374,2.152137658951402
2024-07-19,148567,Mirae Asset Large Cap Fund - Regular - Growth,0.0008281360235899982,1.955281268047829
2024-07-22,148567,Mirae Asset Large Cap Fund - Regular - Growth,0.010340275860491577,2.282907333926331
2024-07-23,148567,Mirae Asset Large Cap Fund - Regular - Growth,-0.010792294613716114,2.3098265588339517
2024-07-24,148567,Mirae Asset Large Cap Fund - Regular - Growth,0.012932838162987847,2.416424546076234
2024-07-25,148567,Mirae Asset Large Cap Fund - Regular - Growth,0.01131375789106781,2.655018455060583
2024-07-26,148567,Mirae Asset Large Cap Fund - Regular - Growth,0.004025058281567517,2.5202545723979792
2024-07-29,148567,Mirae Asset Large Cap Fund - Regular - Growth,0.004096331736916259,2.4451498052285707
2024-07-30,148567,Mirae Asset Large Cap Fund - Regular - Growth,-0.0011261492974823373,2.805407166608864
2024-07-31,148567,Mirae Asset Large Cap Fund - Regular - Growth,0.0008873571414422798,2.580538181262996
2024-08-01,148567,Mirae Asset Large Cap Fund - Regular - Growth,-0.0035660712660146032,2.1555537065639254
2024-08-02,148567,Mirae Asset Large Cap Fund - Regular - Growth,0.0007952080966642239,1.9648349739659492
2024-08-05,148567,Mirae Asset Large Cap Fund - Regular - Growth,0.001750290325934989,1.786657256099858
2024-08-06,148567,Mirae Asset Large Cap Fund - Regular - Growth,0.01725362045521539,2.175048885701306
2024-08-07,148567,Mirae Asset Large Cap Fund - Regular - Growth,0.005519680316567577,2.386215238197728
2024-08-08,148567,Mirae Asset Large Cap Fund - Regular - Growth,-0.0013301251262727298,2.3000875200570445
2024-08-09,148567,Mirae Asset Large Cap Fund - Regular - Growth,-0.00035605159722895685,2.104932054361216
2024-08-12,148567,Mirae Asset Large Cap Fund - Regular - Growth,-0.005757829717229934,1.7805074251745823
2024-08-13,148567,Mirae Asset Large Cap Fund - Regular - Growth,-0.004311380984343582,1.7566057375340298
2024-08-14,148567,Mirae Asset Large Cap Fund - Regular - Growth,0.00858406441458115,2.044915371463699
2024-08-15,148567,Mirae Asset Large Cap Fund - Regular - Growth,-0.003833100046864546,2.2796595384976492
2024-08-16,148567,Mirae Asset Large Cap Fund - Regular - Growth,-0.004918256609102278,2.0183263229969155
2024-08-19,148567,Mirae Asset Large Cap Fund - Regular - Growth,-0.0046987300962560985,1.9736164547476374
2024-08-20,148567,Mirae Asset Large Cap Fund - Regular - Growth,-0.005897792601251894,1.8795211372421463
2024-08-21,148567,Mirae Asset Large Cap Fund - Regular - Growth,0.010512127457762421,1.7782322969846607
2024-08-22,148567,Mirae Asset Large Cap Fund - Regular - Growth,0.0017761404350720156,1.687696603341276
2024-08-23,148567,Mirae Asset Large Cap Fund - Regular - Growth,-0.001972599651507423,1.5620833920327666
2024-08-26,148567,Mirae Asset Large Cap Fund - Regular - Growth,0.0007749129007310618,1.40265697360008
2024-08-27,148567,Mirae Asset Large Cap Fund - Regular - Growth,0.0024350102275132457,1.1683288711913062
2024-08-28,148567,Mirae Asset Large Cap Fund - Regular - Growth,-0.006055929392835613,1.3734389186779088
2024-08-29,148567,Mirae Asset Large Cap Fund - Regular - Growth,-0.011671232747411997,1.1818623648323339
2024-08-30,148567,Mirae Asset Large Cap Fund - Regular - Growth,0.012397203963730785,1.4962829160033135
2024-09-02,148567,Mirae Asset Large Cap Fund - Regular - Growth,0.009271502354430305,1.9095696232631472
2024-09-03,148567,Mirae Asset Large Cap Fund - Regular - Growth,0.0038555485627762565,2.044218510355849
2024-09-04,148567,Mirae Asset Large Cap Fund - Regular - Growth,0.008659899721759512,2.5987212661332304
2024-09-05,148567,Mirae Asset Large Cap Fund - Regular - Growth,0.017551106752052847,2.752293704699404
2024-09-06,148567,Mirae Asset Large Cap Fund - Regular - Growth,-0.004197186101205785,2.7481189797127135
2024-09-09,148567,Mirae Asset Large Cap Fund - Regular - Growth,-0.009317974946080332,2.4473336141347524
2024-09-10,148567,Mirae Asset Large Cap Fund - Regular - Growth,0.006369519489028308,2.566618970141787
2024-09-11,148567,Mirae Asset Large Cap Fund - Regular - Growth,-0.012343169034407686,2.119153282345705
2024-09-12,148567,Mirae Asset Large Cap Fund - Regular - Growth,0.0008511510970521385,2.7494263583166267
2024-09-13,148567,Mirae Asset Large Cap Fund - Regular - Growth,-0.00211374310472201,2.59028241346469
2024-09-16,148567,Mirae Asset Large Cap Fund - Regular - Growth,0.006479716726608409,2.786924154993361
2024-09-17,148567,Mirae Asset Large Cap Fund - Regular - Growth,-0.003730573445281271,2.594179953844891
2024-09-18,148567,Mirae Asset Large Cap Fund - Regular - Growth,0.011158952913760789,3.1062812982822994
2024-09-19,148567,Mirae Asset Large Cap Fund - Regular - Growth,-0.0060527525939282345,2.8464610832253423
2024-09-20,148567,Mirae Asset Large Cap Fund - Regular - Growth,0.006762915721308715,2.74464295883027
2024-09-23,148567,Mirae Asset Large Cap Fund - Regular - Growth,-0.005346446214842371,2.5514360794563893
2024-09-24,148567,Mirae Asset Large Cap Fund - Regular - Growth,0.005366770085611261,2.829128200650764
2024-09-25,148567,Mirae Asset Large Cap Fund - Regular - Growth,-0.008396737476413674,2.743071970118068
2024-09-26,148567,Mirae Asset Large Cap Fund - Regular - Growth,0.0003030805258101843,2.6206728531473944
2024-09-27,148567,Mirae Asset Large Cap Fund - Regular - Growth,0.012249948031685776,2.7522998535439562
2024-09-30,148567,Mirae Asset Large Cap Fund - Regular - Growth,0.0015314678372810864,2.7030891752707538
2024-10-01,148567,Mirae Asset Large Cap Fund - Regular - Growth,0.011009556091913897,2.9329830837843622
2024-10-02,148567,Mirae Asset Large Cap Fund - Regular - Growth,0.0002843840951460841,2.8851867636017814
2024-10-03,148567,Mirae Asset Large Cap Fund - Regular - Growth,-0.003930118262667648,2.786694337861545
2024-10-04,148567,Mirae Asset Large Cap Fund - Regular - Growth,0.0020340286686875153,2.906183235313243
2024-10-07,148567,Mirae Asset Large Cap Fund - Regular - Growth,0.005987754636986864,2.8808516610270822
2024-10-08,148567,Mirae Asset Large Cap Fund - Regular - Growth,-0.01615744342212322,2.3535536419185323
2024-10-09,148567,Mirae Asset Large Cap Fund - Regular - Growth,0.00513496319185669,2.218569123568513
2024-10-10,148567,Mirae Asset Large Cap Fund - Regular - Growth,-0.007742212577422136,1.80096266914753
2024-10-11,148567,Mirae Asset Large Cap Fund - Regular - Growth,-0.00991597468229477,1.4869390871021322
2024-10-14,148567,Mirae Asset Large Cap Fund - Regular - Growth,0.005279922565226247,1.4760715521658028
2024-10-15,148567,Mirae Asset Large Cap Fund - Regular - Growth,0.012396514510285117,1.9306288431302574
2024-10-16,148567,Mirae Asset Large Cap Fund - Regular - Growth,0.0024273911611609744,1.9896384407496968
2024-10-17,148567,Mirae Asset Large Cap Fund - Regular - Growth,-0.01137306790160586,1.6278660197492314
2024-10-18,148567,Mirae Asset Large Cap Fund - Regular - Growth,-0.005383138965439627,1.8346294389485525
2024-10-21,148567,Mirae Asset Large Cap Fund - Regular - Growth,-0.003167545011173889,1.6631580106278667
2024-10-22,148567,Mirae Asset Large Cap Fund - Regular - Growth,0.0022472599535208193,1.908624928373428
2024-10-23,148567,Mirae Asset Large Cap Fund - Regular - Growth,-0.00011785052879687008,2.077995306745663
2024-10-24,148567,Mirae Asset Large Cap Fund - Regular - Growth,0.004895200162867264,2.2897549075831636
2024-10-25,148567,Mirae Asset Large Cap Fund - Regular - Growth,0.009378651040151231,2.485158612088484
2024-10-28,148567,Mirae Asset Large Cap Fund - Regular - Growth,0.0035629776291485893,2.86433595814599
2024-10-29,148567,Mirae Asset Large Cap Fund - Regular - Growth,0.008471313922067125,2.871484214970893
2024-10-30,148567,Mirae Asset Large Cap Fund - Regular - Growth,-0.00186090204542666,2.7768366748571536
2024-10-31,148567,Mirae Asset Large Cap Fund - Regular - Growth,0.03002489563329247,2.9107907908940835
2024-11-01,148567,Mirae Asset Large Cap Fund - Regular - Growth,0.005409046937387307,2.9571152849366378
2024-11-04,148567,Mirae Asset Large Cap Fund - Regular - Growth,0.006570040643516295,2.976906344829165
2024-11-05,148567,Mirae Asset Large Cap Fund - Regular - Growth,0.0161462759592248,3.446726514324537
2024-11-06,148567,Mirae Asset Large Cap Fund - Regular - Growth,0.0012947019470597176,3.7341067615328942
2024-11-07,148567,Mirae Asset Large Cap Fund - Regular - Growth,-0.005163660282987204,3.4781005699549263
2024-11-08,148567,Mirae Asset Large Cap Fund - Regular - Growth,0.012110370234554857,3.950216441050193
2024-11-11,148567,Mirae Asset Large Cap Fund - Regular - Growth,0.012634136719782862,4.058455952347502
2024-11-12,148567,Mirae Asset Large Cap Fund - Regular - Growth,0.001871165199228253,3.8186881132908037
2024-11-13,148567,Mirae Asset Large Cap Fund - Regular - Growth,0.01616372624046014,3.9267331188304504
2024-11-14,148567,Mirae Asset Large Cap Fund - Regular - Growth,-0.00021846578669748595,3.8026534540898402
2024-11-15,148567,Mirae Asset Large Cap Fund - Regular - Growth,0.008775828875408731,3.9162043776363045
2024-11-18,148567,Mirae Asset Large Cap Fund - Regular - Growth,0.01397891054640854,4.241930176452374
2024-11-19,148567,Mirae Asset Large Cap Fund - Regular - Growth,0.0013839269424569256,4.2849615411125175
2024-11-20,148567,Mirae Asset Large Cap Fund - Regular - Growth,0.00455481714148287,4.495402650228336
2024-11-21,148567,Mirae Asset Large Cap Fund - Regular - Growth,0.00961045093670898,4.999110746012563
2024-11-22,148567,Mirae Asset Large Cap Fund - Regular - Growth,-0.0027102802517313673,4.910898286710126
2024-11-25,148567,Mirae Asset Large Cap Fund - Regular - Growth,-0.006641824235322336,4.531179137621151
2024-11-26,148567,Mirae Asset Large Cap Fund - Regular - Growth,0.012347111764934748,5.071504013019436
2024-11-27,148567,Mirae Asset Large Cap Fund - Regular - Growth,0.003226785577036928,4.904367100631596
2024-11-28,148567,Mirae Asset Large Cap Fund - Regular - Growth,-0.003935780936328959,4.581575301208777
2024-11-29,148567,Mirae Asset Large Cap Fund - Regular - Growth,0.001347311829358766,4.522685428580639
2024-12-02,148567,Mirae Asset Large Cap Fund - Regular - Growth,0.005012911452885183,4.541436949652984
2024-12-03,148567,Mirae Asset Large Cap Fund - Regular - Growth,-0.013235669400376016,4.186275268758481
2024-12-04,148567,Mirae Asset Large Cap Fund - Regular - Growth,0.006853959208374949,4.30926700244417
2024-12-05,148567,Mirae Asset Large Cap Fund - Regular - Growth,0.004126625469949463,4.489006296324047
2024-12-06,148567,Mirae Asset Large Cap Fund - Regular - Growth,0.015227190539846669,4.738617767068084
2024-12-09,148567,Mirae Asset Large Cap Fund - Regular - Growth,-0.0014145709763545566,4.664643997646586
2024-12-10,148567,Mirae Asset Large Cap Fund - Regular - Growth,0.012741488543483115,4.611655597752964
2024-12-11,148567,Mirae Asset Large Cap Fund - Regular - Growth,0.0001220430641284409,4.49612975822357
2024-12-12,148567,Mirae Asset Large Cap Fund - Regular - Growth,0.0017444338082526212,4.5682170733725975
2024-12-13,148567,Mirae Asset Large Cap Fund - Regular - Growth,0.002998685274378632,4.644167211779885
2024-12-16,148567,Mirae Asset Large Cap Fund - Regular - Growth,0.01915724001832464,5.0972002686722675
2024-12-17,148567,Mirae Asset Large Cap Fund - Regular - Growth,-0.010360870733009953,4.918501366968243
2024-12-18,148567,Mirae Asset Large Cap Fund - Regular - Growth,0.004894011948027632,4.852352037926642
2024-12-19,148567,Mirae Asset Large Cap Fund - Regular - Growth,0.0008884782807108138,4.968403585533103
2024-12-20,148567,Mirae Asset Large Cap Fund - Regular - Growth,0.0002642597934305879,5.100673893267021
2024-12-23,148567,Mirae Asset Large Cap Fund - Regular - Growth,0.005673262733832951,5.34358889068888
2024-12-24,148567,Mirae Asset Large Cap Fund - Regular - Growth,0.010322984859622242,5.702729710017712
2024-12-25,148567,Mirae Asset Large Cap Fund - Regular - Growth,0.005218010161356146,5.613339897336692
2024-12-26,148567,Mirae Asset Large Cap Fund - Regular - Growth,0.011474801644045352,5.7884358409057395
2024-12-27,148567,Mirae Asset Large Cap Fund - Regular - Growth,-0.0016958706599968787,5.795691353073403
2024-12-30,148567,Mirae Asset Large Cap Fund - Regular - Growth,8.779388401336519e-05,5.779190175607233
2024-12-31,148567,Mirae Asset Large Cap Fund - Regular - Growth,-0.008276552913418778,5.491248808806939
2025-01-01,148567,Mirae Asset Large Cap Fund - Regular - Growth,0.01816636321691889,5.935802837006726
2025-01-02,148567,Mirae Asset Large Cap Fund - Regular - Growth,-0.0011302126443283322,6.259978981030564
2025-01-03,148567,Mirae Asset Large Cap Fund - Regular - Growth,-0.002103214914226048,5.978008370519571
2025-01-06,148567,Mirae Asset Large Cap Fund - Regular - Growth,0.005883252564065744,5.920256902653078
2025-01-07,148567,Mirae Asset Large Cap Fund - Regular - Growth,0.010332875625389093,6.033691381638675
2025-01-08,148567,Mirae Asset Large Cap Fund - Regular - Growth,-0.0055721129823942395,5.707855518170652
2025-01-09,148567,Mirae Asset Large Cap Fund - Regular - Growth,0.011041745114741541,5.637988750351572
2025-01-10,148567,Mirae Asset Large Cap Fund - Regular - Growth,-0.0021568684772121927,5.694172805173221
2025-01-13,148567,Mirae Asset Large Cap Fund - Regular - Growth,0.013219379829972011,6.209419735281033
2025-01-14,148567,Mirae Asset Large Cap Fund - Regular - Growth,-0.004245261741985806,5.955883389662467
2025-01-15,148567,Mirae Asset Large Cap Fund - Regular - Growth,0.007026617983472816,6.5025298584745395
2025-01-16,148567,Mirae Asset Large Cap Fund - Regular - Growth,0.0008927438609440674,6.503565618221546
2025-01-17,148567,Mirae Asset Large Cap Fund - Regular - Growth,-0.009373516301667273,6.2708689933303985
2025-01-20,148567,Mirae Asset Large Cap Fund - Regular - Growth,-0.011900468806346876,5.763135505018659
2025-01-21,148567,Mirae Asset Large Cap Fund - Regular - Growth,-0.006018365905344991,5.696897681687602
2025-01-22,148567,Mirae Asset Large Cap Fund - Regular - Growth,0.009312580541237292,5.670001675040786
2025-01-23,148567,Mirae Asset Large Cap Fund - Regular - Growth,-0.016483590633344702,5.316634627519526
2025-01-24,148567,Mirae Asset Large Cap Fund - Regular - Growth,0.0034667535293948504,5.253867465218502
2025-01-27,148567,Mirae Asset Large Cap Fund - Regular - Growth,0.002696759073470556,5.451874360190026
2025-01-28,148567,Mirae Asset Large Cap Fund - Regular - Growth,-0.014218332636646847,4.927848704921827
2025-01-29,148567,Mirae Asset Large Cap Fund - Regular - Growth,-0.006491135738237341,4.982009772562391
2025-01-30,148567,Mirae Asset Large Cap Fund - Regular - Growth,-0.006506907989729971,4.811892339690582
2025-01-31,148567,Mirae Asset Large Cap Fund - Regular - Growth,0.0009804787832068396,4.61244090915509
2025-02-03,148567,Mirae Asset Large Cap Fund - Regular - Growth,0.01353914786161825,4.816769092632319
2025-02-04,148567,Mirae Asset Large Cap Fund - Regular - Growth,0.010045744928775635,4.802564302360392
2025-02-05,148567,Mirae Asset Large Cap Fund - Regular - Growth,-0.0026581684565198938,4.734024677692082
2025-02-06,148567,Mirae Asset Large Cap Fund - Regular - Growth,-0.006775824782561335,4.659658533994558
2025-02-07,148567,Mirae Asset Large Cap Fund - Regular - Growth,-0.013140430130119563,4.271368752644591
2025-02-10,148567,Mirae Asset Large Cap Fund - Regular - Growth,-0.0028189302664540783,4.090524029507417
2025-02-11,148567,Mirae Asset Large Cap Fund - Regular - Growth,-0.007383245529058335,4.345650676000977
2025-02-12,148567,Mirae Asset Large Cap Fund - Regular - Growth,0.0001966629976726253,4.245698919016825
2025-02-13,148567,Mirae Asset Large Cap Fund - Regular - Growth,0.0005315001391732466,4.448232653018138
2025-02-14,148567,Mirae Asset Large Cap Fund - Regular - Growth,-0.0036718511067140858,4.617946728152507
2025-02-17,148567,Mirae Asset Large Cap Fund - Regular - Growth,-0.003487522767828266,4.426388465300586
2025-02-18,148567,Mirae Asset Large Cap Fund - Regular - Growth,-0.005586699301105891,4.06609450505402
2025-02-19,148567,Mirae Asset Large Cap Fund - Regular - Growth,-0.003995857345902354,3.9208700780811476
2025-02-20,148567,Mirae Asset Large Cap Fund - Regular - Growth,0.013266585104928064,4.454446037997922
2025-02-21,148567,Mirae Asset Large Cap Fund - Regular - Growth,0.005095273666797295,4.6929992938210585
2025-02-24,148567,Mirae Asset Large Cap Fund - Regular - Growth,0.005215388492786577,4.878447045183529
2025-02-25,148567,Mirae Asset Large Cap Fund - Regular - Growth,0.0094854006939733,5.011707137664287
2025-02-26,148567,Mirae Asset Large Cap Fund - Regular - Growth,0.008698305842682386,5.184716115680814
2025-02-27,148567,Mirae Asset Large Cap Fund - Regular - Growth,0.01316679437263013,5.314474333350803
2025-02-28,148567,Mirae Asset Large Cap Fund - Regular - Growth,0.0057214590784995245,5.252808314103582
2025-03-03,148567,Mirae Asset Large Cap Fund - Regular - Growth,0.002327655593987288,5.227305902762078
2025-03-04,148567,Mirae Asset Large Cap Fund - Regular - Growth,-0.004683214336830166,4.9458225748068125
2025-03-05,148567,Mirae Asset Large Cap Fund - Regular - Growth,-0.006729615494322272,4.819800784394657
2025-03-06,148567,Mirae Asset Large Cap Fund - Regular - Growth,0.008331508850373925,4.638114017967274
2025-03-07,148567,Mirae Asset Large Cap Fund - Regular - Growth,-0.0004636791528558337,4.510365627642695
2025-03-10,148567,Mirae Asset Large Cap Fund - Regular - Growth,-0.011411327614718192,4.059325059878146
2025-03-11,148567,Mirae Asset Large Cap Fund - Regular - Growth,-0.01778322720643799,3.2771898633696557
2025-03-12,148567,Mirae Asset Large Cap Fund - Regular - Growth,0.019646953830931624,3.5756134786586022
2025-03-13,148567,Mirae Asset Large Cap Fund - Regular - Growth,-0.008145927452489099,3.500046081180718
2025-03-14,148567,Mirae Asset Large Cap Fund - Regular - Growth,-0.005521178906578772,3.1492318999508053
2025-03-17,148567,Mirae Asset Large Cap Fund - Regular - Growth,0.011411093536004335,3.1300385289183246
2025-03-18,148567,Mirae Asset Large Cap Fund - Regular - Growth,-0.0100915342445832,2.851582769353514
2025-03-19,148567,Mirae Asset Large Cap Fund - Regular - Growth,0.005216417506066051,2.6680516724001704
2025-03-20,148567,Mirae Asset Large Cap Fund - Regular - Growth,0.0167222297424372,2.9686468709755105
2025-03-21,148567,Mirae Asset Large Cap Fund - Regular - Growth,0.019342642355520745,3.1237682032100604
2025-03-24,148567,Mirae Asset Large Cap Fund - Regular - Growth,-0.0034242082565896226,2.8000315336031396
2025-03-25,148567,Mirae Asset Large Cap Fund - Regular - Growth,0.0004099972048281497,2.7800185686824554
2025-03-26,148567,Mirae Asset Large Cap Fund - Regular - Growth,-0.0029754641590762354,2.6252292136479483
2025-03-27,148567,Mirae Asset Large Cap Fund - Regular - Growth,0.0003575631287877634,2.4497974256664783
2025-03-28,148567,Mirae Asset Large Cap Fund - Regular - Growth,0.012037143051428334,2.7307025010797377
2025-03-31,148567,Mirae Asset Large Cap Fund - Regular - Growth,-0.011754997122842559,2.606354009510217
2025-04-01,148567,Mirae Asset Large Cap Fund - Regular - Growth,0.006249880145255293,2.501568752467095
2025-04-02,148567,Mirae Asset Large Cap Fund - Regular - Growth,-0.0012075620759672834,2.4114242426965022
2025-04-03,148567,Mirae Asset Large Cap Fund - Regular - Growth,0.012664375827191154,2.7272060831197265
2025-04-04,148567,Mirae Asset Large Cap Fund - Regular - Growth,0.012190247801758813,2.92087771149356
2025-04-07,148567,Mirae Asset Large Cap Fund - Regular - Growth,-0.0030698067973488063,2.7581015496429795
2025-04-08,148567,Mirae Asset Large Cap Fund - Regular - Growth,-0.0004611533473507512,3.059671689935847
2025-04-09,148567,Mirae Asset Large Cap Fund - Regular - Growth,0.008424601739152049,3.087147890432316
2025-04-10,148567,Mirae Asset Large Cap Fund - Regular - Growth,0.009230510139639492,3.1783132293555427
2025-04-11,148567,Mirae Asset Large Cap Fund - Regular - Growth,-0.021064423651337427,2.3930471207793516
2025-04-14,148567,Mirae Asset Large Cap Fund - Regular - Growth,0.008395702600304089,2.578347447922742
2025-04-15,148567,Mirae Asset Large Cap Fund - Regular - Growth,0.015150524813999366,2.614662847355552
2025-04-16,148567,Mirae Asset Large Cap Fund - Regular - Growth,0.002773627173886517,2.6664191422140537
2025-04-17,148567,Mirae Asset Large Cap Fund - Regular - Growth,0.008935525063807459,2.7962164876803346
2025-04-18,148567,Mirae Asset Large Cap Fund - Regular - Growth,0.011863380207510321,2.947900488009961
2025-04-21,148567,Mirae Asset Large Cap Fund - Regular - Growth,0.0024729230916038514,2.6820074089272716
2025-04-22,148567,Mirae Asset Large Cap Fund - Regular - Growth,0.007726601825805979,3.061219213394928
2025-04-23,148567,Mirae Asset Large Cap Fund - Regular - Growth,0.0006279441591263701,2.978470503790603
2025-04-24,148567,Mirae Asset Large Cap Fund - Regular - Growth,5.578223046320829e-05,2.96151181536849
2025-04-25,148567,Mirae Asset Large Cap Fund - Regular - Growth,-0.00530437967988151,2.841580323429505
2025-04-28,148567,Mirae Asset Large Cap Fund - Regular - Growth,0.0020440988306416052,2.7729913028025788
2025-04-29,148567,Mirae Asset Large Cap Fund - Regular - Growth,0.01730415120980555,2.876746260453115
2025-04-30,148567,Mirae Asset Large Cap Fund - Regular - Growth,-0.007415807836424815,2.6171674879918423
2025-05-01,148567,Mirae Asset Large Cap Fund - Regular - Growth,0.0059743058486487755,2.523819982250577
2025-05-02,148567,Mirae Asset Large Cap Fund - Regular - Growth,0.003351614384766499,2.6239162069160114
2025-05-05,148567,Mirae Asset Large Cap Fund - Regular - Growth,0.013614568385395653,2.8608867490948784
2025-05-06,148567,Mirae Asset Large Cap Fund - Regular - Growth,0.015296940768107614,3.3002276517867974
2025-05-07,148567,Mirae Asset Large Cap Fund - Regular - Growth,-0.007606084251773337,2.8374809741491287
2025-05-08,148567,Mirae Asset Large Cap Fund - Regular - Growth,-0.004537834153483078,2.7651060621181083
2025-05-09,148567,Mirae Asset Large Cap Fund - Regular - Growth,-0.004058422590068167,2.7235615019552313
2025-05-12,148567,Mirae Asset Large Cap Fund - Regular - Growth,-0.0037475036630323366,2.5344533905957323
2025-05-13,148567,Mirae Asset Large Cap Fund - Regular - Growth,-0.0029932645006367498,2.2845319833135846
2025-05-14,148567,Mirae Asset Large Cap Fund - Regular - Growth,0.0035828577188141697,2.470909037119849
2025-05-15,148567,Mirae Asset Large Cap Fund - Regular - Growth,-0.006968037833814278,2.121561507411206
2025-05-16,148567,Mirae Asset Large Cap Fund - Regular - Growth,-0.005736385434532476,2.0459891433378044
2025-05-19,148567,Mirae Asset Large Cap Fund - Regular - Growth,-0.006435435317702853,1.6714350790639019
2025-05-20,148567,Mirae Asset Large Cap Fund - Regular - Growth,0.00487210263995741,1.8529124559454289
2025-05-21,148567,Mirae Asset Large Cap Fund - Regular - Growth,-4.669653830058351e-05,1.7175088126338744
2025-05-22,148567,Mirae Asset Large Cap Fund - Regular - Growth,-0.00161057513717755,1.667185114922301
2025-05-23,148567,Mirae Asset Large Cap Fund - Regular - Growth,-0.006885353077652923,1.721921295291167
2025-05-26,148567,Mirae Asset Large Cap Fund - Regular - Growth,-0.013538096938018995,1.684060034325769
2025-05-27,148567,Mirae Asset Large Cap Fund - Regular - Growth,0.015016254904684168,2.079099421985989
2025-05-28,148567,Mirae Asset Large Cap Fund - Regular - Growth,-0.0020279953154056507,1.8643936600472142
2025-05-29,148567,Mirae Asset Large Cap Fund - Regular - Growth,0.0247206911124096,2.6320422087549806
2025-05-30,148567,Mirae Asset Large Cap Fund - Regular - Growth,0.007357933652628379,2.7018308100913093
2025-06-02,148567,Mirae Asset Large Cap Fund - Regular - Growth,0.016787650797768894,2.9292093449511136
2025-06-03,148567,Mirae Asset Large Cap Fund - Regular - Growth,0.00932076072512622,3.4224210463286884
2025-06-04,148567,Mirae Asset Large Cap Fund - Regular - Growth,0.001915698157966883,3.602029842941814
2025-06-05,148567,Mirae Asset Large Cap Fund - Regular - Growth,-0.0047435026629216726,3.6429009476529575
2025-06-06,148567,Mirae Asset Large Cap Fund - Regular - Growth,-0.00806638888015665,3.4437634928575056
2025-06-09,148567,Mirae Asset Large Cap Fund - Regular - Growth,0.01044445546270123,3.3982866795416684
2025-06-10,148567,Mirae Asset Large Cap Fund - Regular - Growth,0.0028571688734517764,3.273633036319564
2025-06-11,148567,Mirae Asset Large Cap Fund - Regular - Growth,0.00597095483825405,3.442468286225582
2025-06-12,148567,Mirae Asset Large Cap Fund - Regular - Growth,0.007729657061968043,3.736221405643992
2025-06-13,148567,Mirae Asset Large Cap Fund - Regular - Growth,0.0036622709463487446,4.130982199985654
2025-06-16,148567,Mirae Asset Large Cap Fund - Regular - Growth,-0.003638992147907527,4.112067899295949
2025-06-17,148567,Mirae Asset Large Cap Fund - Regular - Growth,0.00949195452858187,4.460881519821543
2025-06-18,148567,Mirae Asset Large Cap Fund - Regular - Growth,-0.001231283067935629,4.429780732021542
2025-06-19,148567,Mirae Asset Large Cap Fund - Regular - Growth,0.0013152180350197717,4.446127263161475
2025-06-20,148567,Mirae Asset Large Cap Fund - Regular - Growth,0.006866129934522736,4.662194040725427
2025-06-23,148567,Mirae Asset Large Cap Fund - Regular - Growth,-3.91604776794896e-06,4.741855906519645
2025-06-24,148567,Mirae Asset Large Cap Fund - Regular - Growth,-0.015396491599065643,4.4646477357156025
2025-06-25,148567,Mirae Asset Large Cap Fund - Regular - Growth,0.009740406629163978,4.731333184618823
2025-06-26,148567,Mirae Asset Large Cap Fund - Regular - Growth,0.011650378359109537,4.7100109832455255
2025-06-27,148567,Mirae Asset Large Cap Fund - Regular - Growth,-0.015511500879217155,4.213038384380021
2025-06-30,148567,Mirae Asset Large Cap Fund - Regular - Growth,-0.008647427968586086,3.917531463377478
2025-07-01,148567,Mirae Asset Large Cap Fund - Regular - Growth,0.01853482710369403,4.03445369311692
2025-07-02,148567,Mirae Asset Large Cap Fund - Regular - Growth,0.002565516133865131,3.9292793610511088
2025-07-03,148567,Mirae Asset Large Cap Fund - Regular - Growth,0.0005469513809057691,3.719315217617227
2025-07-04,148567,Mirae Asset Large Cap Fund - Regular - Growth,-0.0032389154026143396,3.545520135337548
2025-07-07,148567,Mirae Asset Large Cap Fund - Regular - Growth,-0.00853737002974242,3.3155480304706595
2025-07-08,148567,Mirae Asset Large Cap Fund - Regular - Growth,-0.0011981649210303091,3.3886236068916147
2025-07-09,148567,Mirae Asset Large Cap Fund - Regular - Growth,0.009151293775468528,3.694944923794002
2025-07-10,148567,Mirae Asset Large Cap Fund - Regular - Growth,0.000377294883881385,3.5526870119808596
2025-07-11,148567,Mirae Asset Large Cap Fund - Regular - Growth,0.005915417899759801,3.6717308086004317
2025-07-14,148567,Mirae Asset Large Cap Fund - Regular - Growth,0.016218116552100703,4.193625181152075
2025-07-15,148567,Mirae Asset Large Cap Fund - Regular - Growth,-0.004592721219665807,4.551331840261473
2025-07-16,148567,Mirae Asset Large Cap Fund - Regular - Growth,0.0031919507579860618,4.319025844219213
2025-07-17,148567,Mirae Asset Large Cap Fund - Regular - Growth,0.00941774741800061,4.688686588844631
2025-07-18,148567,Mirae Asset Large Cap Fund - Regular - Growth,-0.007681809560525332,4.632573772352986
2025-07-21,148567,Mirae Asset Large Cap Fund - Regular - Growth,0.0020886117486325073,4.4726856509807
2025-07-22,148567,Mirae Asset Large Cap Fund - Regular - Growth,0.017174099167682977,4.9988543052709655
2025-07-23,148567,Mirae Asset Large Cap Fund - Regular - Growth,-0.002481909693452855,4.8385253660453245
2025-07-24,148567,Mirae Asset Large Cap Fund - Regular - Growth,0.009987203865601035,4.753773168464337
2025-07-25,148567,Mirae Asset Large Cap Fund - Regular - Growth,-0.0007286419736960426,4.4400295848382525
2025-07-28,148567,Mirae Asset Large Cap Fund - Regular - Growth,0.016521703408534982,4.790252508193031
2025-07-29,148567,Mirae Asset Large Cap Fund - Regular - Growth,-0.013898226625960186,4.41522579604964
2025-07-30,148567,Mirae Asset Large Cap Fund - Regular - Growth,0.0010892850489923056,4.504767049125687
2025-07-31,148567,Mirae Asset Large Cap Fund - Regular - Growth,-0.012448252457761155,4.185966078009899
2025-08-01,148567,Mirae Asset Large Cap Fund - Regular - Growth,-0.005648982975796746,3.8485575196502286
2025-08-04,148567,Mirae Asset Large Cap Fund - Regular - Growth,-0.005701446040207281,4.004266709680674
2025-08-05,148567,Mirae Asset Large Cap Fund - Regular - Growth,-0.001836734985584787,3.8442331730120336
2025-08-06,148567,Mirae Asset Large Cap Fund - Regular - Growth,-0.009914662588342171,3.6376910729928884
2025-08-07,148567,Mirae Asset Large Cap Fund - Regular - Growth,-0.00011667109406154896,3.413130946985984
2025-08-08,148567,Mirae Asset Large Cap Fund - Regular - Growth,0.00458734838823216,3.2859275430799184
2025-08-11,148567,Mirae Asset Large Cap Fund - Regular - Growth,-0.012910137323198456,3.048504046693314
2025-08-12,148567,Mirae Asset Large Cap Fund - Regular - Growth,-0.005071037804978307,2.9495750817587156
2025-08-13,148567,Mirae Asset Large Cap Fund - Regular - Growth,0.023190359269497085,3.149442152474897
2025-08-14,148567,Mirae Asset Large Cap Fund - Regular - Growth,0.003425195703292472,3.049431750179671
2025-08-15,148567,Mirae Asset Large Cap Fund - Regular - Growth,-0.015395278121302036,3.2060609838884178
2025-08-18,148567,Mirae Asset Large Cap Fund - Regular - Growth,-0.011765433913225043,2.7891540440277853
2025-08-19,148567,Mirae Asset Large Cap Fund - Regular - Growth,0.002511623720216516,2.578168770072084
2025-08-20,148567,Mirae Asset Large Cap Fund - Regular - Growth,0.0014044299566178253,2.551829404704997
2025-08-21,148567,Mirae Asset Large Cap Fund - Regular - Growth,-0.004654238470879757,2.290644332091366
2025-08-22,148567,Mirae Asset Large Cap Fund - Regular - Growth,0.02005770218407621,2.4110528490960057
2025-08-25,148567,Mirae Asset Large Cap Fund - Regular - Growth,0.023891710494613472,2.7325166806783705
2025-08-26,148567,Mirae Asset Large Cap Fund - Regular - Growth,-0.0018140865933375938,2.559560478135655
2025-08-27,148567,Mirae Asset Large Cap Fund - Regular - Growth,0.008248666899905333,2.6939408916453615
2025-08-28,148567,Mirae Asset Large Cap Fund - Regular - Growth,0.008694923148579559,2.8458896447335853
2025-08-29,148567,Mirae Asset Large Cap Fund - Regular - Growth,0.009876398413791954,3.1237418203123535
2025-09-01,148567,Mirae Asset Large Cap Fund - Regular - Growth,-0.005116007493174646,2.982583777202157
2025-09-02,148567,Mirae Asset Large Cap Fund - Regular - Growth,0.017776354080302648,2.988561480726971
2025-09-03,148567,Mirae Asset Large Cap Fund - Regular - Growth,-8.895724498059199e-05,3.139192581006035
2025-09-04,148567,Mirae Asset Large Cap Fund - Regular - Growth,0.004246392846659397,3.109379314717664
2025-09-05,148567,Mirae Asset Large Cap Fund - Regular - Growth,0.000533782304059871,3.057319819031164
2025-09-08,148567,Mirae Asset Large Cap Fund - Regular - Growth,-0.0007155249130313956,2.8155989103094465
2025-09-09,148567,Mirae Asset Large Cap Fund - Regular - Growth,0.0029752427420268734,2.6163191648711033
2025-09-10,148567,Mirae Asset Large Cap Fund - Regular - Growth,-0.009892989255875562,2.5653677512968023
2025-09-11,148567,Mirae Asset Large Cap Fund - Regular - Growth,-0.016726738777355088,2.2930017800245994
2025-09-12,148567,Mirae Asset Large Cap Fund - Regular - Growth,-0.0013652876984538986,2.345989974837131
2025-09-15,148567,Mirae Asset Large Cap Fund - Regular - Growth,-0.007222301404008369,2.2749527663867757
2025-09-16,148567,Mirae Asset Large Cap Fund - Regular - Growth,0.005358796366202512,2.4296865780748753
2025-09-17,148567,Mirae Asset Large Cap Fund - Regular - Growth,0.004350974613692271,2.443289385029533
2025-09-18,148567,Mirae Asset Large Cap Fund - Regular - Growth,0.0006349796484421688,2.5950006008158533
2025-09-19,148567,Mirae Asset Large Cap Fund - Regular - Growth,0.013674668157768632,2.938564548497385
2025-09-22,148567,Mirae Asset Large Cap Fund - Regular - Growth,0.00046089304378127416,3.078229614959746
2025-09-23,148567,Mirae Asset Large Cap Fund - Regular - Growth,-0.01226789127935024,2.7295697649418864
2025-09-24,148567,Mirae Asset Large Cap Fund - Regular - Growth,-0.0014552125069318134,2.7026875906084005
2025-09-25,148567,Mirae Asset Large Cap Fund - Regular - Growth,0.010901496226104479,2.918653597617497
2025-09-26,148567,Mirae Asset Large Cap Fund - Regular - Growth,-0.01597239370799919,2.7145422363328677
2025-09-29,148567,Mirae Asset Large Cap Fund - Regular - Growth,-0.000313338081160186,2.992292476646209
2025-09-30,148567,Mirae Asset Large Cap Fund - Regular - Growth,0.005606256521254682,2.848523272636397
2025-10-01,148567,Mirae Asset Large Cap Fund - Regular - Growth,0.024194504897377067,3.236435256046263
2025-10-02,148567,Mirae Asset Large Cap Fund - Regular - Growth,0.011234472311058896,3.073125115878697
2025-10-03,148567,Mirae Asset Large Cap Fund - Regular - Growth,0.0016867119060555158,2.9747181510212193
2025-10-06,148567,Mirae Asset Large Cap Fund - Regular - Growth,0.005121628711607817,2.797420749895273
2025-10-07,148567,Mirae Asset Large Cap Fund - Regular - Growth,-0.016089411187949154,2.28928015337425
2025-10-08,148567,Mirae Asset Large Cap Fund - Regular - Growth,-0.00870341751625514,2.0821327756927692
2025-10-09,148567,Mirae Asset Large Cap Fund - Regular - Growth,0.006276151573241684,2.284487622867212
2025-10-10,148567,Mirae Asset Large Cap Fund - Regular - Growth,0.001939154480133931,2.480272754225874
2025-10-13,148567,Mirae Asset Large Cap Fund - Regular - Growth,0.003066963455119698,2.3562867210663896
2025-10-14,148567,Mirae Asset Large Cap Fund - Regular - Growth,0.0008170248674121972,2.3189770161559102
2025-10-15,148567,Mirae Asset Large Cap Fund - Regular - Growth,0.00047114746513732264,2.2204921377904885
2025-10-16,148567,Mirae Asset Large Cap Fund - Regular - Growth,0.0014248288933158548,2.10962137706844
2025-10-17,148567,Mirae Asset Large Cap Fund - Regular - Growth,-0.008758788318584565,1.8693701434686933
2025-10-20,148567,Mirae Asset Large Cap Fund - Regular - Growth,-0.0015019261978648224,1.910488944898719
2025-10-21,148567,Mirae Asset Large Cap Fund - Regular - Growth,-0.010401847175666723,1.538982996465321
2025-10-22,148567,Mirae Asset Large Cap Fund - Regular - Growth,-0.004936346748437015,1.4684469474016164
2025-10-23,148567,Mirae Asset Large Cap Fund - Regular - Growth,0.011124491030753303,1.6376878365128986
2025-10-24,148567,Mirae Asset Large Cap Fund - Regular - Growth,-0.0010778654916139274,1.496013684796419
2025-10-27,148567,Mirae Asset Large Cap Fund - Regular - Growth,0.005787269727249855,1.5993348154777192
2025-10-28,148567,Mirae Asset Large Cap Fund - Regular - Growth,0.0015338217372298235,1.9389334086302097
2025-10-29,148567,Mirae Asset Large Cap Fund - Regular - Growth,-0.0028741522284793097,1.711922041910557
2025-10-30,148567,Mirae Asset Large Cap Fund - Regular - Growth,-0.008343919699296043,1.3433227672374533
2025-10-31,148567,Mirae Asset Large Cap Fund - Regular - Growth,-0.0030076103998948334,1.6013412559153655
2025-11-03,148567,Mirae Asset Large Cap Fund - Regular - Growth,0.0021334736498448414,1.8158201341876952
2025-11-04,148567,Mirae Asset Large Cap Fund - Regular - Growth,0.0056483345284592534,1.6010536157097524
2025-11-05,148567,Mirae Asset Large Cap Fund - Regular - Growth,0.0015957615270809633,1.5825101845761271
2025-11-06,148567,Mirae Asset Large Cap Fund - Regular - Growth,0.0062635600926390644,1.6900438106422768
2025-11-07,148567,Mirae Asset Large Cap Fund - Regular - Growth,-0.012808271417560357,1.4878921805203797
2025-11-10,148567,Mirae Asset Large Cap Fund - Regular - Growth,0.00819247589117511,1.8122726913897476
2025-11-11,148567,Mirae Asset Large Cap Fund - Regular - Growth,-0.009389713712509185,1.64405266356451
2025-11-12,148567,Mirae Asset Large Cap Fund - Regular - Growth,0.009231936234256999,1.645444874653274
2025-11-13,148567,Mirae Asset Large Cap Fund - Regular - Growth,0.004958573287947798,1.7309049913745411
2025-11-14,148567,Mirae Asset Large Cap Fund - Regular - Growth,-0.015850555496696783,1.2956097596039526
2025-11-17,148567,Mirae Asset Large Cap Fund - Regular - Growth,0.00703980571541174,1.1384124429417963
2025-11-18,148567,Mirae Asset Large Cap Fund - Regular - Growth,0.00933513492211957,1.3982200461109293
2025-11-19,148567,Mirae Asset Large Cap Fund - Regular - Growth,0.011677115635756685,1.547455994201847
2025-11-20,148567,Mirae Asset Large Cap Fund - Regular - Growth,-0.0062431520066007495,1.2555744180754156
2025-11-21,148567,Mirae Asset Large Cap Fund - Regular - Growth,0.0021006715363918183,1.4458398843353966
2025-11-24,148567,Mirae Asset Large Cap Fund - Regular - Growth,0.0066625329295813,1.5290128335208357
2025-11-25,148567,Mirae Asset Large Cap Fund - Regular - Growth,0.007033942667349358,1.3580513333342483
2025-11-26,148567,Mirae Asset Large Cap Fund - Regular - Growth,0.004136137042220378,1.4845502816358445
2025-11-27,148567,Mirae Asset Large Cap Fund - Regular - Growth,-0.0032412804436182663,1.2372879003481392
2025-11-28,148567,Mirae Asset Large Cap Fund - Regular - Growth,0.009271222551926028,1.422682936451034
2025-12-01,148567,Mirae Asset Large Cap Fund - Regular - Growth,0.009323947472703598,1.3001870667931792
2025-12-02,148567,Mirae Asset Large Cap Fund - Regular - Growth,-0.0008446986968367876,1.5755105054709029
2025-12-03,148567,Mirae Asset Large Cap Fund - Regular - Growth,-0.006373808765895661,1.4239187478234157
2025-12-04,148567,Mirae Asset Large Cap Fund - Regular - Growth,-0.005886395177670645,1.5664839991500523
2025-12-05,148567,Mirae Asset Large Cap Fund - Regular - Growth,0.012631563319166483,1.914873235294274
2025-12-08,148567,Mirae Asset Large Cap Fund - Regular - Growth,0.008939690830122027,2.1998894610525697
2025-12-09,148567,Mirae Asset Large Cap Fund - Regular - Growth,0.00033935757132819155,2.2438718455745263
2025-12-10,148567,Mirae Asset Large Cap Fund - Regular - Growth,-0.0012399012351587135,2.4341764107994694
2025-12-11,148567,Mirae Asset Large Cap Fund - Regular - Growth,-0.014964876474103717,2.1022095660838893
2025-12-12,148567,Mirae Asset Large Cap Fund - Regular - Growth,-0.0002284349383854245,2.0100657948818283
2025-12-15,148567,Mirae Asset Large Cap Fund - Regular - Growth,-0.00993919027808976,2.0783812819131113
2025-12-16,148567,Mirae Asset Large Cap Fund - Regular - Growth,0.001919956757098218,2.220833746805033
2025-12-17,148567,Mirae Asset Large Cap Fund - Regular - Growth,0.011029105874336587,2.03813612376341
2025-12-18,148567,Mirae Asset Large Cap Fund - Regular - Growth,-0.00809778324483057,1.7960487210356733
2025-12-19,148567,Mirae Asset Large Cap Fund - Regular - Growth,0.0026234845534049978,2.199820172070581
2025-12-22,148567,Mirae Asset Large Cap Fund - Regular - Growth,0.00935894554747807,2.6522110107363823
2025-12-23,148567,Mirae Asset Large Cap Fund - Regular - Growth,0.0024616183857220086,2.6512036560234824
2025-12-24,148567,Mirae Asset Large Cap Fund - Regular - Growth,-0.004096783607356103,2.532187176322212
2025-12-25,148567,Mirae Asset Large Cap Fund - Regular - Growth,0.000607666801511586,2.647453636248242
2025-12-26,148567,Mirae Asset Large Cap Fund - Regular - Growth,0.008998459727000974,2.4755864054610126
2025-12-29,148567,Mirae Asset Large Cap Fund - Regular - Growth,0.00283560794124349,2.1211616495440997
2025-12-30,148567,Mirae Asset Large Cap Fund - Regular - Growth,0.0004862054672716276,2.173241036728481
2025-12-31,148567,Mirae Asset Large Cap Fund - Regular - Growth,0.01076940143444105,2.220483314418086
2026-01-01,148567,Mirae Asset Large Cap Fund - Regular - Growth,0.00507004821843382,2.1488730036069255
2026-01-02,148567,Mirae Asset Large Cap Fund - Regular - Growth,-0.010041906374657739,1.7045761110263906
2026-01-05,148567,Mirae Asset Large Cap Fund - Regular - Growth,0.006102807164021007,1.9520388366227388
2026-01-06,148567,Mirae Asset Large Cap Fund - Regular - Growth,0.008929802567745337,1.7925589156939779
2026-01-07,148567,Mirae Asset Large Cap Fund - Regular - Growth,-0.010342403520078425,1.5460689507275631
2026-01-08,148567,Mirae Asset Large Cap Fund - Regular - Growth,-0.019303796399214868,0.992104582556747
2026-01-09,148567,Mirae Asset Large Cap Fund - Regular - Growth,-0.008635278858401763,0.7905088261103296
2026-01-12,148567,Mirae Asset Large Cap Fund - Regular - Growth,-0.0003883301153478902,0.7975039619168046
2026-01-13,148567,Mirae Asset Large Cap Fund - Regular - Growth,0.009466073313399326,0.9298007535437441
2026-01-14,148567,Mirae Asset Large Cap Fund - Regular - Growth,-0.00731493658135518,0.9880102333613895
2026-01-15,148567,Mirae Asset Large Cap Fund - Regular - Growth,0.0054265670220488005,1.4919572138608845
2026-01-16,148567,Mirae Asset Large Cap Fund - Regular - Growth,-0.024682822560054052,0.9364642045563745
2026-01-19,148567,Mirae Asset Large Cap Fund - Regular - Growth,0.0021080356088649665,1.1338757735713914
2026-01-20,148567,Mirae Asset Large Cap Fund - Regular - Growth,-0.0030664829748193734,0.9601420518044731
2026-01-21,148567,Mirae Asset Large Cap Fund - Regular - Growth,0.019205768502964515,1.2365282522900825
2026-01-22,148567,Mirae Asset Large Cap Fund - Regular - Growth,-0.016040448997070245,0.8817317333250767
2026-01-23,148567,Mirae Asset Large Cap Fund - Regular - Growth,0.0003879732700098337,0.6263771714864526
2026-01-26,148567,Mirae Asset Large Cap Fund - Regular - Growth,-0.01609398459915501,0.2887222141150831
2026-01-27,148567,Mirae Asset Large Cap Fund - Regular - Growth,-0.004322827308430144,0.44936439154607083
2026-01-28,148567,Mirae Asset Large Cap Fund - Regular - Growth,-0.014382209908024857,0.1896847967684378
2026-01-29,148567,Mirae Asset Large Cap Fund - Regular - Growth,0.021024488587345846,0.3795837367494733
2026-01-30,148567,Mirae Asset Large Cap Fund - Regular - Growth,-0.002616293250402024,0.646572063771556
2026-02-02,148567,Mirae Asset Large Cap Fund - Regular - Growth,-0.0013443338973612162,0.6263674573302314
2026-02-03,148567,Mirae Asset Large Cap Fund - Regular - Growth,0.0001392872178815896,0.520803906059671
2026-02-04,148567,Mirae Asset Large Cap Fund - Regular - Growth,-0.009425286633389152,-0.14056779124557345
2026-02-05,148567,Mirae Asset Large Cap Fund - Regular - Growth,0.009870532035463953,-0.16851071584490349
2026-02-06,148567,Mirae Asset Large Cap Fund - Regular - Growth,0.006180864961820465,-0.07722933187717965
2026-02-09,148567,Mirae Asset Large Cap Fund - Regular - Growth,0.008648616319582247,-0.005922245755259788
2026-02-10,148567,Mirae Asset Large Cap Fund - Regular - Growth,-0.010173237085099762,0.11453909738404856
2026-02-11,148567,Mirae Asset Large Cap Fund - Regular - Growth,0.010584028243149524,0.5063547382485181
2026-02-12,148567,Mirae Asset Large Cap Fund - Regular - Growth,0.009555255921604555,0.5708864576748431
2026-02-13,148567,Mirae Asset Large Cap Fund - Regular - Growth,-0.0015323363725913142,0.5005573300347759
2026-02-16,148567,Mirae Asset Large Cap Fund - Regular - Growth,0.008444514466749542,0.6068311513180886
2026-02-17,148567,Mirae Asset Large Cap Fund - Regular - Growth,0.0029248686072080865,0.6490275480167439
2026-02-18,148567,Mirae Asset Large Cap Fund - Regular - Growth,-0.013450478650977371,0.3634525372040785
2026-02-19,148567,Mirae Asset Large Cap Fund - Regular - Growth,-0.0010960571849802925,0.31333074117060666
2026-02-20,148567,Mirae Asset Large Cap Fund - Regular - Growth,-0.003723726526917215,0.4153628907314391
2026-02-23,148567,Mirae Asset Large Cap Fund - Regular - Growth,0.0012701892246056445,0.4708014382782459
2026-02-24,148567,Mirae Asset Large Cap Fund - Regular - Growth,0.009566860543387401,0.871700345980373
2026-02-25,148567,Mirae Asset Large Cap Fund - Regular - Growth,-0.013862346280588134,0.6843367086432571
2026-02-26,148567,Mirae Asset Large Cap Fund - Regular - Growth,-0.0033903835828644757,0.400270199828325
2026-02-27,148567,Mirae Asset Large Cap Fund - Regular - Growth,-0.006709522432546633,0.2871489780119404
2026-03-02,148567,Mirae Asset Large Cap Fund - Regular - Growth,-0.006332946369707937,0.04649110146248121
2026-03-03,148567,Mirae Asset Large Cap Fund - Regular - Growth,-0.0067208202546799045,-0.11693617971226614
2026-03-04,148567,Mirae Asset Large Cap Fund - Regular - Growth,0.0011176571220350429,-0.03799092415742885
2026-03-05,148567,Mirae Asset Large Cap Fund - Regular - Growth,0.005143279333508666,0.22965482129350362
2026-03-06,148567,Mirae Asset Large Cap Fund - Regular - Growth,0.003594093781045249,0.3606774221079263
2026-03-09,148567,Mirae Asset Large Cap Fund - Regular - Growth,0.002155473586349599,0.36111194596599644
2026-03-10,148567,Mirae Asset Large Cap Fund - Regular - Growth,0.006017143928109814,0.36832432820076577
2026-03-11,148567,Mirae Asset Large Cap Fund - Regular - Growth,0.021741630172116277,0.7442930602842183
2026-03-12,148567,Mirae Asset Large Cap Fund - Regular - Growth,0.0017155973227434007,0.658273118479645
2026-03-13,148567,Mirae Asset Large Cap Fund - Regular - Growth,0.00956702776354068,1.09649071979576
2026-03-16,148567,Mirae Asset Large Cap Fund - Regular - Growth,0.00906013158218233,1.1122717717043733
2026-03-17,148567,Mirae Asset Large Cap Fund - Regular - Growth,0.016326380565306442,1.5956924122545229
2026-03-18,148567,Mirae Asset Large Cap Fund - Regular - Growth,0.005474012007075979,1.5284870214907489
2026-03-19,148567,Mirae Asset Large Cap Fund - Regular - Growth,-0.0069061784571571305,1.2962848570835963
2026-03-20,148567,Mirae Asset Large Cap Fund - Regular - Growth,0.0032096332804432137,1.6934962466461265
2026-03-23,148567,Mirae Asset Large Cap Fund - Regular - Growth,0.002734574927478972,1.6130579777798877
2026-03-24,148567,Mirae Asset Large Cap Fund - Regular - Growth,0.007734578994705865,1.584358098706392
2026-03-25,148567,Mirae Asset Large Cap Fund - Regular - Growth,-0.007160818844662575,1.2189872349512478
2026-03-26,148567,Mirae Asset Large Cap Fund - Regular - Growth,0.011752377301447847,1.5661109443724186
2026-03-27,148567,Mirae Asset Large Cap Fund - Regular - Growth,0.0005621379608167221,1.5360679034946165
2026-03-30,148567,Mirae Asset Large Cap Fund - Regular - Growth,0.007949845281872259,1.5595379065474044
2026-03-31,148567,Mirae Asset Large Cap Fund - Regular - Growth,0.0032524726790243985,1.4887569240062015
2026-04-01,148567,Mirae Asset Large Cap Fund - Regular - Growth,0.0015980703780547056,1.4399298575018862
2026-04-02,148567,Mirae Asset Large Cap Fund - Regular - Growth,0.0025816495128130335,1.5559061648073764
2026-04-03,148567,Mirae Asset Large Cap Fund - Regular - Growth,0.006462949083360536,1.5047842035627872
2026-04-06,148567,Mirae Asset Large Cap Fund - Regular - Growth,0.01794890671568128,1.649690644106848
2026-04-07,148567,Mirae Asset Large Cap Fund - Regular - Growth,-0.017127368861504122,1.3049912820403773
2026-04-08,148567,Mirae Asset Large Cap Fund - Regular - Growth,0.00529219249996471,1.5301350767766049
2026-04-09,148567,Mirae Asset Large Cap Fund - Regular - Growth,0.0009040656814978121,1.6646793600908163
2026-04-10,148567,Mirae Asset Large Cap Fund - Regular - Growth,-0.001045486707813792,1.4157184775144895
2026-04-13,148567,Mirae Asset Large Cap Fund - Regular - Growth,-0.02012114113517427,0.8348588586965839
2026-04-14,148567,Mirae Asset Large Cap Fund - Regular - Growth,0.005648629855272702,0.9333208654686045
2026-04-15,148567,Mirae Asset Large Cap Fund - Regular - Growth,-0.0005861399135567158,0.9457335852130048
2026-04-16,148567,Mirae Asset Large Cap Fund - Regular - Growth,-0.006819710589093364,1.112349008358743
2026-04-17,148567,Mirae Asset Large Cap Fund - Regular - Growth,0.0008911120313281895,1.133719895973927
2026-04-20,148567,Mirae Asset Large Cap Fund - Regular - Growth,-0.002064125951124929,1.292646026218064
2026-04-21,148567,Mirae Asset Large Cap Fund - Regular - Growth,-0.014741022406518756,0.9583081140729064
2026-04-22,148567,Mirae Asset Large Cap Fund - Regular - Growth,0.001294538410141266,0.7800475747127477
2026-04-23,148567,Mirae Asset Large Cap Fund - Regular - Growth,0.0056476238289413505,1.0447454318726597
2026-04-24,148567,Mirae Asset Large Cap Fund - Regular - Growth,-0.004318683753831376,0.911129819935818
2026-04-27,148567,Mirae Asset Large Cap Fund - Regular - Growth,0.002827843316224543,0.7904931774024219
2026-04-28,148567,Mirae Asset Large Cap Fund - Regular - Growth,0.0014704048808464876,0.7716699012792453
2026-04-29,148567,Mirae Asset Large Cap Fund - Regular - Growth,0.009783879837887088,1.0330697856384852
2026-04-30,148567,Mirae Asset Large Cap Fund - Regular - Growth,-0.0003986431338446339,1.0138162035625242
2026-05-01,148567,Mirae Asset Large Cap Fund - Regular - Growth,0.007609719917575308,0.9887311281067379
2026-05-04,148567,Mirae Asset Large Cap Fund - Regular - Growth,-0.0022449876427751425,0.891576957711474
2026-05-05,148567,Mirae Asset Large Cap Fund - Regular - Growth,0.01802648437343435,1.202664443650216
2026-05-06,148567,Mirae Asset Large Cap Fund - Regular - Growth,-0.0033309619176892236,0.9439133441163194
2026-05-07,148567,Mirae Asset Large Cap Fund - Regular - Growth,-0.005510102660979288,0.7440295788224544
2026-05-08,148567,Mirae Asset Large Cap Fund - Regular - Growth,-0.0003704292115450647,0.9324968064815887
2026-05-11,148567,Mirae Asset Large Cap Fund - Regular - Growth,-0.005887304003172167,0.7050021000389859
2026-05-12,148567,Mirae Asset Large Cap Fund - Regular - Growth,-0.010441387405163094,0.33743660854342084
2026-05-13,148567,Mirae Asset Large Cap Fund - Regular - Growth,0.006956891588302039,0.666977037109134
2026-05-14,148567,Mirae Asset Large Cap Fund - Regular - Growth,-0.026146310796557493,0.5265371246648309
2026-05-15,148567,Mirae Asset Large Cap Fund - Regular - Growth,-0.0057952339464791836,0.580874811475138
2026-05-18,148567,Mirae Asset Large Cap Fund - Regular - Growth,-0.011253476948570706,0.37529204979353165
2026-05-19,148567,Mirae Asset Large Cap Fund - Regular - Growth,0.0017713008222888238,0.2342901985656673
2026-05-20,148567,Mirae Asset Large Cap Fund - Regular - Growth,-0.018615066693639548,0.023920919694667156
2026-05-21,148567,Mirae Asset Large Cap Fund - Regular - Growth,0.005361635322691738,0.022737142039060607
2026-05-22,148567,Mirae Asset Large Cap Fund - Regular - Growth,0.006322307936538207,0.6101672308798134
2026-05-25,148567,Mirae Asset Large Cap Fund - Regular - Growth,-0.013786789200620708,0.3056370687389539
2026-05-26,148567,Mirae Asset Large Cap Fund - Regular - Growth,0.0021993099588730747,0.40420711343065097
2026-05-27,148567,Mirae Asset Large Cap Fund - Regular - Growth,0.0050800164564526185,0.14323211788472787
2026-05-28,148567,Mirae Asset Large Cap Fund - Regular - Growth,0.008847367229995573,0.6266560065657031
2026-05-29,148567,Mirae Asset Large Cap Fund - Regular - Growth,-0.012361839650358308,0.37589331259284364
